provider_id,specialty,region,beneficiary_count,claims_per_beneficiary,avg_allowed_amount,risk_adjustment_score,high_level_code_rate,duplicate_claim_rate,modifier_59_rate,weekend_service_rate,denial_rate,referral_concentration,peer_z_allowed,total_allowed_amount,injected_typology,review_flag
NPI2000000000,Internal Medicine,Northeast,92,5.65,480.87,0.98,0.073,0.086,0.148,0.019,0.071,0.213,-0.94,245871.46,No injected typology,0
NPI2000000001,Pain Management,South,406,6.83,253.68,0.91,0.189,0.006,0.051,0.077,0.01,0.593,-0.77,637624.0,No injected typology,0
NPI2000000002,Home Health,Northeast,221,4.82,297.34,0.62,0.528,0.02,0.157,0.061,0.19,0.288,0.43,196943.46,No injected typology,0
NPI2000000003,Internal Medicine,Northeast,106,6.7,230.96,0.64,0.282,0.037,0.138,0.006,0.059,0.238,0.03,105051.91,No injected typology,0
NPI2000000004,Internal Medicine,Northeast,154,5.92,436.15,0.98,0.113,0.069,0.138,0.09,0.253,0.418,1.18,387960.75,No injected typology,0
NPI2000000005,Oncology,Midwest,312,3.34,609.63,1.05,0.261,0.047,0.005,0.059,0.051,0.06,0.44,664346.09,No injected typology,0
NPI2000000006,Internal Medicine,Northeast,191,4.93,572.23,1.05,0.242,0.01,0.028,0.034,0.112,0.299,-0.73,566640.65,No injected typology,0
NPI2000000007,Internal Medicine,Northeast,477,7.75,377.85,0.81,0.185,0.038,0.029,0.142,0.106,0.1,-0.17,1124747.9,No injected typology,0
NPI2000000008,Oncology,South,93,6.57,309.79,1.31,0.199,0.024,0.186,0.153,0.221,0.324,0.84,248208.93,No injected typology,0
NPI2000000009,Home Health,Northeast,199,6.9,1012.73,1.14,0.069,0.021,0.053,0.058,0.073,0.306,-1.0,1578338.82,No injected typology,0
NPI2000000010,Orthopedics,Midwest,183,7.04,1321.72,0.89,0.113,0.041,0.744,0.075,0.082,0.34,5.55,1516126.66,Unbundling/modifier abuse,1
NPI2000000011,DME Supplier,South,100,5.85,420.19,0.74,0.266,0.145,0.055,0.047,0.111,0.302,0.6,182363.14,No injected typology,0
NPI2000000012,Home Health,West,209,4.23,399.07,1.05,0.234,0.016,0.133,0.091,0.095,0.147,-0.11,371713.34,No injected typology,0
NPI2000000013,Cardiology,Midwest,259,6.95,169.26,1.22,0.514,0.014,0.148,0.048,0.134,0.12,-0.25,371759.07,No injected typology,0
NPI2000000014,Internal Medicine,Northeast,347,4.66,377.78,1.1,0.243,0.062,0.016,0.02,0.117,0.252,1.79,670112.9,No injected typology,0
NPI2000000015,Radiology,West,51,3.46,432.19,1.11,0.196,0.042,0.2,0.012,0.065,0.101,-1.15,84631.77,No injected typology,0
NPI2000000016,Home Health,Northeast,185,6.42,767.38,0.57,0.279,0.056,0.104,0.034,0.213,0.171,1.93,522168.49,No injected typology,0
NPI2000000017,DME Supplier,South,247,7.57,217.35,1.04,0.265,0.072,0.229,0.034,0.077,0.439,0.14,422731.04,No injected typology,0
NPI2000000018,Lab,Northeast,351,6.14,167.86,1.03,0.175,0.049,0.162,0.023,0.032,0.064,-0.1,371284.98,No injected typology,0
NPI2000000019,DME Supplier,Northeast,215,4.77,329.3,1.05,0.156,0.037,0.25,0.26,0.175,0.284,0.21,354758.51,No injected typology,0
NPI2000000020,Oncology,West,175,3.17,279.66,1.19,0.054,0.009,0.256,0.282,0.084,0.227,-0.53,184126.21,No injected typology,0
NPI2000000021,Cardiology,South,112,6.8,256.09,0.96,0.139,0.005,0.174,0.021,0.07,0.163,0.78,187250.37,No injected typology,0
NPI2000000022,DME Supplier,Northeast,409,7.93,279.87,1.42,0.402,0.05,0.063,0.024,0.181,0.374,-1.77,1285259.08,No injected typology,0
NPI2000000023,Pain Management,Midwest,161,5.19,392.77,0.95,0.206,0.013,0.066,0.097,0.118,0.154,1.47,311845.57,No injected typology,0
NPI2000000024,Orthopedics,West,426,6.62,208.53,1.2,0.111,0.04,0.076,0.088,0.17,0.089,-0.67,704286.15,No injected typology,0
NPI2000000025,DME Supplier,Northeast,183,4.15,565.8,1.38,0.152,0.065,0.118,0.076,0.062,0.203,-0.34,590196.89,No injected typology,0
NPI2000000026,Cardiology,West,205,4.83,330.06,0.55,0.147,0.02,0.132,0.208,0.065,0.164,-0.24,179719.07,No injected typology,0
NPI2000000027,Lab,Northeast,105,6.83,187.86,1.21,0.196,0.054,0.152,0.03,0.089,0.171,0.04,163059.23,No injected typology,0
NPI2000000028,Lab,South,76,6.49,214.81,0.84,0.17,0.074,0.243,0.139,0.089,0.097,-1.9,88849.18,No injected typology,0
NPI2000000029,Internal Medicine,Northeast,203,4.95,174.81,1.13,0.3,0.001,0.094,0.048,0.046,0.181,0.52,198549.26,No injected typology,0
NPI2000000030,Pain Management,South,153,4.79,426.6,1.24,0.065,0.053,0.18,0.07,0.11,0.413,-0.66,387416.42,No injected typology,0
NPI2000000031,Cardiology,Northeast,380,6.24,387.84,1.03,0.233,0.018,0.019,0.12,0.317,0.119,0.27,942883.94,No injected typology,0
NPI2000000032,Internal Medicine,Northeast,74,6.22,279.99,1.2,0.349,0.084,0.173,0.031,0.13,0.285,0.17,154191.33,No injected typology,0
NPI2000000033,Lab,Midwest,76,5.64,525.41,1.0,0.157,0.089,0.057,0.13,0.222,0.149,0.99,225243.84,No injected typology,0
NPI2000000034,Orthopedics,South,320,6.08,239.54,0.95,0.045,0.042,0.165,0.002,0.294,0.113,-0.87,442873.79,No injected typology,0
NPI2000000035,Internal Medicine,South,98,7.73,320.07,0.98,0.628,0.0,0.226,0.111,0.09,0.29,0.72,238462.09,No injected typology,0
NPI2000000036,Home Health,South,86,5.45,589.15,1.22,0.331,0.046,0.065,0.09,0.026,0.248,1.61,337930.22,No injected typology,0
NPI2000000037,Cardiology,South,47,8.11,342.84,0.55,0.115,0.052,0.664,0.045,0.085,0.049,3.36,71910.33,Unbundling/modifier abuse,1
NPI2000000038,Lab,South,95,6.56,166.53,1.13,0.123,0.007,0.148,0.028,0.105,0.161,-0.17,116898.68,No injected typology,0
NPI2000000039,Cardiology,Northeast,235,6.95,545.06,1.26,0.249,0.002,0.088,0.055,0.121,0.027,-1.1,1120242.81,No injected typology,0
NPI2000000040,Internal Medicine,Midwest,287,3.93,203.09,0.58,0.064,0.028,0.058,0.123,0.015,0.153,0.64,132426.22,No injected typology,0
NPI2000000041,Cardiology,Northeast,53,4.99,442.83,1.6,0.677,0.006,0.212,0.027,0.059,0.151,4.91,187826.05,Upcoding,1
NPI2000000042,Orthopedics,Northeast,200,5.87,639.26,0.55,0.23,0.035,0.033,0.073,0.056,0.405,0.28,412591.7,No injected typology,0
NPI2000000043,Pain Management,Midwest,91,4.72,763.06,0.99,0.181,0.012,0.239,0.129,0.05,0.128,0.91,324249.06,No injected typology,0
NPI2000000044,Lab,Northeast,106,7.55,292.45,1.08,0.086,0.017,0.179,0.002,0.147,0.093,0.26,252287.76,No injected typology,0
NPI2000000045,Home Health,Northeast,233,7.56,313.47,1.23,0.142,0.016,0.035,0.002,0.135,0.082,-0.16,679459.68,No injected typology,0
NPI2000000046,Orthopedics,Midwest,145,7.63,492.39,1.02,0.073,0.01,0.061,0.097,0.207,0.233,0.14,554121.39,No injected typology,0
NPI2000000047,Internal Medicine,Northeast,192,5.64,687.77,1.11,0.078,0.022,0.017,0.043,0.16,0.336,0.65,825678.81,No injected typology,0
NPI2000000048,Internal Medicine,West,235,4.04,232.2,0.91,0.071,0.11,0.182,0.033,0.029,0.366,-0.75,199840.67,No injected typology,0
NPI2000000049,Oncology,West,232,2.52,849.4,0.7,0.231,0.044,0.071,0.052,0.031,0.166,1.24,347737.87,No injected typology,0
NPI2000000050,Pain Management,South,197,6.99,609.3,0.94,0.201,0.064,0.247,0.118,0.046,0.191,1.39,784737.47,No injected typology,0
NPI2000000051,Home Health,Midwest,272,5.1,765.0,0.55,0.132,0.013,0.091,0.062,0.064,0.438,1.26,583412.71,No injected typology,0
NPI2000000052,Internal Medicine,South,119,3.39,583.26,1.22,0.417,0.009,0.097,0.059,0.405,0.026,-0.0,286683.14,No injected typology,0
NPI2000000053,Internal Medicine,Northeast,93,5.4,854.74,1.04,0.333,0.014,0.001,0.141,0.165,0.17,0.3,446653.64,No injected typology,0
NPI2000000054,Lab,West,97,8.42,658.24,0.8,0.158,0.011,0.062,0.033,0.04,0.135,-0.81,429745.03,No injected typology,0
NPI2000000055,DME Supplier,South,163,5.86,280.25,1.17,0.087,0.022,0.234,0.028,0.108,0.22,-1.63,312760.8,No injected typology,0
NPI2000000056,Cardiology,Midwest,100,5.59,803.31,0.97,0.453,0.026,0.115,0.061,0.295,0.363,1.24,434742.34,No injected typology,0
NPI2000000057,Cardiology,Midwest,183,7.25,352.17,1.21,0.068,0.051,0.066,0.016,0.209,0.295,-0.83,566689.6,No injected typology,0
NPI2000000058,Internal Medicine,Midwest,147,6.29,139.96,0.96,0.731,0.016,0.008,0.113,0.115,0.269,1.9,124277.26,No injected typology,0
NPI2000000059,Internal Medicine,West,402,5.51,416.49,1.01,0.133,0.015,0.038,0.032,0.132,0.188,0.37,929399.26,No injected typology,0
NPI2000000060,Internal Medicine,South,91,6.97,321.03,1.16,0.195,0.058,0.098,0.131,0.116,0.164,0.28,237220.31,No injected typology,0
NPI2000000061,Lab,Northeast,337,3.88,337.18,0.85,0.269,0.006,0.049,0.058,0.07,0.289,-1.43,374378.98,No injected typology,0
NPI2000000062,Pain Management,Northeast,250,2.62,465.91,0.77,0.064,0.021,0.119,0.053,0.056,0.304,1.17,233574.34,No injected typology,0
NPI2000000063,Internal Medicine,West,650,4.52,209.06,1.24,0.103,0.053,0.125,0.017,0.09,0.107,-1.3,760095.29,No injected typology,0
NPI2000000064,Radiology,Midwest,112,8.34,476.61,1.33,0.753,0.017,0.301,0.027,0.022,0.382,4.09,592953.34,Upcoding,1
NPI2000000065,Internal Medicine,Midwest,230,7.52,199.27,1.09,0.096,0.041,0.036,0.079,0.199,0.338,-1.32,374148.95,No injected typology,0
NPI2000000066,Internal Medicine,South,118,3.23,486.18,0.84,0.298,0.01,0.193,0.076,0.134,0.129,1.13,154733.08,No injected typology,0
NPI2000000067,DME Supplier,Midwest,131,7.36,305.43,1.01,0.598,0.008,0.094,0.032,0.018,0.514,-0.11,297942.34,No injected typology,0
NPI2000000068,Lab,South,197,3.6,385.99,1.07,0.129,0.044,0.089,0.021,0.173,0.414,-0.92,293874.21,No injected typology,0
NPI2000000069,Internal Medicine,South,290,6.26,355.69,0.91,0.146,0.01,0.105,0.007,0.098,0.435,0.4,590080.48,No injected typology,0
NPI2000000070,Lab,Northeast,399,7.05,264.86,1.2,0.457,0.031,0.007,0.058,0.166,0.024,-0.36,897050.61,No injected typology,0
NPI2000000071,Internal Medicine,South,134,4.79,495.8,1.27,0.301,0.038,0.087,0.033,0.065,0.061,0.39,402275.41,No injected typology,0
NPI2000000072,Internal Medicine,West,109,6.56,549.09,1.47,0.583,0.064,0.072,0.038,0.17,0.339,-0.27,578535.7,No injected typology,0
NPI2000000073,Internal Medicine,South,178,3.63,329.06,1.28,0.059,0.067,0.155,0.017,0.017,0.299,-0.9,273039.0,No injected typology,0
NPI2000000074,Cardiology,Midwest,325,8.43,579.93,1.21,0.148,0.386,0.251,0.022,0.197,0.249,1.81,1928425.59,Duplicate billing,1
NPI2000000075,Radiology,Midwest,240,9.18,1544.11,1.07,0.361,0.069,0.034,0.236,0.091,0.122,0.29,3649141.16,No injected typology,0
NPI2000000076,Pain Management,West,251,7.31,458.81,0.94,0.154,0.046,0.106,0.076,0.206,0.334,0.84,795129.27,No injected typology,0
NPI2000000077,Lab,South,295,4.39,508.92,0.9,0.353,0.005,0.058,0.037,0.336,0.184,0.09,596714.3,No injected typology,0
NPI2000000078,Cardiology,Midwest,172,5.45,285.51,0.87,0.267,0.022,0.259,0.004,0.102,0.273,-1.1,233457.28,No injected typology,0
NPI2000000079,Cardiology,South,242,5.18,656.16,0.8,0.108,0.013,0.072,0.002,0.058,0.184,-0.7,657948.81,No injected typology,0
NPI2000000080,Cardiology,Midwest,576,5.99,456.15,1.13,0.038,0.117,0.064,0.066,0.058,0.363,-0.88,1784553.32,No injected typology,0
NPI2000000081,Oncology,West,237,6.79,608.28,0.92,0.189,0.004,0.354,0.167,0.135,0.1,0.46,904967.17,No injected typology,0
NPI2000000082,Oncology,Northeast,115,5.67,321.6,1.0,0.458,0.014,0.118,0.026,0.007,0.206,0.63,208836.75,No injected typology,0
NPI2000000083,Orthopedics,Northeast,135,7.45,526.31,1.02,0.08,0.088,0.175,0.136,0.064,0.077,0.03,541107.45,No injected typology,0
NPI2000000084,Pain Management,West,147,10.3,344.61,0.84,0.105,0.025,0.296,0.699,0.114,0.311,1.07,439274.46,Impossible frequency,1
NPI2000000085,Cardiology,Midwest,203,8.82,345.54,0.93,0.069,0.03,0.092,0.1,0.075,0.252,-0.11,572794.68,No injected typology,0
NPI2000000086,Radiology,Midwest,246,7.47,384.21,1.03,0.123,0.036,0.157,0.03,0.059,0.332,0.26,725710.31,No injected typology,0
NPI2000000087,Internal Medicine,West,67,4.88,435.59,0.96,0.162,0.027,0.071,0.258,0.073,0.187,1.66,136927.33,No injected typology,0
NPI2000000088,Internal Medicine,West,108,7.0,494.83,0.97,0.071,0.012,0.021,0.013,0.161,0.235,0.28,363353.42,No injected typology,0
NPI2000000089,Orthopedics,South,133,3.67,169.97,1.14,0.574,0.012,0.148,0.042,0.21,0.381,-1.56,94096.07,No injected typology,0
NPI2000000090,Cardiology,Northeast,91,5.29,545.03,1.4,0.11,0.041,0.115,0.041,0.188,0.257,1.38,367776.63,No injected typology,0
NPI2000000091,Lab,Midwest,50,9.99,476.78,1.35,0.017,0.009,0.172,0.036,0.091,0.046,0.42,320759.89,No injected typology,0
NPI2000000092,Radiology,Northeast,79,8.01,237.45,1.67,0.172,0.018,0.077,0.144,0.08,0.269,-0.24,250570.12,No injected typology,0
NPI2000000093,DME Supplier,Northeast,312,8.39,623.78,0.93,0.185,0.028,0.119,0.048,0.202,0.078,0.09,1520702.67,No injected typology,0
NPI2000000094,Home Health,Northeast,75,4.52,282.72,1.21,0.41,0.022,0.077,0.028,0.038,0.299,0.05,116024.55,No injected typology,0
NPI2000000095,Home Health,Midwest,433,5.35,308.33,1.26,0.423,0.032,0.034,0.001,0.068,0.32,-0.18,896926.32,No injected typology,0
NPI2000000096,Radiology,South,170,5.32,349.19,0.69,0.357,0.068,0.052,0.051,0.045,0.288,-0.31,217738.64,No injected typology,0
NPI2000000097,Oncology,Northeast,181,7.08,294.8,0.78,0.109,0.021,0.103,0.032,0.237,0.182,0.35,294404.6,No injected typology,0
NPI2000000098,Internal Medicine,Northeast,510,6.18,497.15,0.97,0.215,0.044,0.181,0.019,0.175,0.052,0.17,1511501.39,No injected typology,0
NPI2000000099,Home Health,Northeast,537,5.82,279.03,0.88,0.18,0.078,0.152,0.149,0.174,0.552,-0.14,766181.75,No injected typology,0
NPI2000000100,Internal Medicine,Northeast,81,5.05,260.15,0.9,0.141,0.025,0.163,0.002,0.016,0.116,-0.25,95662.35,No injected typology,0
NPI2000000101,Pain Management,Northeast,307,4.64,660.35,0.98,0.135,0.053,0.023,0.129,0.052,0.553,-0.62,919755.53,No injected typology,0
NPI2000000102,Radiology,Midwest,240,7.28,490.87,0.85,0.325,0.036,0.083,0.08,0.085,0.396,0.47,726964.12,No injected typology,0
NPI2000000103,Lab,Midwest,108,4.35,380.46,0.75,0.322,0.018,0.029,0.001,0.094,0.428,0.07,134426.64,No injected typology,0
NPI2000000104,Radiology,Northeast,136,5.22,538.2,1.02,0.489,0.051,0.853,0.216,0.077,0.392,2.91,389103.32,Unbundling/modifier abuse,1
NPI2000000105,Internal Medicine,Northeast,95,7.58,270.09,1.03,0.332,0.103,0.142,0.058,0.109,0.381,0.04,200262.19,No injected typology,0
NPI2000000106,Orthopedics,Northeast,452,7.2,358.23,0.87,0.226,0.004,0.021,0.056,0.105,0.188,0.61,1012583.5,No injected typology,0
NPI2000000107,Internal Medicine,South,810,6.28,367.83,1.04,0.395,0.437,0.733,0.005,0.299,0.346,3.31,1946957.12,Duplicate billing,1
NPI2000000108,Oncology,Northeast,69,7.77,350.11,1.29,0.164,0.421,0.192,0.046,0.011,0.413,-0.6,243094.39,Duplicate billing,1
NPI2000000109,Internal Medicine,South,103,3.93,221.97,0.77,0.024,0.051,0.095,0.052,0.027,0.433,0.59,68979.1,No injected typology,0
NPI2000000110,Cardiology,West,150,7.15,325.3,1.03,0.266,0.029,0.179,0.132,0.047,0.134,0.91,358978.59,No injected typology,0
NPI2000000111,Orthopedics,Northeast,94,6.74,557.78,0.87,0.05,0.001,0.143,0.005,0.049,0.168,0.02,308734.22,No injected typology,0
NPI2000000112,Internal Medicine,Northeast,316,8.49,197.61,1.18,0.158,0.014,0.069,0.098,0.115,0.268,0.47,625779.24,No injected typology,0
NPI2000000113,Lab,South,192,6.03,210.02,1.23,0.006,0.024,0.111,0.098,0.072,0.346,0.84,300197.65,No injected typology,0
NPI2000000114,Home Health,South,142,4.34,353.67,1.09,0.118,0.02,0.119,0.05,0.055,0.379,1.32,238326.0,No injected typology,0
NPI2000000115,Internal Medicine,Northeast,60,6.62,335.29,1.05,0.076,0.018,0.05,0.005,0.147,0.156,0.42,139711.71,No injected typology,0
NPI2000000116,Pain Management,West,63,3.93,401.54,0.97,0.071,0.025,0.089,0.049,0.186,0.19,2.11,96079.91,No injected typology,0
NPI2000000117,Internal Medicine,Northeast,167,5.24,645.77,1.44,0.143,0.001,0.153,0.043,0.014,0.118,0.96,813658.93,No injected typology,0
NPI2000000118,Home Health,South,51,4.67,395.88,0.55,0.207,0.027,0.032,0.101,0.126,0.118,0.14,51873.76,No injected typology,0
NPI2000000119,Cardiology,Northeast,271,7.74,321.79,1.03,0.059,0.016,0.161,0.003,0.149,0.365,-0.57,694790.47,No injected typology,0
NPI2000000120,Internal Medicine,South,125,7.25,120.08,0.66,0.4,0.02,0.08,0.113,0.212,0.084,0.38,72030.43,No injected typology,0
NPI2000000121,Internal Medicine,Northeast,307,4.55,646.94,1.14,0.065,0.073,0.164,0.112,0.095,0.163,0.86,1035147.23,No injected typology,0
NPI2000000122,DME Supplier,South,200,6.35,260.16,1.01,0.114,0.014,0.017,0.112,0.081,0.539,-1.03,334792.35,No injected typology,0
NPI2000000123,Home Health,South,238,5.68,538.74,1.02,0.243,0.07,0.069,0.035,0.111,0.133,0.12,743492.43,No injected typology,0
NPI2000000124,Orthopedics,Midwest,212,4.47,514.53,1.0,0.367,0.119,0.137,0.001,0.096,0.269,0.17,485681.6,No injected typology,0
NPI2000000125,Home Health,South,111,7.49,644.44,1.24,0.17,0.003,0.065,0.022,0.104,0.226,0.37,664561.01,No injected typology,0
NPI2000000126,Orthopedics,Midwest,115,6.22,328.65,1.37,0.124,0.024,0.02,0.036,0.118,0.374,-1.98,322220.34,No injected typology,0
NPI2000000127,Internal Medicine,Midwest,132,8.57,309.24,0.99,0.174,0.036,0.102,0.095,0.126,0.337,-0.44,345579.81,No injected typology,0
NPI2000000128,Cardiology,South,179,6.55,326.35,0.74,0.358,0.071,0.126,0.003,0.03,0.142,-1.18,283218.76,No injected typology,0
NPI2000000129,Orthopedics,Northeast,267,5.89,786.57,0.75,0.092,0.061,0.216,0.032,0.153,0.128,1.33,926958.17,No injected typology,0
NPI2000000130,Oncology,Northeast,146,5.49,310.07,1.07,0.253,0.002,0.193,0.056,0.158,0.055,-0.34,265723.62,No injected typology,0
NPI2000000131,Internal Medicine,South,374,4.45,305.88,0.86,0.282,0.03,1.0,0.045,0.192,0.304,3.54,437722.7,Unbundling/modifier abuse,1
NPI2000000132,Internal Medicine,South,128,4.96,462.3,1.16,0.386,0.025,0.191,0.042,0.058,0.154,-0.43,340219.44,No injected typology,0
NPI2000000133,DME Supplier,South,83,5.16,240.36,1.68,0.253,0.116,0.096,0.06,0.1,0.569,0.46,172655.57,No injected typology,0
NPI2000000134,Oncology,South,106,6.38,235.47,1.27,0.246,0.053,0.049,0.062,0.114,0.368,0.89,202241.86,No injected typology,0
NPI2000000135,Lab,South,113,7.06,250.8,1.31,0.098,0.024,0.148,0.063,0.049,0.263,-0.58,262574.91,No injected typology,0
NPI2000000136,Radiology,Midwest,393,6.96,411.39,1.16,0.067,0.009,0.051,0.006,0.07,0.137,0.55,1306102.36,No injected typology,0
NPI2000000137,Internal Medicine,West,277,4.87,274.38,0.91,0.161,0.003,0.018,0.002,0.122,0.173,-1.52,335850.06,No injected typology,0
NPI2000000138,Lab,Midwest,213,6.73,213.02,1.07,0.24,0.003,0.081,0.002,0.032,0.183,-1.34,327479.86,No injected typology,0
NPI2000000139,Home Health,Midwest,159,7.11,753.72,1.02,0.22,0.123,0.008,0.067,0.152,0.085,-0.87,865233.63,No injected typology,0
NPI2000000140,Internal Medicine,Midwest,198,10.18,418.01,0.98,0.08,0.049,0.286,0.029,0.06,0.197,-0.66,830125.93,No injected typology,0
NPI2000000141,Pain Management,Northeast,80,7.29,227.39,1.06,0.105,0.053,0.052,0.087,0.095,0.423,-0.43,140791.81,No injected typology,0
NPI2000000142,Internal Medicine,West,733,4.5,192.72,0.98,0.13,0.025,0.032,0.089,0.042,0.106,-0.93,623069.42,No injected typology,0
NPI2000000143,Lab,West,236,5.12,312.71,1.25,0.082,0.065,0.126,0.064,0.103,0.169,-0.06,474500.64,No injected typology,0
NPI2000000144,Radiology,West,313,4.98,246.47,1.06,0.283,0.037,0.344,0.005,0.021,0.427,-1.74,408363.99,No injected typology,0
NPI2000000145,Lab,Midwest,343,7.82,224.44,1.21,0.059,0.11,0.068,0.189,0.159,0.258,0.19,725801.06,No injected typology,0
NPI2000000146,Radiology,West,163,5.22,284.05,0.76,0.073,0.006,0.028,0.013,0.078,0.186,1.65,184204.78,No injected typology,0
NPI2000000147,Cardiology,West,154,8.23,353.32,0.65,0.239,0.015,0.003,0.01,0.22,0.094,0.89,291391.11,No injected typology,0
NPI2000000148,Radiology,Northeast,95,4.61,682.28,0.84,0.332,0.052,0.019,0.006,0.153,0.255,-0.1,250557.61,No injected typology,0
NPI2000000149,Cardiology,South,159,6.36,449.69,1.22,0.281,0.047,0.123,0.136,0.026,0.12,1.93,555349.26,No injected typology,0
NPI2000000150,Internal Medicine,Northeast,150,7.3,606.32,0.84,0.014,0.003,0.096,0.113,0.186,0.06,-0.2,555175.77,No injected typology,0
NPI2000000151,Orthopedics,West,54,6.48,661.51,0.88,0.243,0.486,0.125,0.009,0.062,0.153,-0.18,204372.87,Duplicate billing,1
NPI2000000152,Pain Management,Midwest,194,8.29,482.57,1.01,0.066,0.058,0.08,0.092,0.081,0.224,-0.13,780822.43,No injected typology,0
NPI2000000153,Cardiology,West,80,6.28,516.58,1.12,0.114,0.037,0.077,0.027,0.235,0.196,-0.46,289201.14,No injected typology,0
NPI2000000154,Home Health,South,147,7.12,573.79,0.84,0.074,0.062,0.113,0.124,0.177,0.064,0.31,504970.42,No injected typology,0
NPI2000000155,Home Health,South,656,7.32,466.11,1.2,0.362,0.02,0.047,0.026,0.13,0.092,-1.69,2677825.08,No injected typology,0
NPI2000000156,Cardiology,Midwest,468,8.6,346.49,1.25,0.275,0.323,0.006,0.045,0.125,0.216,-0.11,1738887.88,Duplicate billing,1
NPI2000000157,Home Health,South,68,5.04,105.87,1.14,0.051,0.022,0.059,0.177,0.026,0.062,-0.96,41300.48,No injected typology,0
NPI2000000158,Orthopedics,Northeast,186,4.01,181.22,1.25,0.259,0.01,0.183,0.019,0.294,0.161,0.06,169262.69,No injected typology,0
NPI2000000159,Radiology,Northeast,206,6.61,588.69,0.96,0.077,0.007,0.088,0.001,0.054,0.301,0.35,772307.36,No injected typology,0
NPI2000000160,Cardiology,Midwest,430,5.72,121.71,1.13,0.192,0.047,0.026,0.089,0.025,0.162,0.5,339322.34,No injected typology,0
NPI2000000161,Radiology,South,558,5.97,757.34,0.88,0.973,0.038,0.026,0.101,0.069,0.217,5.26,2209826.79,Upcoding,1
NPI2000000162,Orthopedics,South,169,6.49,208.42,1.32,0.239,0.031,0.252,0.028,0.079,0.091,-0.2,302451.75,No injected typology,0
NPI2000000163,DME Supplier,Northeast,121,6.3,271.11,0.7,0.137,0.031,0.072,0.086,0.118,0.237,2.36,145219.71,No injected typology,0
NPI2000000164,Home Health,West,210,4.88,439.87,1.37,0.119,0.08,0.006,0.026,0.039,0.453,0.38,618444.15,No injected typology,0
NPI2000000165,DME Supplier,Northeast,225,6.48,683.7,0.75,0.047,0.066,0.071,0.021,0.106,0.16,0.8,746788.98,No injected typology,0
NPI2000000166,Cardiology,West,56,6.87,444.55,0.84,0.19,0.009,0.258,0.004,0.05,0.437,-0.64,144194.87,No injected typology,0
NPI2000000167,Oncology,South,200,6.79,456.16,0.86,0.347,0.054,0.091,0.04,0.044,0.163,1.33,530279.0,No injected typology,0
NPI2000000168,Internal Medicine,West,130,3.36,209.81,1.12,0.064,0.013,0.018,0.041,0.078,0.228,0.68,102558.2,No injected typology,0
NPI2000000169,Orthopedics,Northeast,454,6.58,286.31,1.12,0.104,0.005,0.203,0.057,0.001,0.129,-0.35,957161.88,No injected typology,0
NPI2000000170,DME Supplier,South,242,3.88,486.57,0.86,0.03,0.069,0.048,0.006,0.08,0.116,-1.68,394014.3,No injected typology,0
NPI2000000171,Internal Medicine,South,194,6.9,273.26,1.03,0.216,0.077,0.137,0.048,0.263,0.031,0.08,376364.35,No injected typology,0
NPI2000000172,Internal Medicine,Northeast,275,4.6,395.85,1.01,0.294,0.046,0.173,0.136,0.042,0.481,-1.68,508484.79,No injected typology,0
NPI2000000173,Radiology,South,151,5.23,186.62,1.05,0.131,0.004,0.167,0.062,0.122,0.378,-0.76,155004.52,No injected typology,0
NPI2000000174,Radiology,South,183,8.45,263.28,0.89,0.167,0.044,0.147,0.159,0.207,0.056,-0.24,361027.22,No injected typology,0
NPI2000000175,Home Health,West,205,6.92,670.3,1.45,0.286,0.011,0.396,0.019,0.012,0.551,1.02,1380880.87,No injected typology,0
NPI2000000176,Lab,West,56,6.89,352.5,1.08,0.052,0.008,0.164,0.073,0.314,0.226,0.63,147187.84,No injected typology,0
NPI2000000177,Radiology,Midwest,282,6.8,143.6,1.05,0.075,0.012,0.064,0.01,0.014,0.25,-0.15,289568.74,No injected typology,0
NPI2000000178,Cardiology,Midwest,306,5.86,234.94,0.87,0.264,0.008,0.175,0.0,0.047,0.249,-0.16,366945.0,No injected typology,0
NPI2000000179,Home Health,Midwest,260,8.05,159.74,1.07,0.039,0.003,0.095,0.033,0.167,0.079,0.9,358995.38,No injected typology,0
NPI2000000180,Orthopedics,South,323,5.81,408.17,0.96,0.12,0.035,0.046,0.134,0.059,0.149,-1.17,739403.63,No injected typology,0
NPI2000000181,Radiology,West,82,5.81,230.32,0.77,0.271,0.016,0.183,0.091,0.081,0.411,-0.69,84107.3,No injected typology,0
NPI2000000182,Orthopedics,West,189,7.71,148.59,1.15,0.318,0.028,0.15,0.006,0.097,0.176,-0.9,248648.73,No injected typology,0
NPI2000000183,Internal Medicine,Northeast,149,5.45,473.39,0.81,0.286,0.053,0.293,0.004,0.105,0.478,-1.59,312770.2,No injected typology,0
NPI2000000184,Lab,South,144,6.66,255.42,1.1,0.133,0.036,0.081,0.029,0.037,0.319,-0.67,269565.47,No injected typology,0
NPI2000000185,Home Health,Northeast,80,7.42,145.46,0.85,0.137,0.022,0.197,0.075,0.153,0.081,0.21,73671.15,No injected typology,0
NPI2000000186,Radiology,West,95,5.25,295.7,0.8,0.047,0.11,0.118,0.137,0.162,0.115,1.27,117917.0,No injected typology,0
NPI2000000187,DME Supplier,West,154,8.74,605.35,1.03,0.07,0.027,0.12,0.02,0.037,0.227,0.22,836342.36,No injected typology,0
NPI2000000188,Radiology,Midwest,86,7.72,668.79,1.07,0.439,0.049,0.181,0.089,0.073,0.311,-0.02,474476.31,No injected typology,0
NPI2000000189,Pain Management,Midwest,133,6.46,119.09,1.22,0.335,0.019,0.165,0.064,0.031,0.267,-0.99,124808.82,No injected typology,0
NPI2000000190,DME Supplier,Northeast,81,7.7,348.06,1.18,0.231,0.031,0.188,0.161,0.391,0.118,0.5,255031.37,No injected typology,0
NPI2000000191,Internal Medicine,South,218,5.81,634.8,0.79,0.115,0.057,0.029,0.006,0.119,0.213,0.76,635777.27,No injected typology,0
NPI2000000192,DME Supplier,South,559,2.95,514.74,1.11,0.24,0.04,0.078,0.038,0.15,0.413,0.1,940872.62,No injected typology,0
NPI2000000193,Lab,South,210,6.73,358.95,0.91,0.214,0.023,0.048,0.076,0.111,0.062,0.53,460886.82,No injected typology,0
NPI2000000194,Radiology,Northeast,155,7.06,324.47,1.19,0.086,0.026,0.025,0.096,0.314,0.318,0.02,423920.32,No injected typology,0
NPI2000000195,Lab,South,71,7.61,484.73,1.17,0.151,0.02,0.109,0.036,0.048,0.134,-0.36,305082.57,No injected typology,0
NPI2000000196,Pain Management,South,106,6.58,730.69,0.72,0.114,0.075,0.085,0.0,0.02,0.153,1.01,365255.53,No injected typology,0
NPI2000000197,Lab,West,242,6.34,212.48,0.91,0.579,0.022,0.099,0.016,0.199,0.174,-0.17,296797.33,No injected typology,0
NPI2000000198,Internal Medicine,Northeast,180,7.01,375.12,1.09,0.199,0.022,0.206,0.14,0.054,0.211,-0.33,517562.9,No injected typology,0
NPI2000000199,Lab,South,141,6.1,403.49,1.15,0.124,0.376,0.034,0.038,0.024,0.3,1.03,398437.97,Duplicate billing,1
NPI2000000200,Orthopedics,Midwest,52,5.44,325.09,1.1,0.078,0.009,0.049,0.021,0.138,0.228,-0.44,100699.13,No injected typology,0
NPI2000000201,Internal Medicine,South,82,7.5,336.46,1.18,0.11,0.055,0.037,0.084,0.112,0.156,-2.03,244544.0,No injected typology,0
NPI2000000202,Home Health,South,203,7.11,510.37,1.29,0.086,0.014,0.109,0.184,0.115,0.359,-2.12,948135.2,No injected typology,0
NPI2000000203,Pain Management,Midwest,88,7.62,266.4,0.99,0.063,0.002,0.045,0.017,0.017,0.375,-0.72,177187.32,No injected typology,0
NPI2000000204,Orthopedics,West,264,6.48,315.47,1.42,0.342,0.013,0.041,0.022,0.136,0.157,-1.06,767967.13,No injected typology,0
NPI2000000205,Lab,South,172,7.43,344.34,1.28,0.229,0.016,0.085,0.04,0.148,0.06,-0.79,564698.22,No injected typology,0
NPI2000000206,Internal Medicine,Midwest,89,5.93,584.61,0.55,0.066,0.08,0.081,0.12,0.029,0.311,-0.29,169568.49,No injected typology,0
NPI2000000207,Home Health,West,485,2.76,284.42,1.27,0.09,0.016,0.097,0.004,0.07,0.24,0.33,482805.01,No injected typology,0
NPI2000000208,Orthopedics,Midwest,35,5.22,143.95,1.26,0.296,0.026,0.05,0.094,0.084,0.359,0.98,33184.09,No injected typology,0
NPI2000000209,DME Supplier,South,124,7.2,430.68,0.63,0.245,0.442,0.037,0.114,0.256,0.234,0.64,242486.28,Duplicate billing,1
NPI2000000210,Pain Management,South,65,7.67,594.1,1.26,0.285,0.031,0.061,0.028,0.113,0.148,0.36,374409.74,No injected typology,0
NPI2000000211,Internal Medicine,Northeast,130,4.7,242.57,0.61,0.486,0.003,0.222,0.016,0.129,0.077,-0.47,89867.13,No injected typology,0
NPI2000000212,DME Supplier,Midwest,223,7.05,433.95,1.19,0.222,0.06,0.149,0.013,0.047,0.237,-0.26,811036.68,No injected typology,0
NPI2000000213,Lab,Midwest,361,4.59,559.48,0.89,0.175,0.01,0.147,0.1,0.087,0.365,-0.96,824937.85,No injected typology,0
NPI2000000214,Internal Medicine,West,207,6.76,1238.17,1.24,0.395,0.003,0.556,0.112,0.046,0.103,4.98,2143108.93,Unbundling/modifier abuse,1
NPI2000000215,Internal Medicine,Midwest,142,9.18,153.16,1.05,0.147,0.005,0.009,0.109,0.152,0.234,0.11,209769.23,No injected typology,0
NPI2000000216,Internal Medicine,West,186,7.02,305.12,1.2,0.161,0.017,0.016,0.012,0.115,0.183,2.19,476628.81,No injected typology,0
NPI2000000217,Pain Management,South,77,6.99,550.61,0.9,0.039,0.018,0.216,0.045,0.18,0.139,0.71,266724.77,No injected typology,0
NPI2000000218,Oncology,South,149,7.9,293.16,1.08,0.354,0.347,0.298,0.008,0.121,0.075,0.33,371310.82,Duplicate billing,1
NPI2000000219,Internal Medicine,Midwest,260,6.91,967.92,0.89,0.715,0.083,0.068,0.05,0.261,0.256,5.16,1549894.7,Upcoding,1
NPI2000000220,Oncology,Midwest,193,6.12,274.32,1.08,0.023,0.024,0.034,0.084,0.261,0.104,0.12,348939.12,No injected typology,0
NPI2000000221,DME Supplier,West,245,5.68,194.39,0.99,0.399,0.068,0.097,0.055,0.173,0.195,-2.76,266864.01,No injected typology,0
NPI2000000222,Internal Medicine,South,123,5.17,484.34,1.12,0.264,0.021,0.101,0.092,0.127,0.257,1.35,345398.43,No injected typology,0
NPI2000000223,Orthopedics,West,232,4.73,253.24,0.87,0.108,0.033,0.054,0.091,0.047,0.331,-2.67,240609.89,No injected typology,0
NPI2000000224,Cardiology,South,149,5.82,177.97,0.73,0.149,0.1,0.15,0.077,0.157,0.17,-1.65,113292.83,No injected typology,0
NPI2000000225,Radiology,South,93,5.72,514.29,1.05,0.135,0.009,0.279,0.03,0.055,0.169,0.92,286430.68,No injected typology,0
NPI2000000226,DME Supplier,South,62,8.98,675.3,1.1,0.28,0.018,0.027,0.024,0.158,0.589,-0.9,414594.32,No injected typology,0
NPI2000000227,Cardiology,Midwest,39,6.3,211.59,1.29,0.087,0.024,0.097,0.032,0.089,0.054,1.85,66925.42,No injected typology,0
NPI2000000228,Cardiology,Northeast,93,5.82,361.87,1.28,0.956,0.028,0.116,0.082,0.095,0.281,5.54,250195.49,Upcoding,1
NPI2000000229,Lab,South,120,9.35,182.98,1.17,0.247,0.002,0.148,0.107,0.151,0.236,-0.92,239454.71,No injected typology,0
NPI2000000230,Radiology,South,178,6.0,410.14,0.88,0.181,0.063,0.758,0.045,0.036,0.134,2.44,385415.19,Unbundling/modifier abuse,1
NPI2000000231,Pain Management,West,99,5.92,345.66,0.98,0.077,0.078,0.278,0.043,0.089,0.192,-1.21,198643.2,No injected typology,0
NPI2000000232,Orthopedics,Midwest,78,6.6,453.19,0.97,0.196,0.505,0.146,0.004,0.128,0.168,1.33,226172.17,Duplicate billing,1
NPI2000000233,Radiology,Midwest,200,6.68,323.9,1.04,0.463,0.031,0.099,0.021,0.023,0.136,0.97,448077.1,No injected typology,0
NPI2000000234,Oncology,West,215,5.58,249.76,0.95,0.188,0.023,0.124,0.046,0.15,0.144,-1.28,283119.51,No injected typology,0
NPI2000000235,Internal Medicine,South,222,5.38,307.22,0.91,0.633,0.017,0.056,0.036,0.154,0.422,2.64,332968.48,Upcoding,1
NPI2000000236,Internal Medicine,South,206,7.63,587.14,0.55,0.224,0.079,0.098,0.005,0.074,0.051,-0.35,507866.25,No injected typology,0
NPI2000000237,Orthopedics,South,113,5.27,206.99,1.43,1.0,0.038,0.099,0.017,0.039,0.101,4.58,176085.36,Upcoding,1
NPI2000000238,Pain Management,Northeast,212,4.94,385.7,1.21,0.11,0.071,0.134,0.012,0.079,0.262,0.43,487162.9,No injected typology,0
NPI2000000239,Internal Medicine,Northeast,220,6.07,340.53,0.76,0.347,0.005,0.318,0.073,0.064,0.195,0.69,346326.18,No injected typology,0
NPI2000000240,Internal Medicine,West,289,5.74,345.04,0.87,0.194,0.095,0.164,0.046,0.062,0.246,-0.82,500459.96,No injected typology,0
NPI2000000241,Cardiology,Northeast,140,5.98,292.87,1.35,0.038,0.016,0.232,0.13,0.05,0.233,-0.55,331728.75,No injected typology,0
NPI2000000242,Orthopedics,West,86,5.8,356.2,0.69,0.252,0.002,0.034,0.091,0.414,0.143,0.37,122080.7,No injected typology,0
NPI2000000243,Radiology,West,307,6.2,390.91,1.14,0.258,0.039,0.045,0.012,0.181,0.473,-0.16,845373.5,No injected typology,0
NPI2000000244,Home Health,Northeast,291,6.36,346.28,1.09,0.372,0.029,0.2,0.076,0.106,0.328,-0.58,697285.79,No injected typology,0
NPI2000000245,Internal Medicine,South,146,7.11,519.18,1.1,0.209,0.031,0.048,0.046,0.023,0.453,1.38,592471.65,No injected typology,0
NPI2000000246,Internal Medicine,Midwest,43,3.48,416.9,1.01,0.271,0.008,0.163,0.044,0.232,0.037,0.57,62794.57,No injected typology,0
NPI2000000247,Pain Management,South,97,8.37,355.09,0.78,0.378,0.002,0.207,0.096,0.077,0.22,-0.9,223766.94,No injected typology,0
NPI2000000248,Lab,West,297,8.66,547.79,1.5,0.36,0.047,0.067,0.046,0.017,0.081,-1.05,2114939.53,No injected typology,0
NPI2000000249,Oncology,Midwest,106,5.22,449.95,1.1,0.194,0.011,0.102,0.065,0.072,0.376,0.85,273239.39,No injected typology,0
NPI2000000250,Orthopedics,Northeast,115,6.82,257.3,1.39,0.107,0.048,0.259,0.056,0.182,0.234,1.61,280520.08,No injected typology,0
NPI2000000251,Lab,West,309,4.85,192.97,1.19,0.182,0.04,0.023,0.041,0.048,0.255,-0.83,342794.99,No injected typology,0
NPI2000000252,Oncology,South,173,6.01,458.83,0.98,0.068,0.064,0.096,0.02,0.033,0.19,-1.45,469227.71,No injected typology,0
NPI2000000253,Orthopedics,Midwest,164,8.51,236.76,1.52,0.133,0.029,0.255,0.108,0.095,0.083,1.09,502030.41,No injected typology,0
NPI2000000254,Radiology,West,105,8.27,243.96,0.87,0.11,0.007,0.063,0.098,0.055,0.203,0.62,184754.42,No injected typology,0
NPI2000000255,Orthopedics,South,196,6.19,739.02,1.13,0.49,0.013,0.149,0.061,0.038,0.156,-0.75,1015386.65,No injected typology,0
NPI2000000256,Internal Medicine,Northeast,180,9.88,244.09,1.05,0.389,0.065,0.001,0.083,0.033,0.196,-2.86,457745.86,No injected typology,0
NPI2000000257,DME Supplier,Midwest,240,7.2,498.44,0.91,0.189,0.015,0.356,0.072,0.086,0.094,-1.32,784563.66,No injected typology,0
NPI2000000258,Internal Medicine,South,55,2.27,371.06,1.21,0.198,0.133,0.114,0.047,0.362,0.354,0.98,56171.28,No injected typology,0
NPI2000000259,Home Health,Midwest,337,6.08,515.04,0.87,0.151,0.016,0.108,0.072,0.176,0.319,-0.38,918687.86,No injected typology,0
NPI2000000260,Lab,South,498,9.32,528.59,0.89,0.236,0.013,0.764,0.021,0.122,0.202,4.25,2181889.2,Unbundling/modifier abuse,1
NPI2000000261,Oncology,Northeast,223,6.89,245.78,0.79,0.172,0.037,0.082,0.154,0.1,0.298,0.12,299054.42,No injected typology,0
NPI2000000262,Pain Management,South,131,8.65,333.93,0.86,0.136,0.011,0.107,0.031,0.239,0.204,1.29,324832.97,No injected typology,0
NPI2000000263,Internal Medicine,Northeast,340,6.64,366.28,0.8,0.32,0.005,0.034,0.044,0.039,0.166,1.35,657891.44,No injected typology,0
NPI2000000264,Lab,Midwest,352,7.41,233.33,1.02,0.28,0.023,0.176,0.154,0.011,0.223,-0.38,620115.11,No injected typology,0
NPI2000000265,Lab,South,107,9.55,104.2,0.9,0.204,0.017,0.012,0.047,0.181,0.435,-0.94,96320.13,No injected typology,0
NPI2000000266,Oncology,Northeast,158,6.32,404.43,1.06,0.138,0.032,0.061,0.01,0.064,0.316,0.54,428937.53,No injected typology,0
NPI2000000267,DME Supplier,Midwest,186,6.26,514.61,0.92,0.317,0.072,0.055,0.078,0.09,0.218,-0.02,549389.43,No injected typology,0
NPI2000000268,Home Health,West,95,7.85,670.99,0.99,0.119,0.068,0.03,0.067,0.045,0.328,0.45,496271.09,No injected typology,0
NPI2000000269,Orthopedics,South,152,8.67,267.67,1.09,0.132,0.008,0.099,0.012,0.145,0.236,0.53,384215.71,No injected typology,0
NPI2000000270,Internal Medicine,Northeast,287,9.52,390.61,0.68,0.135,0.108,0.103,0.049,0.059,0.268,0.01,730817.64,No injected typology,0
NPI2000000271,Cardiology,Northeast,569,7.51,319.84,0.93,0.231,0.074,0.199,0.073,0.053,0.072,0.41,1276322.27,No injected typology,0
NPI2000000272,Radiology,South,55,8.48,434.09,0.95,0.178,0.137,0.023,0.041,0.045,0.069,-1.04,191502.8,No injected typology,0
NPI2000000273,Orthopedics,Northeast,241,2.51,299.7,0.83,0.139,0.058,0.03,0.195,0.081,0.156,-0.62,149776.6,No injected typology,0
NPI2000000274,Home Health,Northeast,68,5.65,269.81,1.11,0.333,0.01,0.07,0.498,0.251,0.433,-0.7,115499.22,Impossible frequency,1
NPI2000000275,Pain Management,Northeast,114,5.94,104.6,0.74,0.207,0.031,0.478,0.095,0.02,0.102,-0.4,52109.41,No injected typology,0
NPI2000000276,Pain Management,Northeast,243,8.06,363.61,1.25,0.407,0.046,0.014,0.083,0.054,0.504,1.64,887169.77,No injected typology,0
NPI2000000277,Oncology,South,88,4.23,301.07,1.36,0.278,0.011,0.131,0.078,0.057,0.118,0.34,152218.34,No injected typology,0
NPI2000000278,Internal Medicine,Midwest,204,6.37,354.22,0.92,0.124,0.015,0.02,0.076,0.094,0.544,-0.34,422640.84,No injected typology,0
NPI2000000279,Pain Management,Northeast,125,2.68,508.24,0.68,0.34,0.173,0.165,0.017,0.204,0.022,1.18,116028.34,No injected typology,0
NPI2000000280,Internal Medicine,South,253,6.6,382.33,0.69,0.011,0.087,0.063,0.084,0.101,0.214,0.58,438062.77,No injected typology,0
NPI2000000281,Oncology,South,72,8.74,133.52,1.29,0.182,0.008,0.048,0.101,0.174,0.194,-1.6,108213.66,No injected typology,0
NPI2000000282,Pain Management,South,550,4.65,747.94,0.94,0.196,0.021,0.035,0.041,0.036,0.206,-0.77,1799179.85,No injected typology,0
NPI2000000283,Orthopedics,South,93,6.0,708.58,1.02,0.125,0.058,0.845,0.034,0.032,0.106,3.65,401913.74,Unbundling/modifier abuse,1
NPI2000000284,Internal Medicine,South,111,4.98,304.69,1.12,0.216,0.016,0.059,0.021,0.132,0.173,-0.44,189361.74,No injected typology,0
NPI2000000285,DME Supplier,Northeast,78,6.74,919.61,1.32,0.23,0.011,0.104,0.691,0.176,0.048,-0.03,640234.65,Impossible frequency,1
NPI2000000286,Orthopedics,Northeast,362,3.84,485.69,1.26,0.54,0.016,0.039,0.16,0.169,0.189,2.02,850372.08,No injected typology,0
NPI2000000287,Internal Medicine,Midwest,212,6.94,299.66,1.01,0.037,0.018,0.039,0.139,0.02,0.196,1.58,446101.09,No injected typology,0
NPI2000000288,Internal Medicine,Northeast,173,6.55,366.66,0.97,0.244,0.047,0.147,0.018,0.15,0.313,-0.69,404407.13,No injected typology,0
NPI2000000289,Orthopedics,Midwest,404,4.1,281.84,1.0,0.369,0.005,0.051,0.072,0.059,0.577,0.64,467115.71,No injected typology,0
NPI2000000290,DME Supplier,West,81,7.64,138.79,1.25,0.122,0.083,0.133,0.016,0.074,0.294,-1.17,107380.61,No injected typology,0
NPI2000000291,DME Supplier,Northeast,96,7.98,401.7,1.21,0.014,0.113,0.131,0.025,0.12,0.185,-1.23,370928.88,No injected typology,0
NPI2000000292,Lab,South,196,6.47,396.72,1.08,0.328,0.009,0.157,0.185,0.01,0.264,0.81,541579.97,No injected typology,0
NPI2000000293,Oncology,South,102,7.52,353.57,0.98,0.202,0.033,0.02,0.047,0.126,0.133,-0.98,265804.59,No injected typology,0
NPI2000000294,Oncology,West,137,5.76,221.18,1.26,0.082,0.044,0.175,0.001,0.293,0.336,-2.31,219704.93,No injected typology,0
NPI2000000295,Radiology,South,147,5.97,484.34,1.5,0.217,0.03,0.013,0.042,0.202,0.537,-0.16,634989.13,No injected typology,0
NPI2000000296,Pain Management,South,139,8.76,224.07,1.18,0.302,0.017,0.037,0.625,0.192,0.101,-0.88,322547.13,Impossible frequency,1
NPI2000000297,DME Supplier,South,194,6.17,374.58,1.05,0.263,0.051,0.073,0.059,0.163,0.069,-0.44,471713.83,No injected typology,0
NPI2000000298,Orthopedics,South,84,6.04,341.1,0.9,0.485,0.016,0.065,0.066,0.227,0.272,0.78,155612.76,No injected typology,0
NPI2000000299,Orthopedics,Northeast,311,4.03,185.12,1.03,0.283,0.005,0.057,0.048,0.079,0.505,1.21,238362.26,No injected typology,0
NPI2000000300,Internal Medicine,West,167,3.45,280.37,0.88,0.451,0.028,0.008,0.115,0.04,0.132,1.11,142479.69,No injected typology,0
NPI2000000301,Radiology,South,107,4.61,160.56,1.09,0.287,0.117,0.063,0.013,0.197,0.22,-0.72,86518.54,No injected typology,0
NPI2000000302,Cardiology,Northeast,119,9.41,430.63,0.96,0.086,0.001,0.168,0.02,0.037,0.392,0.48,465014.16,No injected typology,0
NPI2000000303,Internal Medicine,West,195,5.42,542.97,1.24,0.117,0.035,0.035,0.158,0.1,0.032,0.6,713395.97,No injected typology,0
NPI2000000304,Pain Management,South,154,7.78,401.69,1.25,0.076,0.02,0.051,0.071,0.129,0.374,-0.16,600578.48,No injected typology,0
NPI2000000305,Radiology,Midwest,225,7.24,436.05,1.09,0.268,0.068,0.053,0.111,0.115,0.093,-1.18,772195.42,No injected typology,0
NPI2000000306,Pain Management,South,392,4.83,404.91,1.06,0.155,0.022,0.041,0.011,0.163,0.238,0.04,814120.1,No injected typology,0
NPI2000000307,Orthopedics,South,164,5.91,98.61,1.09,0.034,0.002,0.006,0.012,0.149,0.282,-1.27,103946.59,No injected typology,0
NPI2000000308,Home Health,South,63,5.83,265.82,0.66,0.163,0.01,0.211,0.085,0.076,0.355,-0.4,64184.34,No injected typology,0
NPI2000000309,Internal Medicine,West,200,6.71,239.52,1.15,0.303,0.014,0.071,0.175,0.022,0.167,-0.21,370043.59,No injected typology,0
NPI2000000310,Internal Medicine,Northeast,179,7.14,104.39,1.24,0.405,0.013,0.042,0.021,0.083,0.444,-0.66,165454.29,No injected typology,0
NPI2000000311,DME Supplier,South,179,6.6,231.43,1.26,0.362,0.037,0.08,0.011,0.026,0.13,-0.83,343081.94,No injected typology,0
NPI2000000312,DME Supplier,West,148,8.5,615.25,1.17,0.133,0.066,0.035,0.009,0.426,0.496,6.37,904362.22,DME aberrancy,1
NPI2000000313,Lab,West,62,6.45,239.27,1.14,0.473,0.041,0.061,0.039,0.271,0.293,-0.65,109185.72,No injected typology,0
NPI2000000314,Orthopedics,West,140,8.28,314.25,0.84,0.34,0.064,0.07,0.022,0.011,0.429,-0.26,307048.09,No injected typology,0
NPI2000000315,Radiology,Midwest,183,8.07,288.58,0.82,0.181,0.022,0.046,0.112,0.098,0.274,0.53,348949.92,No injected typology,0
NPI2000000316,Internal Medicine,Midwest,149,3.21,950.56,1.26,0.09,0.086,0.045,0.012,0.121,0.521,0.18,573414.84,No injected typology,0
NPI2000000317,Internal Medicine,Midwest,422,6.86,286.26,0.81,0.057,0.081,0.14,0.049,0.077,0.342,0.56,669540.32,No injected typology,0
NPI2000000318,DME Supplier,Northeast,459,4.27,345.28,0.73,0.195,0.0,0.238,0.212,0.018,0.218,0.77,494729.2,No injected typology,0
NPI2000000319,Cardiology,South,51,7.02,409.32,0.84,0.155,0.036,0.135,0.047,0.097,0.269,0.5,122861.46,No injected typology,0
NPI2000000320,Internal Medicine,Northeast,536,6.47,319.94,1.17,0.244,0.081,0.045,0.009,0.094,0.158,0.24,1297807.86,No injected typology,0
NPI2000000321,Internal Medicine,West,81,6.66,491.36,1.49,0.295,0.03,0.081,0.078,0.175,0.33,-1.29,395295.87,No injected typology,0
NPI2000000322,Orthopedics,West,125,7.22,430.91,1.11,0.028,0.006,0.054,0.635,0.411,0.167,-1.85,432647.75,Impossible frequency,1
NPI2000000323,Orthopedics,Midwest,879,5.69,256.88,1.08,0.029,0.098,0.089,0.129,0.21,0.36,1.53,1389823.57,No injected typology,0
NPI2000000324,DME Supplier,South,433,5.88,939.27,1.06,0.141,0.008,0.248,0.046,0.562,0.147,6.16,2528389.04,DME aberrancy,1
NPI2000000325,Lab,Midwest,292,7.36,515.18,1.03,0.032,0.083,0.05,0.076,0.027,0.255,-0.29,1136005.03,No injected typology,0
NPI2000000326,Orthopedics,West,88,7.22,610.34,0.6,0.291,0.043,0.126,0.067,0.206,0.241,1.25,230611.15,No injected typology,0
NPI2000000327,Internal Medicine,West,177,7.52,220.39,0.91,0.234,0.038,0.028,0.011,0.023,0.416,0.69,267187.27,No injected typology,0
NPI2000000328,DME Supplier,South,226,6.95,617.62,1.04,0.137,0.099,0.198,0.01,0.27,0.219,4.46,1010215.79,DME aberrancy,1
NPI2000000329,Internal Medicine,South,95,8.07,515.29,0.95,0.269,0.017,0.175,0.021,0.012,0.39,-0.54,374213.0,No injected typology,0
NPI2000000330,Orthopedics,Northeast,210,4.45,330.16,1.13,0.228,0.071,0.066,0.055,0.16,0.113,0.2,349014.8,No injected typology,0
NPI2000000331,Cardiology,West,74,6.7,239.42,1.25,0.165,0.089,0.124,0.08,0.171,0.421,0.16,148392.89,No injected typology,0
NPI2000000332,Orthopedics,Northeast,386,6.96,403.21,1.02,0.221,0.022,0.127,0.027,0.049,0.174,-1.08,1101316.99,No injected typology,0
NPI2000000333,Internal Medicine,West,160,4.79,141.98,0.99,0.36,0.05,0.075,0.099,0.021,0.148,-0.88,108086.37,No injected typology,0
NPI2000000334,DME Supplier,South,100,6.46,230.19,1.29,0.181,0.068,0.075,0.019,0.131,0.334,1.15,192432.96,No injected typology,0
NPI2000000335,Home Health,West,385,4.58,291.5,1.09,0.057,0.036,0.068,0.116,0.15,0.145,-1.65,561342.62,No injected typology,0
NPI2000000336,Radiology,Midwest,277,2.07,243.51,1.11,0.07,0.03,0.146,0.256,0.066,0.014,-0.68,155604.56,No injected typology,0
NPI2000000337,Oncology,Midwest,403,3.34,577.28,1.15,0.056,0.083,0.053,0.024,0.096,0.366,0.05,894229.98,No injected typology,0
NPI2000000338,Orthopedics,South,72,7.55,521.43,1.11,0.016,0.034,0.041,0.036,0.043,0.328,1.02,314146.31,No injected typology,0
NPI2000000339,Home Health,South,114,7.66,368.3,0.79,0.076,0.002,0.212,0.199,0.045,0.237,0.45,254173.19,No injected typology,0
NPI2000000340,Pain Management,South,155,7.39,467.24,0.99,0.122,0.065,0.096,0.011,0.158,0.465,-1.86,528862.58,No injected typology,0
NPI2000000341,Cardiology,Northeast,61,5.55,198.76,1.42,0.19,0.015,0.068,0.117,0.049,0.127,-0.15,95242.88,No injected typology,0
NPI2000000342,Lab,Northeast,176,7.07,567.05,1.2,0.246,0.054,0.17,0.045,0.1,0.328,1.6,843127.48,No injected typology,0
NPI2000000343,Radiology,Midwest,171,3.37,234.68,0.55,0.2,0.051,0.023,0.136,0.026,0.097,-1.09,74306.53,No injected typology,0
NPI2000000344,Oncology,Midwest,144,5.0,680.0,0.67,0.138,0.043,0.568,0.025,0.127,0.159,2.9,329093.09,Unbundling/modifier abuse,1
NPI2000000345,Lab,South,155,7.19,227.03,0.65,0.186,0.109,0.049,0.038,0.114,0.076,-1.69,164450.21,No injected typology,0
NPI2000000346,Oncology,West,66,6.81,349.53,1.27,0.196,0.004,0.109,0.74,0.066,0.238,-0.34,200008.14,Impossible frequency,1
NPI2000000347,Internal Medicine,South,235,4.7,455.61,1.07,0.054,0.018,0.043,0.057,0.053,0.14,-0.78,540240.83,No injected typology,0
NPI2000000348,Internal Medicine,South,380,6.96,258.63,0.88,0.105,0.025,0.102,0.121,0.087,0.407,0.69,604167.02,No injected typology,0
NPI2000000349,Internal Medicine,Northeast,74,8.18,575.18,1.23,0.293,0.005,0.116,0.029,0.072,0.226,2.89,427329.97,No injected typology,0
NPI2000000350,Orthopedics,Midwest,81,6.07,899.98,1.27,0.067,0.033,0.946,0.024,0.208,0.278,3.47,561599.15,Unbundling/modifier abuse,1
NPI2000000351,Home Health,West,165,9.54,254.41,0.65,0.347,0.017,0.157,0.092,0.16,0.081,0.13,260256.35,No injected typology,0
NPI2000000352,Pain Management,West,81,5.98,331.3,0.56,0.315,0.084,0.141,0.004,0.189,0.511,-0.54,90187.62,No injected typology,0
NPI2000000353,DME Supplier,Northeast,96,6.43,753.03,1.37,0.295,0.019,0.104,0.005,0.157,0.494,-0.09,637928.87,No injected typology,0
NPI2000000354,Radiology,South,129,5.66,400.16,0.96,0.127,0.022,0.034,0.078,0.158,0.211,0.55,280952.98,No injected typology,0
NPI2000000355,Internal Medicine,West,72,6.97,211.74,1.16,0.416,0.031,0.082,0.029,0.066,0.191,-1.61,123673.98,No injected typology,0
NPI2000000356,Home Health,West,60,6.91,503.67,0.6,0.197,0.047,0.133,0.035,0.106,0.462,0.12,125931.18,No injected typology,0
NPI2000000357,Internal Medicine,South,290,4.47,472.62,1.03,0.298,0.067,0.072,0.095,0.017,0.149,0.95,630813.32,No injected typology,0
NPI2000000358,Cardiology,Midwest,87,4.02,380.06,1.4,0.185,0.078,0.054,0.066,0.119,0.229,-0.57,186572.9,No injected typology,0
NPI2000000359,Radiology,Northeast,273,7.4,305.24,0.73,0.208,0.041,0.062,0.087,0.103,0.395,-1.85,451181.14,No injected typology,0
NPI2000000360,Home Health,Midwest,100,8.64,341.76,0.81,0.052,0.087,0.166,0.027,0.044,0.131,-1.24,239580.21,No injected typology,0
NPI2000000361,Orthopedics,Northeast,244,6.21,177.73,0.82,0.237,0.06,0.028,0.197,0.239,0.326,-0.3,220713.56,No injected typology,0
NPI2000000362,Cardiology,South,121,5.04,404.26,1.11,0.157,0.068,0.146,0.017,0.093,0.221,1.94,273272.14,No injected typology,0
NPI2000000363,Lab,Northeast,65,6.19,392.72,0.62,0.091,0.046,0.099,0.017,0.205,0.216,-0.58,97417.24,No injected typology,0
NPI2000000364,Cardiology,West,217,6.39,412.16,1.36,0.172,0.026,0.04,0.039,0.115,0.032,1.31,777496.02,No injected typology,0
NPI2000000365,Internal Medicine,Northeast,148,5.46,318.73,1.27,0.294,0.023,0.062,0.015,0.124,0.18,1.15,328120.71,No injected typology,0
NPI2000000366,Cardiology,Northeast,105,8.14,442.31,0.65,0.278,0.016,0.069,0.364,0.232,0.041,-0.44,247111.09,No injected typology,0
NPI2000000367,Internal Medicine,West,599,5.88,423.34,1.3,0.025,0.033,0.104,0.013,0.079,0.067,0.24,1935024.47,No injected typology,0
NPI2000000368,Lab,South,467,5.29,306.77,0.58,0.317,0.051,0.165,0.097,0.028,0.329,0.08,439628.06,No injected typology,0
NPI2000000369,Internal Medicine,South,81,5.48,680.47,0.9,0.239,0.039,0.076,0.043,0.263,0.565,-0.36,272027.28,No injected typology,0
NPI2000000370,Oncology,South,151,5.01,347.74,1.36,0.263,0.025,0.098,0.007,0.068,0.034,-1.81,356491.21,No injected typology,0
NPI2000000371,Cardiology,Northeast,127,8.82,242.73,1.09,0.142,0.071,0.047,0.05,0.232,0.201,-1.17,296779.57,No injected typology,0
NPI2000000372,Cardiology,Northeast,97,7.61,540.44,1.19,0.304,0.022,0.093,0.107,0.075,0.263,0.76,473646.85,No injected typology,0
NPI2000000373,DME Supplier,Midwest,218,7.87,661.58,1.07,0.076,0.029,0.343,0.044,0.044,0.161,1.89,1215977.09,No injected typology,0
NPI2000000374,Cardiology,Midwest,260,5.96,505.67,1.4,0.129,0.007,0.078,0.112,0.15,0.055,-0.16,1097901.91,No injected typology,0
NPI2000000375,Orthopedics,South,311,7.13,434.09,1.02,0.424,0.027,0.116,0.023,0.252,0.113,1.88,981253.11,No injected typology,0
NPI2000000376,Internal Medicine,South,79,6.78,91.69,1.54,0.324,0.023,0.054,0.1,0.129,0.21,-1.91,75835.5,No injected typology,0
NPI2000000377,Orthopedics,South,226,7.54,477.78,1.38,0.123,0.067,0.193,0.031,0.205,0.558,-0.52,1126295.4,No injected typology,0
NPI2000000378,Internal Medicine,South,345,7.83,420.56,1.06,0.066,0.095,0.152,0.075,0.04,0.426,0.22,1205588.36,No injected typology,0
NPI2000000379,Cardiology,South,47,7.93,419.91,1.04,0.131,0.022,0.14,0.031,0.05,0.358,-0.41,163261.14,No injected typology,0
NPI2000000380,Lab,South,130,6.04,250.17,1.09,0.457,0.049,0.14,0.14,0.285,0.179,-0.92,214116.26,No injected typology,0
NPI2000000381,Cardiology,Northeast,99,7.19,367.39,0.75,0.052,0.237,0.747,0.004,0.098,0.055,4.36,196987.24,Unbundling/modifier abuse,1
NPI2000000382,Cardiology,South,248,4.56,459.26,1.15,0.156,0.039,0.008,0.077,0.059,0.191,-1.12,597961.62,No injected typology,0
NPI2000000383,Home Health,Midwest,67,7.22,353.77,1.2,0.084,0.019,0.05,0.03,0.21,0.127,-0.86,206264.67,No injected typology,0
NPI2000000384,Lab,Midwest,154,5.69,787.87,1.05,0.415,0.037,0.245,0.077,0.12,0.097,-0.12,723582.49,No injected typology,0
NPI2000000385,Cardiology,Northeast,142,3.9,198.54,1.06,0.279,0.006,0.053,0.048,0.029,0.199,-0.6,116222.81,No injected typology,0
NPI2000000386,Orthopedics,South,100,6.38,372.69,0.84,0.163,0.042,0.043,0.09,0.069,0.266,0.31,198992.0,No injected typology,0
NPI2000000387,Radiology,Northeast,158,7.33,374.53,1.58,0.215,0.015,0.049,0.131,0.172,0.297,0.03,686092.66,No injected typology,0
NPI2000000388,Radiology,Northeast,62,7.94,254.26,0.81,0.048,0.043,0.106,0.06,0.14,0.471,1.07,101522.14,No injected typology,0
NPI2000000389,Home Health,South,80,5.86,594.26,1.33,0.234,0.009,0.136,0.163,0.24,0.611,0.4,369591.55,No injected typology,0
NPI2000000390,Internal Medicine,West,90,5.53,383.13,1.13,0.207,0.011,0.015,0.076,0.183,0.514,-0.46,214785.48,No injected typology,0
NPI2000000391,Internal Medicine,West,257,4.78,296.77,0.8,0.051,0.07,0.086,0.042,0.134,0.298,-1.59,290865.26,No injected typology,0
NPI2000000392,Radiology,Midwest,370,7.37,452.25,0.85,0.179,0.029,0.074,0.185,0.225,0.111,-1.65,1043910.98,No injected typology,0
NPI2000000393,Radiology,Northeast,140,8.67,479.35,0.8,0.021,0.045,0.159,0.009,0.008,0.197,-0.28,466253.25,No injected typology,0
NPI2000000394,Lab,South,124,5.87,211.33,0.97,0.26,0.034,0.275,0.004,0.082,0.155,-1.25,149407.6,No injected typology,0
NPI2000000395,Radiology,West,61,7.01,340.7,1.27,0.027,0.098,0.382,0.008,0.083,0.451,1.19,185259.3,No injected typology,0
NPI2000000396,Orthopedics,Midwest,68,7.8,790.27,1.04,0.185,0.02,0.071,0.082,0.115,0.299,1.23,434075.69,No injected typology,0
NPI2000000397,Internal Medicine,Midwest,176,5.23,519.73,1.0,0.292,0.014,0.079,0.071,0.034,0.532,0.15,476556.72,No injected typology,0
NPI2000000398,Lab,West,308,7.12,187.28,0.81,0.259,0.036,0.026,0.017,0.078,0.207,0.03,334118.06,No injected typology,0
NPI2000000399,Home Health,South,125,7.43,88.59,0.64,0.105,0.006,0.079,0.026,0.218,0.115,-0.16,52795.13,No injected typology,0
NPI2000000400,DME Supplier,South,104,6.51,668.53,1.14,0.173,0.039,0.047,0.001,0.138,0.247,0.26,517408.2,No injected typology,0
NPI2000000401,Home Health,South,112,6.16,692.14,1.38,0.06,0.035,0.184,0.001,0.024,0.064,-1.21,656672.97,No injected typology,0
NPI2000000402,Orthopedics,Northeast,232,5.04,281.35,1.1,0.463,0.012,0.067,0.106,0.056,0.209,-0.7,360898.4,No injected typology,0
NPI2000000403,Orthopedics,Midwest,342,6.81,333.66,1.34,0.052,0.036,0.061,0.063,0.155,0.171,-0.62,1038297.88,No injected typology,0
NPI2000000404,DME Supplier,Northeast,159,5.95,134.76,1.05,0.17,0.119,0.117,0.041,0.182,0.175,-1.76,133171.86,No injected typology,0
NPI2000000405,Pain Management,South,129,7.0,432.91,1.02,0.095,0.096,0.089,0.041,0.167,0.093,-1.75,398614.12,No injected typology,0
NPI2000000406,Radiology,South,186,7.23,136.94,1.28,0.036,0.001,0.204,0.104,0.179,0.35,0.36,235944.62,No injected typology,0
NPI2000000407,Oncology,South,114,6.05,210.43,1.03,0.064,0.009,0.225,0.08,0.267,0.346,-0.24,150014.44,No injected typology,0
NPI2000000408,Lab,South,155,8.37,327.79,0.59,0.35,0.014,0.021,0.089,0.181,0.381,-0.63,250506.58,No injected typology,0
NPI2000000409,Orthopedics,Northeast,319,4.47,290.81,0.98,0.08,0.062,0.153,0.009,0.032,0.255,0.87,405722.32,No injected typology,0
NPI2000000410,Orthopedics,South,215,5.41,405.43,1.42,0.099,0.034,0.062,0.148,0.04,0.381,1.69,671534.46,No injected typology,0
NPI2000000411,Oncology,Northeast,63,5.66,1060.03,0.9,0.321,0.014,0.099,0.148,0.167,0.434,0.15,341152.9,No injected typology,0
NPI2000000412,Orthopedics,Midwest,532,6.49,304.96,0.8,0.153,0.032,0.168,0.019,0.092,0.362,-0.36,847203.06,No injected typology,0
NPI2000000413,Lab,Northeast,915,4.77,420.08,1.19,0.272,0.059,0.256,0.037,0.224,0.292,1.21,2173809.01,No injected typology,0
NPI2000000414,Internal Medicine,Midwest,67,7.52,444.52,1.06,0.312,0.031,0.058,0.087,0.044,0.417,-0.18,237656.86,No injected typology,0
NPI2000000415,Pain Management,West,123,6.4,322.76,0.91,0.062,0.051,0.044,0.031,0.136,0.298,-0.11,230803.48,No injected typology,0
NPI2000000416,DME Supplier,West,236,6.89,156.15,1.2,0.314,0.052,0.304,0.172,0.074,0.284,-0.32,305540.14,No injected typology,0
NPI2000000417,Lab,Midwest,346,4.45,377.67,1.31,0.332,0.091,0.149,0.009,0.052,0.513,-0.06,762643.2,No injected typology,0
NPI2000000418,Lab,South,53,5.66,380.16,0.71,0.141,0.031,0.073,0.136,0.056,0.133,-0.43,81034.94,No injected typology,0
NPI2000000419,Internal Medicine,Midwest,444,6.65,213.01,0.94,0.268,0.059,0.109,0.193,0.034,0.048,0.71,590919.25,No injected typology,0
NPI2000000420,Home Health,Midwest,341,6.79,188.47,0.93,0.175,0.011,0.072,0.018,0.055,0.195,-1.17,404986.31,No injected typology,0
NPI2000000421,Home Health,South,246,7.38,381.05,0.85,0.412,0.029,0.17,0.174,0.082,0.077,0.54,586156.42,No injected typology,0
NPI2000000422,Internal Medicine,West,155,6.44,300.96,0.89,0.097,0.15,0.331,0.049,0.072,0.365,-1.24,268405.88,No injected typology,0
NPI2000000423,Lab,West,52,5.8,554.51,1.28,0.542,0.028,0.014,0.062,0.075,0.121,1.24,214262.46,No injected typology,0
NPI2000000424,DME Supplier,West,180,1.31,779.1,1.05,0.383,0.018,0.074,0.041,0.189,0.302,0.59,193956.09,No injected typology,0
NPI2000000425,Oncology,West,101,6.88,472.76,1.41,0.085,0.022,0.028,0.078,0.05,0.143,-0.66,462242.52,No injected typology,0
NPI2000000426,Internal Medicine,West,205,6.15,161.44,1.57,0.476,0.091,0.24,0.212,0.147,0.135,-0.51,318682.83,No injected typology,0
NPI2000000427,DME Supplier,Northeast,126,5.94,626.07,1.56,0.3,0.091,0.052,0.018,0.11,0.301,-0.34,728939.04,No injected typology,0
NPI2000000428,Orthopedics,Northeast,78,6.75,283.69,1.21,0.241,0.019,0.191,0.085,0.268,0.302,-2.21,180943.53,No injected typology,0
NPI2000000429,Home Health,Midwest,571,5.46,355.0,1.28,0.124,0.029,0.141,0.01,0.158,0.064,-0.76,1419841.51,No injected typology,0
NPI2000000430,Home Health,Northeast,782,6.92,947.44,0.59,0.12,0.013,0.264,0.034,0.05,0.155,0.73,3031789.35,No injected typology,0
NPI2000000431,DME Supplier,Midwest,65,7.02,302.15,0.93,0.186,0.096,0.666,0.041,0.117,0.455,3.69,128728.92,Unbundling/modifier abuse,1
NPI2000000432,Orthopedics,Northeast,192,6.77,479.87,1.07,0.39,0.015,0.081,0.109,0.11,0.318,0.48,669493.98,No injected typology,0
NPI2000000433,Pain Management,South,85,4.15,499.65,1.15,0.23,0.004,0.05,0.036,0.118,0.22,-0.35,201654.15,No injected typology,0
NPI2000000434,Orthopedics,West,258,6.14,231.48,1.31,0.078,0.007,0.035,0.215,0.038,0.33,0.5,480252.63,No injected typology,0
NPI2000000435,Lab,South,94,6.46,272.17,1.4,0.412,0.069,0.109,0.016,0.021,0.304,0.12,232182.32,No injected typology,0
NPI2000000436,Pain Management,South,219,6.21,303.15,1.35,0.151,0.054,0.064,0.022,0.136,0.337,0.71,557196.22,No injected typology,0
NPI2000000437,Pain Management,South,117,6.64,269.21,1.18,0.188,0.022,0.19,0.015,0.248,0.277,-1.39,246166.19,No injected typology,0
NPI2000000438,Cardiology,West,244,6.39,362.79,1.2,0.344,0.057,0.064,0.031,0.061,0.05,1.01,681307.69,No injected typology,0
NPI2000000439,Cardiology,South,54,5.33,689.14,0.75,0.4,0.074,0.406,0.055,0.312,0.263,-0.67,148329.19,No injected typology,0
NPI2000000440,Oncology,West,216,9.97,327.73,0.85,0.26,0.041,0.238,0.003,0.154,0.145,0.82,599379.27,No injected typology,0
NPI2000000441,Cardiology,Northeast,188,5.07,200.34,0.93,0.094,0.012,0.095,0.099,0.061,0.076,-1.58,177811.64,No injected typology,0
NPI2000000442,Lab,Midwest,212,4.75,374.4,0.64,0.205,0.011,0.035,0.161,0.247,0.128,0.83,242416.98,No injected typology,0
NPI2000000443,DME Supplier,South,182,7.33,507.28,1.06,0.271,0.064,0.109,0.034,0.031,0.225,0.09,718335.15,No injected typology,0
NPI2000000444,Oncology,Midwest,379,7.55,218.85,0.91,0.07,0.389,0.119,0.156,0.039,0.115,-0.18,569364.05,Duplicate billing,1
NPI2000000445,Internal Medicine,Midwest,356,7.91,376.58,0.87,0.269,0.095,0.07,0.115,0.054,0.524,-0.64,922879.76,No injected typology,0
NPI2000000446,Oncology,Midwest,113,7.54,348.09,1.27,0.234,0.042,0.236,0.024,0.051,0.428,0.25,376847.56,No injected typology,0
NPI2000000447,Radiology,West,167,3.8,774.36,1.33,0.122,0.018,0.34,0.041,0.113,0.234,-1.03,652172.63,No injected typology,0
NPI2000000448,DME Supplier,Midwest,100,4.7,339.32,0.83,0.209,0.067,0.036,0.197,0.032,0.255,-0.78,131958.92,No injected typology,0
NPI2000000449,Radiology,South,120,8.45,487.62,0.66,0.036,0.046,0.135,0.093,0.177,0.039,0.09,325561.42,No injected typology,0
NPI2000000450,Radiology,Northeast,476,7.69,635.51,0.96,0.119,0.038,0.079,0.05,0.112,0.325,0.45,2241260.09,No injected typology,0
NPI2000000451,Pain Management,South,90,5.67,189.04,0.98,0.222,0.105,0.267,0.002,0.088,0.067,-0.21,94870.46,No injected typology,0
NPI2000000452,Home Health,South,278,6.84,191.8,1.07,0.135,0.009,0.042,0.003,0.226,0.269,-0.18,389248.46,No injected typology,0
NPI2000000453,Cardiology,Northeast,436,5.0,226.81,1.06,0.065,0.021,0.191,0.174,0.151,0.352,-0.29,522557.67,No injected typology,0
NPI2000000454,Internal Medicine,South,254,5.35,538.07,0.73,0.174,0.056,0.246,0.102,0.126,0.345,0.48,536640.38,No injected typology,0
NPI2000000455,Home Health,Northeast,324,6.47,328.59,1.31,0.163,0.037,0.052,0.036,0.156,0.035,-0.28,902209.04,No injected typology,0
NPI2000000456,Pain Management,South,87,7.47,478.7,1.09,0.114,0.045,0.055,0.129,0.175,0.441,-1.37,338567.58,No injected typology,0
NPI2000000457,Lab,South,129,8.01,377.2,0.95,0.093,0.034,0.115,0.037,0.06,0.103,-0.35,372398.5,No injected typology,0
NPI2000000458,Cardiology,Midwest,99,3.12,326.54,1.31,0.045,0.085,0.053,0.152,0.104,0.168,-0.62,132400.35,No injected typology,0
NPI2000000459,Lab,Midwest,391,7.34,573.41,0.66,0.034,0.014,0.109,0.059,0.029,0.022,0.1,1089362.37,No injected typology,0
NPI2000000460,Oncology,Midwest,154,7.63,536.84,0.67,0.042,0.027,0.055,0.021,0.238,0.086,-0.75,425338.48,No injected typology,0
NPI2000000461,Lab,Northeast,103,6.34,255.54,1.11,0.105,0.046,0.016,0.009,0.02,0.326,-1.05,184887.72,No injected typology,0
NPI2000000462,Oncology,South,158,7.65,311.19,1.12,0.466,0.013,0.316,0.249,0.072,0.1,-0.75,420723.83,No injected typology,0
NPI2000000463,Internal Medicine,South,326,6.96,403.09,0.98,0.25,0.022,0.122,0.031,0.17,0.324,0.93,895150.53,No injected typology,0
NPI2000000464,Internal Medicine,West,75,6.81,714.73,1.16,1.0,0.013,0.04,0.035,0.253,0.478,3.93,424201.22,Upcoding,1
NPI2000000465,Cardiology,Northeast,266,3.6,279.08,0.67,0.279,0.017,0.295,0.121,0.118,0.132,2.87,178107.29,No injected typology,0
NPI2000000466,Orthopedics,Midwest,179,7.41,351.27,1.1,0.199,0.069,0.128,0.056,0.098,0.283,-0.01,513669.11,No injected typology,0
NPI2000000467,Internal Medicine,West,148,4.99,331.82,1.06,0.193,0.039,0.082,0.073,0.133,0.294,-0.99,259610.77,No injected typology,0
NPI2000000468,Internal Medicine,South,205,4.23,193.19,0.8,0.166,0.019,0.07,0.059,0.204,0.22,0.21,134184.64,No injected typology,0
NPI2000000469,Internal Medicine,South,108,5.06,383.61,1.13,0.24,0.014,0.144,0.027,0.187,0.303,1.53,236850.0,No injected typology,0
NPI2000000470,Oncology,Midwest,89,7.11,357.01,0.91,0.162,0.003,0.157,0.128,0.048,0.223,-0.3,205751.54,No injected typology,0
NPI2000000471,Orthopedics,South,68,6.65,1066.02,1.2,0.051,0.068,0.201,0.083,0.181,0.283,0.23,579840.59,No injected typology,0
NPI2000000472,Home Health,South,203,6.39,285.05,0.81,0.223,0.12,0.31,0.057,0.048,0.246,-0.4,300211.77,No injected typology,0
NPI2000000473,Pain Management,Northeast,67,6.43,539.91,1.02,0.085,0.073,0.914,0.077,0.1,0.37,1.71,237206.06,Unbundling/modifier abuse,1
NPI2000000474,Radiology,South,114,7.73,348.14,1.19,0.138,0.06,0.239,0.048,0.133,0.272,-0.82,366299.22,No injected typology,0
NPI2000000475,Lab,Northeast,100,9.82,443.29,0.96,0.198,0.03,0.058,0.008,0.082,0.639,0.36,416736.3,No injected typology,0
NPI2000000476,Orthopedics,Northeast,285,7.32,467.74,0.78,0.247,0.055,0.093,0.075,0.091,0.421,0.17,758238.36,No injected typology,0
NPI2000000477,DME Supplier,Midwest,33,5.6,195.68,0.97,0.041,0.294,0.145,0.029,0.158,0.156,-0.13,35071.3,Duplicate billing,1
NPI2000000478,Internal Medicine,Northeast,129,6.22,270.08,0.97,0.409,0.036,0.076,0.019,0.058,0.138,-0.41,210893.21,No injected typology,0
NPI2000000479,Cardiology,Northeast,162,7.37,295.09,0.95,0.177,0.043,0.277,0.036,0.009,0.161,0.81,334599.86,No injected typology,0
NPI2000000480,Cardiology,Midwest,186,5.11,729.02,1.1,0.102,0.042,0.244,0.043,0.101,0.368,1.56,760933.64,No injected typology,0
NPI2000000481,Cardiology,West,158,5.72,202.24,1.34,0.142,0.018,0.358,0.147,0.374,0.338,1.47,245730.27,No injected typology,0
NPI2000000482,Orthopedics,West,278,6.37,421.3,0.78,0.031,0.044,0.189,0.009,0.177,0.601,-0.52,584277.92,No injected typology,0
NPI2000000483,DME Supplier,South,150,9.0,250.28,0.92,0.542,0.029,0.186,0.194,0.153,0.315,-1.96,310559.99,No injected typology,0
NPI2000000484,Orthopedics,Midwest,124,6.95,353.04,0.78,0.288,0.02,0.199,0.044,0.114,0.314,0.52,236652.85,No injected typology,0
NPI2000000485,Orthopedics,South,186,4.15,363.91,0.82,0.084,0.024,0.015,0.0,0.073,0.489,-1.23,230799.49,No injected typology,0
NPI2000000486,Lab,Midwest,198,4.89,412.46,1.0,0.114,0.007,0.233,0.042,0.217,0.135,-0.02,401098.91,No injected typology,0
NPI2000000487,Internal Medicine,West,190,8.07,210.85,0.86,0.127,0.046,0.052,0.103,0.035,0.253,1.0,276344.56,No injected typology,0
NPI2000000488,Internal Medicine,West,207,3.98,542.48,1.09,0.037,0.03,0.008,0.025,0.057,0.131,0.23,487732.64,No injected typology,0
NPI2000000489,Internal Medicine,Northeast,322,3.38,278.65,1.21,0.18,0.029,0.194,0.018,0.1,0.318,-2.08,367096.25,No injected typology,0
NPI2000000490,Lab,Northeast,381,4.12,309.84,1.08,0.128,0.028,0.075,0.018,0.2,0.078,-0.21,524223.06,No injected typology,0
NPI2000000491,Home Health,South,85,6.42,182.82,0.99,0.321,0.09,0.218,0.099,0.051,0.312,-0.24,99129.99,No injected typology,0
NPI2000000492,Radiology,West,100,6.86,233.53,1.01,0.248,0.012,0.172,0.769,0.135,0.241,-1.88,161162.32,Impossible frequency,1
NPI2000000493,Oncology,Midwest,575,4.26,546.27,0.66,0.196,0.026,0.076,0.012,0.111,0.112,-0.65,877372.36,No injected typology,0
NPI2000000494,Cardiology,South,129,5.66,282.44,1.07,0.506,0.024,0.091,0.027,0.187,0.465,-2.43,220659.19,No injected typology,0
NPI2000000495,Oncology,Northeast,46,6.71,514.74,0.94,0.567,0.064,0.028,0.147,0.238,0.24,4.22,149511.88,Upcoding,1
NPI2000000496,Cardiology,South,149,6.78,287.27,1.32,0.274,0.061,0.052,0.006,0.215,0.11,0.2,382672.08,No injected typology,0
NPI2000000497,DME Supplier,South,207,5.14,323.25,1.3,0.294,0.046,0.191,0.182,0.051,0.32,-0.93,445273.08,No injected typology,0
NPI2000000498,Home Health,West,329,7.22,200.87,1.15,0.072,0.005,0.075,0.04,0.051,0.179,-0.8,546339.24,No injected typology,0
NPI2000000499,Radiology,West,208,6.31,387.52,0.98,0.501,0.037,0.121,0.065,0.295,0.192,-0.11,496406.6,No injected typology,0
NPI2000000500,Cardiology,Northeast,234,8.44,641.85,0.9,0.111,0.023,0.036,0.094,0.03,0.417,1.42,1141103.3,No injected typology,0
NPI2000000501,Pain Management,Northeast,189,6.11,216.24,1.11,0.056,0.051,0.23,0.041,0.24,0.26,1.44,277710.03,No injected typology,0
NPI2000000502,Internal Medicine,South,317,6.99,643.19,0.97,0.274,0.034,0.157,0.013,0.146,0.31,-0.56,1375360.93,No injected typology,0
NPI2000000503,Cardiology,Northeast,63,8.32,396.92,0.72,0.325,0.021,0.081,0.095,0.063,0.112,-1.0,150061.94,No injected typology,0
NPI2000000504,Oncology,South,170,6.49,393.02,1.47,0.281,0.017,0.019,0.026,0.223,0.131,1.27,636450.98,No injected typology,0
NPI2000000505,Lab,South,197,6.22,175.52,1.42,0.101,0.027,0.152,0.013,0.047,0.047,0.23,304679.79,No injected typology,0
NPI2000000506,DME Supplier,South,186,5.67,340.97,0.94,0.262,0.075,0.141,0.009,0.324,0.165,0.93,338018.12,No injected typology,0
NPI2000000507,Radiology,Midwest,332,7.04,377.05,1.16,0.272,0.042,0.051,0.051,0.014,0.361,0.5,1026172.06,No injected typology,0
NPI2000000508,Lab,West,78,3.45,322.85,0.97,0.37,0.04,0.04,0.096,0.16,0.264,-0.77,84406.88,No injected typology,0
NPI2000000509,Orthopedics,West,351,4.81,157.31,1.02,0.13,0.028,0.057,0.001,0.041,0.416,0.4,271090.19,No injected typology,0
NPI2000000510,Oncology,South,270,6.49,654.61,1.19,0.3,0.439,0.163,0.015,0.339,0.174,-1.39,1368975.51,Duplicate billing,1
NPI2000000511,Pain Management,South,82,7.23,750.55,1.37,0.085,0.004,0.106,0.053,0.091,0.441,0.74,609984.7,No injected typology,0
NPI2000000512,Internal Medicine,Northeast,148,9.15,521.29,1.12,0.088,0.118,0.204,0.053,0.073,0.394,0.4,792150.2,No injected typology,0
NPI2000000513,DME Supplier,Northeast,158,8.29,531.86,0.71,0.282,0.066,0.168,0.003,0.254,0.314,0.36,494910.15,No injected typology,0
NPI2000000514,DME Supplier,South,44,6.96,499.59,1.23,0.036,0.11,0.078,0.19,0.011,0.15,0.86,188622.7,No injected typology,0
NPI2000000515,Home Health,South,165,5.25,462.58,1.03,0.169,0.061,0.074,0.174,0.233,0.25,-0.2,413044.89,No injected typology,0
NPI2000000516,Home Health,Midwest,115,3.66,266.82,1.35,0.162,0.026,0.009,0.173,0.112,0.147,0.4,151791.44,No injected typology,0
NPI2000000517,Internal Medicine,South,114,8.04,425.32,1.01,0.166,0.094,0.188,0.008,0.083,0.383,-1.47,391889.9,No injected typology,0
NPI2000000518,Home Health,Midwest,51,2.38,154.18,0.83,0.281,0.03,0.068,0.125,0.153,0.152,-1.54,15493.03,No injected typology,0
NPI2000000519,Oncology,West,196,8.92,478.96,0.82,0.1,0.005,0.093,0.094,0.015,0.113,-0.45,687868.37,No injected typology,0
NPI2000000520,Home Health,South,370,4.84,572.11,1.21,0.407,0.017,0.391,0.044,0.248,0.376,1.12,1237884.64,No injected typology,0
NPI2000000521,Oncology,Midwest,363,7.55,261.49,0.65,0.181,0.055,0.882,0.033,0.031,0.19,2.49,463929.31,Unbundling/modifier abuse,1
NPI2000000522,DME Supplier,West,341,7.35,719.05,1.22,0.014,0.126,0.115,0.017,0.081,0.082,1.57,2192639.33,No injected typology,0
NPI2000000523,Lab,Midwest,211,7.75,450.76,0.75,0.085,0.017,0.037,0.095,0.014,0.329,-0.44,550670.54,No injected typology,0
NPI2000000524,Internal Medicine,South,284,6.87,120.13,1.09,0.244,0.009,0.249,0.084,0.064,0.396,0.89,254230.99,No injected typology,0
NPI2000000525,Lab,Midwest,71,6.07,274.64,1.23,0.132,0.006,0.007,0.013,0.143,0.13,-1.45,144990.79,No injected typology,0
NPI2000000526,Pain Management,South,120,6.3,187.75,1.08,0.322,0.375,0.058,0.207,0.189,0.095,0.04,153859.08,Duplicate billing,1
NPI2000000527,Lab,Midwest,147,3.55,171.83,0.65,0.086,0.038,0.036,0.053,0.055,0.176,-0.6,58170.72,No injected typology,0
NPI2000000528,Orthopedics,Northeast,168,4.46,189.17,0.78,0.203,0.029,0.026,0.044,0.062,0.181,0.91,110798.92,No injected typology,0
NPI2000000529,Home Health,South,119,4.97,245.71,0.93,0.139,0.027,0.187,0.128,0.005,0.343,0.31,135159.92,No injected typology,0
NPI2000000530,Lab,South,153,6.75,275.43,1.13,0.177,0.038,0.097,0.142,0.092,0.118,0.18,322530.16,No injected typology,0
NPI2000000531,Radiology,South,274,7.11,991.59,0.95,0.708,0.04,0.307,0.226,0.173,0.437,5.76,1830842.47,Upcoding,1
NPI2000000532,Home Health,South,74,4.03,257.43,1.12,0.214,0.077,0.403,0.048,0.067,0.382,-0.01,85753.35,No injected typology,0
NPI2000000533,Oncology,South,232,7.79,206.58,0.83,0.103,0.088,0.246,0.088,0.092,0.004,0.42,311406.15,No injected typology,0
NPI2000000534,Internal Medicine,Northeast,157,6.94,153.88,0.98,0.279,0.041,0.039,0.057,0.073,0.087,0.18,164578.73,No injected typology,0
NPI2000000535,Internal Medicine,Northeast,209,5.88,224.05,1.42,0.222,0.076,0.099,0.062,0.041,0.204,0.99,390982.58,No injected typology,0
NPI2000000536,DME Supplier,Northeast,184,6.03,521.02,0.6,0.179,0.031,0.227,0.179,0.221,0.474,1.99,349347.09,No injected typology,0
NPI2000000537,Oncology,South,197,8.37,496.0,1.03,0.085,0.01,0.079,0.063,0.209,0.429,2.05,846671.9,No injected typology,0
NPI2000000538,Home Health,South,134,7.01,520.13,0.84,0.212,0.041,0.103,0.018,0.161,0.046,0.84,408901.06,No injected typology,0
NPI2000000539,Cardiology,Midwest,296,6.5,706.64,1.19,0.248,0.396,0.113,0.037,0.05,0.062,0.56,1622180.05,Duplicate billing,1
NPI2000000540,Internal Medicine,South,309,5.32,370.41,0.96,0.068,0.121,0.097,0.065,0.028,0.087,1.44,583742.99,No injected typology,0
NPI2000000541,Pain Management,Midwest,246,6.52,414.12,1.39,0.057,0.049,0.183,0.016,0.085,0.065,3.59,926201.44,No injected typology,0
NPI2000000542,Pain Management,Midwest,101,8.79,289.11,0.59,0.182,0.033,0.005,0.193,0.029,0.213,-0.15,150908.94,No injected typology,0
NPI2000000543,Pain Management,South,143,4.46,350.36,0.75,0.272,0.022,0.196,0.11,0.054,0.216,-0.6,167865.29,No injected typology,0
NPI2000000544,Home Health,West,187,5.43,263.75,1.21,0.027,0.015,0.203,0.057,0.269,0.073,0.25,324816.13,No injected typology,0
NPI2000000545,Cardiology,West,525,7.18,255.31,0.96,0.201,0.011,0.034,0.053,0.178,0.355,0.22,924137.69,No injected typology,0
NPI2000000546,Lab,Midwest,255,7.38,344.49,1.2,0.032,0.082,0.045,0.143,0.051,0.206,-1.2,778544.55,No injected typology,0
NPI2000000547,Cardiology,South,225,7.91,420.96,0.96,0.253,0.004,0.318,0.055,0.019,0.362,-0.69,721479.69,No injected typology,0
NPI2000000548,Internal Medicine,Midwest,328,5.7,368.97,0.82,0.251,0.119,0.071,0.031,0.023,0.231,-0.44,564564.45,No injected typology,0
NPI2000000549,Orthopedics,Northeast,76,6.62,377.23,0.99,0.185,0.042,0.161,0.161,0.041,0.511,-0.78,188695.61,No injected typology,0
NPI2000000550,Oncology,Midwest,235,6.23,377.56,1.05,0.253,0.095,0.131,0.004,0.033,0.234,1.24,578097.61,No injected typology,0
NPI2000000551,Internal Medicine,South,30,4.25,360.33,1.09,0.23,0.018,0.053,0.042,0.022,0.415,-1.06,49938.27,No injected typology,0
NPI2000000552,Cardiology,South,121,8.99,271.33,1.17,0.423,0.08,0.198,0.067,0.105,0.099,1.4,343704.77,No injected typology,0
NPI2000000553,Oncology,Midwest,179,8.09,137.0,1.45,0.11,0.0,0.079,0.026,0.176,0.407,-0.52,287347.98,No injected typology,0
NPI2000000554,Orthopedics,Midwest,67,6.14,571.01,0.7,0.101,0.002,0.018,0.015,0.124,0.232,0.86,163361.12,No injected typology,0
NPI2000000555,Lab,Midwest,40,6.76,333.76,1.38,0.267,0.036,0.075,0.03,0.018,0.16,-0.37,124841.19,No injected typology,0
NPI2000000556,Internal Medicine,Midwest,69,4.88,482.66,0.98,0.346,0.044,0.046,0.049,0.138,0.223,-0.96,159135.79,No injected typology,0
NPI2000000557,Lab,West,208,7.23,974.2,0.9,0.112,0.03,0.019,0.033,0.161,0.09,1.44,1316218.85,No injected typology,0
NPI2000000558,Cardiology,Midwest,201,6.27,358.63,1.33,0.014,0.009,0.019,0.099,0.065,0.055,-0.11,600851.27,No injected typology,0
NPI2000000559,Internal Medicine,Midwest,197,6.43,339.78,0.81,0.362,0.014,0.139,0.139,0.038,0.236,-1.38,347165.76,No injected typology,0
NPI2000000560,Radiology,West,144,4.53,194.47,0.87,0.026,0.022,0.029,0.026,0.229,0.287,0.33,110928.25,No injected typology,0
NPI2000000561,Oncology,Northeast,296,4.4,264.94,0.63,0.102,0.096,0.159,0.087,0.052,0.207,-0.7,216900.82,No injected typology,0
NPI2000000562,Oncology,West,221,5.44,382.38,0.98,0.283,0.021,0.2,0.009,0.132,0.088,-0.32,448978.69,No injected typology,0
NPI2000000563,Radiology,Midwest,114,6.84,160.69,1.27,0.118,0.045,0.099,0.074,0.028,0.209,0.27,159284.89,No injected typology,0
NPI2000000564,Oncology,West,159,4.96,154.97,1.19,0.347,0.153,0.095,0.012,0.077,0.105,-0.11,145224.34,No injected typology,0
NPI2000000565,Oncology,South,515,6.96,586.78,0.62,0.155,0.044,0.006,0.141,0.057,0.145,-0.05,1309622.63,No injected typology,0
NPI2000000566,DME Supplier,South,118,5.22,322.6,1.32,0.303,0.04,0.139,0.078,0.137,0.142,0.67,261548.11,No injected typology,0
NPI2000000567,Internal Medicine,South,79,4.96,385.56,1.02,0.109,0.024,0.239,0.081,0.076,0.04,-0.0,153979.71,No injected typology,0
NPI2000000568,Lab,South,71,8.51,139.68,1.29,0.22,0.028,0.034,0.108,0.069,0.257,0.11,108958.27,No injected typology,0
NPI2000000569,Orthopedics,West,49,5.78,264.82,1.04,0.372,0.058,0.215,0.095,0.136,0.023,-1.3,78308.75,No injected typology,0
NPI2000000570,Cardiology,South,72,5.57,404.95,0.88,0.13,0.046,0.071,0.002,0.111,0.151,-0.69,143120.36,No injected typology,0
NPI2000000571,Pain Management,South,350,5.04,342.41,1.18,0.967,0.034,0.107,0.004,0.139,0.013,2.78,712006.05,Upcoding,1
NPI2000000572,Internal Medicine,South,234,5.57,313.03,0.88,0.15,0.038,0.059,0.059,0.084,0.517,-0.52,360176.04,No injected typology,0
NPI2000000573,Internal Medicine,South,219,5.88,236.38,0.98,0.068,0.02,0.051,0.007,0.122,0.5,0.56,299812.8,No injected typology,0
NPI2000000574,Cardiology,Midwest,259,4.57,308.11,1.29,0.516,0.039,0.004,0.003,0.061,0.21,-0.03,471310.57,No injected typology,0
NPI2000000575,DME Supplier,South,107,5.76,1931.14,0.8,0.833,0.013,0.684,0.0,0.283,0.29,11.41,947150.32,Upcoding,1
NPI2000000576,Radiology,Midwest,126,5.8,120.9,1.13,0.132,0.134,0.019,0.025,0.094,0.191,-0.43,99998.71,No injected typology,0
NPI2000000577,Oncology,Northeast,170,8.35,217.89,1.05,0.242,0.04,0.762,0.073,0.083,0.292,5.68,325491.01,Unbundling/modifier abuse,1
NPI2000000578,Lab,South,377,5.44,388.81,1.11,0.058,0.054,0.153,0.08,0.069,0.452,-0.12,881481.15,No injected typology,0
NPI2000000579,Oncology,Midwest,121,6.31,762.96,0.95,0.344,0.031,0.023,0.144,0.126,0.271,0.48,554178.51,No injected typology,0
NPI2000000580,Home Health,South,71,6.37,518.02,0.72,0.173,0.151,0.174,0.066,0.222,0.583,1.6,167521.28,No injected typology,0
NPI2000000581,Radiology,West,94,6.71,369.01,0.91,0.114,0.126,0.164,0.016,0.099,0.366,0.55,212403.05,No injected typology,0
NPI2000000582,DME Supplier,West,385,6.55,173.93,1.14,0.146,0.066,0.199,0.014,0.251,0.315,-0.33,501382.61,No injected typology,0
NPI2000000583,Internal Medicine,West,152,9.32,347.85,0.66,0.12,0.058,0.092,0.058,0.038,0.291,0.89,327181.05,No injected typology,0
NPI2000000584,Internal Medicine,Northeast,75,4.45,297.93,0.87,0.279,0.066,0.21,0.014,0.234,0.469,2.31,86844.55,No injected typology,0
NPI2000000585,Radiology,West,192,8.13,134.48,0.76,0.262,0.034,0.186,0.028,0.126,0.068,-0.71,160499.49,No injected typology,0
NPI2000000586,Cardiology,West,251,5.8,247.59,1.12,0.042,0.052,0.182,0.013,0.027,0.311,1.0,405407.25,No injected typology,0
NPI2000000587,Radiology,Midwest,100,3.19,214.89,1.59,0.403,0.024,0.041,0.086,0.132,0.194,0.43,109317.45,No injected typology,0
NPI2000000588,Pain Management,Midwest,109,8.09,178.2,0.99,0.188,0.008,0.019,0.017,0.065,0.375,-0.31,155554.69,No injected typology,0
NPI2000000589,Internal Medicine,South,89,5.67,281.4,1.2,0.279,0.016,0.037,0.047,0.286,0.183,-0.16,171048.03,No injected typology,0
NPI2000000590,DME Supplier,Northeast,60,8.48,397.63,1.19,0.854,0.051,0.198,0.026,0.008,0.343,3.68,240352.47,Upcoding,1
NPI2000000591,Pain Management,South,125,4.78,291.15,1.25,0.205,0.037,0.097,0.061,0.045,0.192,-0.06,217059.8,No injected typology,0
NPI2000000592,Internal Medicine,Midwest,245,5.55,381.43,0.74,0.212,0.031,0.105,0.076,0.025,0.024,-0.17,384682.49,No injected typology,0
NPI2000000593,Cardiology,Northeast,229,6.89,519.21,0.88,0.138,0.023,0.117,0.099,0.071,0.196,0.34,721367.49,No injected typology,0
NPI2000000594,Cardiology,South,152,7.45,751.49,1.18,0.16,0.033,0.003,0.015,0.124,0.414,1.43,1006899.83,No injected typology,0
NPI2000000595,Orthopedics,West,68,2.01,830.91,0.95,1.0,0.42,0.163,0.025,0.093,0.127,5.67,107286.14,Upcoding,1
NPI2000000596,Radiology,Northeast,171,3.65,184.68,0.97,0.297,0.101,0.134,0.02,0.073,0.342,-0.52,111786.46,No injected typology,0
NPI2000000597,Internal Medicine,South,292,8.08,683.07,0.78,0.189,0.01,0.175,0.109,0.082,0.2,0.59,1250828.44,No injected typology,0
NPI2000000598,Pain Management,West,304,8.33,386.5,1.44,0.119,0.026,0.057,0.049,0.095,0.365,0.36,1412842.15,No injected typology,0
NPI2000000599,Home Health,West,114,6.03,389.34,0.9,0.213,0.001,0.164,0.045,0.026,0.4,0.65,240995.5,No injected typology,0
NPI2000000600,Oncology,Northeast,92,6.7,681.29,0.82,0.865,0.036,0.026,0.023,0.34,0.298,3.77,343550.96,Upcoding,1
NPI2000000601,Internal Medicine,Midwest,285,3.8,386.25,1.12,0.108,0.025,0.651,0.026,0.011,0.25,3.83,469228.75,Unbundling/modifier abuse,1
NPI2000000602,Internal Medicine,Northeast,173,6.99,599.79,0.89,1.0,0.016,0.237,0.14,0.018,0.087,4.1,644708.87,Upcoding,1
NPI2000000603,Internal Medicine,South,380,6.0,207.38,1.12,0.174,0.009,0.022,0.058,0.028,0.383,0.06,528988.7,No injected typology,0
NPI2000000604,Cardiology,Northeast,278,6.17,417.36,0.79,0.127,0.008,0.046,0.173,0.023,0.185,0.17,566730.13,No injected typology,0
NPI2000000605,Internal Medicine,South,317,7.19,600.73,0.85,0.307,0.026,0.125,0.029,0.073,0.536,-1.14,1159447.85,No injected typology,0
NPI2000000606,Internal Medicine,West,166,5.69,304.58,1.3,0.163,0.022,0.289,0.053,0.077,0.374,-0.51,372594.32,No injected typology,0
NPI2000000607,Cardiology,South,79,7.8,221.18,1.13,0.075,0.375,0.193,0.035,0.011,0.207,-0.24,153697.52,Duplicate billing,1
NPI2000000608,Cardiology,West,211,5.22,542.77,1.11,0.095,0.006,0.144,0.233,0.196,0.305,1.15,662034.97,No injected typology,0
NPI2000000609,Pain Management,South,140,6.27,407.76,1.16,0.287,0.023,0.068,0.071,0.024,0.143,-1.9,415433.69,No injected typology,0
NPI2000000610,Home Health,Northeast,237,4.33,355.9,0.92,0.178,0.002,0.078,0.009,0.03,0.348,0.8,334807.54,No injected typology,0
NPI2000000611,Orthopedics,Northeast,146,7.16,295.37,0.88,0.107,0.101,0.231,0.206,0.233,0.138,0.97,271304.86,No injected typology,0
NPI2000000612,Internal Medicine,West,237,3.54,357.41,0.74,0.242,0.004,0.035,0.048,0.224,0.175,-1.32,221239.61,No injected typology,0
NPI2000000613,Internal Medicine,Northeast,113,5.1,631.55,1.34,0.386,0.06,0.537,0.048,0.089,0.128,4.1,486094.01,Unbundling/modifier abuse,1
NPI2000000614,Cardiology,Midwest,172,7.43,359.15,1.3,0.156,0.191,0.231,0.511,0.057,0.521,1.23,594175.53,Impossible frequency,1
NPI2000000615,Internal Medicine,Midwest,297,5.12,611.03,1.1,0.049,0.02,0.406,0.032,0.19,0.234,-0.32,1017990.59,No injected typology,0
NPI2000000616,Pain Management,South,384,3.36,415.55,1.18,0.34,0.004,0.037,0.076,0.03,0.422,-1.08,631392.95,No injected typology,0
NPI2000000617,Lab,West,78,7.47,569.15,1.09,0.101,0.024,0.144,0.082,0.168,0.23,0.28,360947.68,No injected typology,0
NPI2000000618,Radiology,South,196,8.69,213.64,0.8,0.402,0.017,0.092,0.05,0.156,0.101,-0.5,289758.23,No injected typology,0
NPI2000000619,Cardiology,Northeast,192,7.48,222.26,0.63,0.024,0.009,0.172,0.102,0.102,0.421,0.62,201786.89,No injected typology,0
NPI2000000620,Internal Medicine,Northeast,186,5.39,407.64,1.12,0.119,0.016,0.097,0.073,0.062,0.108,0.4,458579.69,No injected typology,0
NPI2000000621,Internal Medicine,South,164,5.67,323.06,0.76,0.308,0.015,0.102,0.084,0.008,0.152,0.65,228996.78,No injected typology,0
NPI2000000622,Pain Management,Northeast,183,6.92,523.79,0.75,0.177,0.033,0.232,0.062,0.128,0.317,0.88,499031.45,No injected typology,0
NPI2000000623,Orthopedics,Midwest,127,7.82,201.28,1.03,0.118,0.491,0.083,0.01,0.087,0.131,-0.57,205485.04,Duplicate billing,1
NPI2000000624,Home Health,South,223,6.53,344.29,1.07,0.162,0.046,0.113,0.033,0.204,0.316,0.2,538287.32,No injected typology,0
NPI2000000625,Internal Medicine,South,389,5.99,272.68,0.87,0.045,0.053,0.143,0.219,0.069,0.147,-0.89,552388.08,No injected typology,0
NPI2000000626,Cardiology,Midwest,62,7.5,280.92,1.05,0.473,0.039,0.174,0.03,0.103,0.161,0.67,137061.23,No injected typology,0
NPI2000000627,Home Health,Midwest,384,6.71,590.93,1.37,0.175,0.02,0.016,0.015,0.029,0.104,0.11,2086572.02,No injected typology,0
NPI2000000628,DME Supplier,West,76,8.44,344.95,1.23,0.428,0.053,0.063,0.079,0.561,0.116,3.24,272835.53,DME aberrancy,1
NPI2000000629,DME Supplier,South,131,5.88,331.12,1.51,0.087,0.011,0.042,0.069,0.135,0.289,0.75,383934.15,No injected typology,0
NPI2000000630,Lab,Northeast,96,8.28,324.9,1.22,0.262,0.029,0.127,0.229,0.139,0.152,0.8,314533.85,No injected typology,0
NPI2000000631,Internal Medicine,South,243,6.51,339.45,1.25,0.192,0.101,0.105,0.162,0.096,0.038,1.56,672667.92,No injected typology,0
NPI2000000632,Internal Medicine,South,142,8.12,321.0,0.64,0.328,0.02,0.08,0.677,0.092,0.279,-1.68,237485.51,Impossible frequency,1
NPI2000000633,DME Supplier,West,229,5.77,598.46,1.01,0.318,0.11,0.165,0.013,0.767,0.709,3.38,800202.63,DME aberrancy,1
NPI2000000634,DME Supplier,Midwest,51,5.28,163.84,1.04,0.415,0.012,0.07,0.011,0.027,0.153,1.62,45738.8,No injected typology,0
NPI2000000635,Oncology,West,161,4.83,344.38,1.09,0.12,0.076,0.125,0.087,0.136,0.216,-2.78,292305.81,No injected typology,0
NPI2000000636,Oncology,South,271,6.67,373.12,1.24,0.148,0.044,0.045,0.004,0.101,0.467,-0.26,833137.13,No injected typology,0
NPI2000000637,DME Supplier,Northeast,162,4.08,188.93,0.76,0.142,0.115,0.219,0.018,0.1,0.046,-0.04,95018.31,No injected typology,0
NPI2000000638,Radiology,Northeast,89,7.04,609.98,1.59,0.987,0.048,0.063,0.029,0.111,0.053,4.5,606564.75,Upcoding,1
NPI2000000639,Home Health,Northeast,171,6.89,154.99,1.06,0.258,0.007,0.189,0.066,0.089,0.219,-0.82,192701.89,No injected typology,0
NPI2000000640,Internal Medicine,Northeast,429,4.79,424.37,1.27,0.187,0.035,0.05,0.204,0.207,0.186,-1.46,1110347.72,No injected typology,0
NPI2000000641,Home Health,South,290,4.02,377.79,0.68,0.088,0.032,0.229,0.165,0.044,0.097,0.29,299576.34,No injected typology,0
NPI2000000642,Cardiology,Northeast,341,8.5,279.02,0.93,0.12,0.273,0.206,0.041,0.047,0.172,-2.6,755898.64,Duplicate billing,1
NPI2000000643,Orthopedics,South,96,5.37,272.9,1.1,0.226,0.435,0.108,0.145,0.365,0.052,0.18,154403.59,Duplicate billing,1
NPI2000000644,Internal Medicine,South,162,5.09,430.82,0.81,0.155,0.032,0.101,0.07,0.02,0.378,-1.58,286985.93,No injected typology,0
NPI2000000645,Internal Medicine,West,116,5.06,417.19,0.89,0.433,0.037,0.057,0.022,0.037,0.179,1.55,217412.55,No injected typology,0
NPI2000000646,Lab,Midwest,148,7.52,509.66,1.09,0.326,0.072,0.261,0.013,0.103,0.351,0.45,617342.69,No injected typology,0
NPI2000000647,Radiology,West,92,7.19,209.84,1.07,0.108,0.218,0.022,0.07,0.14,0.156,0.22,148109.93,No injected typology,0
NPI2000000648,Radiology,West,108,7.39,210.89,0.94,0.397,0.028,0.227,0.048,0.17,0.29,-0.55,158500.95,No injected typology,0
NPI2000000649,Cardiology,South,362,4.9,481.33,1.12,0.181,0.026,0.087,0.035,0.185,0.3,1.08,955143.83,No injected typology,0
NPI2000000650,Orthopedics,Midwest,79,7.53,205.88,1.07,0.219,0.03,0.178,0.062,0.028,0.439,1.08,131020.66,No injected typology,0
NPI2000000651,Internal Medicine,South,246,5.25,179.42,1.04,0.244,0.007,0.006,0.053,0.144,0.315,0.43,239792.7,No injected typology,0
NPI2000000652,Home Health,West,149,5.79,387.62,0.98,0.031,0.09,0.056,0.014,0.12,0.164,-1.37,328995.35,No injected typology,0
NPI2000000653,Lab,West,116,6.0,223.14,0.94,0.262,0.054,0.082,0.068,0.153,0.286,-1.28,145664.08,No injected typology,0
NPI2000000654,Radiology,South,252,4.15,329.01,1.17,0.126,0.01,0.211,0.029,0.095,0.114,-1.32,401119.17,No injected typology,0
NPI2000000655,Oncology,Northeast,182,6.48,213.2,0.84,0.447,0.062,0.12,0.037,0.103,0.318,0.04,212449.68,No injected typology,0
NPI2000000656,Cardiology,Northeast,364,6.37,223.33,1.51,0.39,0.022,0.129,0.095,0.044,0.209,0.47,780384.49,No injected typology,0
NPI2000000657,Radiology,West,567,5.0,278.03,1.07,0.763,0.054,0.182,0.033,0.107,0.058,0.46,842171.97,No injected typology,0
NPI2000000658,Internal Medicine,South,245,6.9,514.57,1.21,0.076,0.1,0.154,0.042,0.087,0.131,-0.14,1053865.05,No injected typology,0
NPI2000000659,DME Supplier,Midwest,132,6.95,797.29,0.56,0.112,0.008,0.958,0.208,0.075,0.245,3.62,413180.14,Unbundling/modifier abuse,1
NPI2000000660,Internal Medicine,Midwest,114,5.99,213.21,0.99,0.038,0.041,0.115,0.03,0.125,0.026,-0.79,143933.72,No injected typology,0
NPI2000000661,DME Supplier,West,61,8.37,179.06,1.09,0.093,0.013,0.139,0.016,0.13,0.299,-1.11,99998.81,No injected typology,0
NPI2000000662,DME Supplier,Midwest,171,5.62,455.89,0.9,0.234,0.054,0.047,0.078,0.124,0.185,-0.37,394794.15,No injected typology,0
NPI2000000663,Orthopedics,Northeast,114,4.96,268.77,0.81,0.286,0.063,0.119,0.041,0.142,0.242,-0.95,122822.03,No injected typology,0
NPI2000000664,Orthopedics,South,600,4.16,225.82,0.85,0.108,0.015,0.006,0.08,0.028,0.286,-0.65,481368.67,No injected typology,0
NPI2000000665,Radiology,West,118,7.29,209.74,0.96,0.179,0.009,0.054,0.04,0.024,0.167,0.34,172972.07,No injected typology,0
NPI2000000666,Pain Management,South,112,5.61,263.58,1.32,0.057,0.082,0.088,0.05,0.225,0.181,-0.7,218829.05,No injected typology,0
NPI2000000667,Orthopedics,Northeast,92,5.53,703.42,1.39,0.248,0.021,0.105,0.109,0.127,0.053,0.99,498838.36,No injected typology,0
NPI2000000668,Internal Medicine,Northeast,154,7.91,563.28,1.19,0.186,0.058,0.027,0.071,0.16,0.352,1.3,819230.46,No injected typology,0
NPI2000000669,Cardiology,Midwest,116,4.48,231.55,0.95,0.369,0.045,0.009,0.067,0.043,0.036,-1.59,114356.48,No injected typology,0
NPI2000000670,Lab,West,57,5.75,214.91,1.16,0.103,0.038,0.062,0.121,0.167,0.141,0.27,81650.92,No injected typology,0
NPI2000000671,Oncology,Northeast,317,5.22,358.3,0.73,0.301,0.021,0.004,0.089,0.11,0.253,0.7,432739.74,No injected typology,0
NPI2000000672,Orthopedics,Midwest,217,4.05,453.75,1.0,0.292,0.02,0.218,0.067,0.03,0.203,0.81,397877.52,No injected typology,0
NPI2000000673,Lab,Northeast,442,4.55,291.18,0.77,0.379,0.036,0.12,0.173,0.222,0.159,-0.88,452266.87,No injected typology,0
NPI2000000674,Lab,Midwest,247,5.94,498.3,1.04,0.117,0.037,0.117,0.073,0.125,0.145,-0.94,763381.68,No injected typology,0
NPI2000000675,Cardiology,West,166,6.06,738.98,0.99,0.042,0.021,0.01,0.022,0.12,0.07,1.65,735044.32,No injected typology,0
NPI2000000676,Cardiology,Midwest,291,6.0,227.99,1.17,0.069,0.066,0.073,0.073,0.141,0.295,-1.26,467358.81,No injected typology,0
NPI2000000677,Home Health,South,161,5.01,310.55,1.04,0.388,0.027,0.249,0.011,0.005,0.082,-0.52,260102.51,No injected typology,0
NPI2000000678,Cardiology,West,324,3.96,302.43,0.55,0.253,0.03,0.017,0.033,0.158,0.238,-0.94,213153.24,No injected typology,0
NPI2000000679,Oncology,Northeast,165,4.56,190.92,0.83,0.063,0.105,0.068,0.022,0.012,0.269,0.53,119904.87,No injected typology,0
NPI2000000680,Orthopedics,Midwest,193,7.57,277.68,1.01,0.091,0.022,0.144,0.133,0.029,0.055,0.72,409872.12,No injected typology,0
NPI2000000681,Radiology,Midwest,56,3.62,191.86,1.15,0.05,0.004,0.145,0.013,0.046,0.092,-0.21,44545.76,No injected typology,0
NPI2000000682,Radiology,Northeast,129,3.53,212.24,0.94,0.212,0.036,0.041,0.044,0.033,0.062,-1.31,90779.28,No injected typology,0
NPI2000000683,Cardiology,Northeast,202,6.59,181.03,1.29,0.254,0.014,0.014,0.22,0.147,0.56,0.13,310958.78,No injected typology,0
NPI2000000684,Lab,West,178,6.45,187.81,0.88,0.364,0.025,0.149,0.049,0.103,0.338,-0.14,190674.11,No injected typology,0
NPI2000000685,Orthopedics,West,158,5.12,452.96,1.13,0.395,0.043,0.075,0.061,0.16,0.235,-0.97,415093.95,No injected typology,0
NPI2000000686,Internal Medicine,Midwest,330,6.32,482.21,1.23,0.145,0.06,0.067,0.147,0.059,0.411,-1.07,1233668.74,No injected typology,0
NPI2000000687,Internal Medicine,West,336,3.59,881.04,0.76,0.096,0.07,0.877,0.095,0.21,0.175,4.75,811569.26,Unbundling/modifier abuse,1
NPI2000000688,Pain Management,Northeast,77,6.51,474.53,1.07,0.257,0.016,0.018,0.05,0.122,0.276,-0.32,254630.72,No injected typology,0
NPI2000000689,Home Health,Midwest,172,6.04,315.53,0.96,0.124,0.056,0.114,0.115,0.077,0.192,-1.73,313174.39,No injected typology,0
NPI2000000690,Cardiology,South,220,4.83,844.99,0.81,0.238,0.096,0.148,0.124,0.051,0.025,0.14,730829.33,No injected typology,0
NPI2000000691,Lab,Midwest,579,4.97,263.46,0.66,0.257,0.038,0.114,0.059,0.205,0.145,-0.38,500909.13,No injected typology,0
NPI2000000692,Cardiology,South,198,6.59,285.95,0.83,0.018,0.03,0.244,0.005,0.066,0.123,0.2,309240.79,No injected typology,0
NPI2000000693,Lab,South,126,7.27,399.76,1.06,0.113,0.047,0.119,0.027,0.04,0.337,0.55,388356.02,No injected typology,0
NPI2000000694,Internal Medicine,West,156,6.06,593.28,1.22,0.032,0.041,0.754,0.03,0.144,0.231,4.96,684082.87,Unbundling/modifier abuse,1
NPI2000000695,Cardiology,West,343,9.35,371.25,1.09,0.383,0.08,0.221,0.061,0.064,0.302,0.63,1300196.78,No injected typology,0
NPI2000000696,Internal Medicine,Midwest,38,4.51,420.01,1.38,0.106,0.015,0.086,0.013,0.111,0.341,1.25,99169.48,No injected typology,0
NPI2000000697,Pain Management,South,296,5.97,556.25,0.82,0.188,0.011,0.079,0.038,0.242,0.273,0.16,802099.08,No injected typology,0
NPI2000000698,Orthopedics,South,331,5.8,410.68,0.55,0.325,0.056,0.69,0.102,0.023,0.331,4.48,433333.04,Unbundling/modifier abuse,1
NPI2000000699,Orthopedics,South,148,5.8,224.53,1.05,0.014,0.029,0.071,0.009,0.109,0.165,-1.34,202091.43,No injected typology,0
NPI2000000700,Lab,South,326,6.41,463.9,0.88,0.07,0.052,0.338,0.1,0.007,0.375,0.41,856530.3,No injected typology,0
NPI2000000701,DME Supplier,South,106,5.0,317.14,1.6,0.159,0.115,0.125,0.081,0.078,0.185,-0.85,268866.48,No injected typology,0
NPI2000000702,Home Health,Northeast,86,7.5,239.52,1.15,0.039,0.036,0.117,0.064,0.066,0.365,0.88,178293.23,No injected typology,0
NPI2000000703,Orthopedics,Northeast,63,5.62,538.74,0.99,0.298,0.045,0.006,0.109,0.091,0.234,0.8,188840.64,No injected typology,0
NPI2000000704,Lab,Midwest,147,6.46,441.8,1.16,0.147,0.034,0.041,0.144,0.026,0.122,1.65,488402.66,No injected typology,0
NPI2000000705,Pain Management,West,209,5.83,316.04,1.21,0.335,0.018,0.027,0.043,0.109,0.095,0.75,465771.94,No injected typology,0
NPI2000000706,Radiology,West,179,5.84,336.51,1.01,0.249,0.03,0.024,0.252,0.166,0.597,-1.6,355923.9,No injected typology,0
NPI2000000707,Oncology,South,72,7.71,393.3,1.15,0.05,0.013,0.104,0.008,0.142,0.135,0.53,250448.73,No injected typology,0
NPI2000000708,Home Health,West,168,3.83,223.83,1.2,0.245,0.007,0.293,0.022,0.291,0.144,0.42,172513.98,No injected typology,0
NPI2000000709,Pain Management,South,229,6.23,415.44,0.97,0.251,0.055,0.084,0.044,0.329,0.11,2.28,573640.95,No injected typology,0
NPI2000000710,Cardiology,South,213,2.3,131.74,1.27,0.039,0.027,0.035,0.137,0.122,0.269,-0.8,82155.52,No injected typology,0
NPI2000000711,Oncology,Midwest,386,6.31,202.18,1.13,0.146,0.018,0.01,0.007,0.082,0.11,0.35,558139.87,No injected typology,0
NPI2000000712,Radiology,Northeast,87,4.78,751.52,1.29,0.179,0.028,0.058,0.214,0.083,0.083,0.57,402274.51,No injected typology,0
NPI2000000713,Radiology,Northeast,203,6.6,178.29,1.12,0.118,0.084,0.054,0.033,0.053,0.711,0.27,268757.06,No injected typology,0
NPI2000000714,Cardiology,West,148,6.27,361.83,0.79,0.013,0.012,0.057,0.042,0.249,0.128,2.51,264767.24,No injected typology,0
NPI2000000715,Pain Management,Midwest,172,7.9,730.72,1.09,0.333,0.011,0.079,0.065,0.079,0.149,0.47,1078174.03,No injected typology,0
NPI2000000716,Lab,West,116,6.93,919.37,1.01,0.118,0.084,0.186,0.065,0.122,0.24,-0.43,746926.85,No injected typology,0
NPI2000000717,Cardiology,Northeast,167,7.3,394.68,1.06,0.172,0.041,0.01,0.007,0.019,0.106,0.47,512156.2,No injected typology,0
NPI2000000718,Lab,South,72,7.89,327.04,1.04,0.204,0.01,0.11,0.111,0.226,0.233,1.68,194105.87,No injected typology,0
NPI2000000719,DME Supplier,West,114,5.31,276.51,0.99,0.252,0.009,0.07,0.045,0.254,0.3,-0.89,165925.27,No injected typology,0
NPI2000000720,Cardiology,Northeast,290,7.96,603.9,1.04,0.14,0.053,0.103,0.055,0.2,0.521,2.3,1448267.77,No injected typology,0
NPI2000000721,Orthopedics,West,115,6.97,267.96,1.05,0.207,0.003,0.375,0.12,0.071,0.309,1.95,225092.89,No injected typology,0
NPI2000000722,Internal Medicine,South,135,8.82,164.29,1.09,0.261,0.044,0.122,0.106,0.065,0.142,-1.01,213663.12,No injected typology,0
NPI2000000723,Home Health,Midwest,203,4.46,109.72,1.23,0.268,0.064,0.114,0.123,0.072,0.244,-0.24,122465.5,No injected typology,0
NPI2000000724,Radiology,West,225,7.13,269.77,1.28,0.253,0.002,0.096,0.023,0.03,0.206,-0.63,555010.17,No injected typology,0
NPI2000000725,Internal Medicine,West,339,5.92,183.22,1.22,0.04,0.014,0.067,0.082,0.082,0.181,0.7,448006.35,No injected typology,0
NPI2000000726,Cardiology,Midwest,101,5.6,969.73,1.01,0.05,0.168,0.737,0.002,0.09,0.005,3.62,556491.09,Unbundling/modifier abuse,1
NPI2000000727,Radiology,West,141,5.15,298.55,1.06,0.266,0.034,0.052,0.047,0.055,0.209,0.82,229903.17,No injected typology,0
NPI2000000728,Cardiology,Midwest,76,9.43,478.79,1.12,0.112,0.08,0.067,0.111,0.152,0.323,-0.95,384417.77,No injected typology,0
NPI2000000729,DME Supplier,West,213,5.37,395.89,0.79,0.056,0.014,0.189,0.019,0.007,0.101,2.02,360182.78,No injected typology,0
NPI2000000730,Lab,West,170,6.12,303.72,1.06,0.275,0.032,0.221,0.085,0.402,0.201,0.1,336426.1,No injected typology,0
NPI2000000731,DME Supplier,South,182,3.98,309.46,0.99,0.08,0.021,0.066,0.037,0.118,0.479,-1.28,221172.64,No injected typology,0
NPI2000000732,Internal Medicine,South,86,1.75,213.17,0.6,0.276,0.039,0.047,0.063,0.083,0.411,0.09,19240.21,No injected typology,0
NPI2000000733,Lab,Midwest,245,6.69,122.22,0.86,0.258,0.032,0.033,0.047,0.031,0.429,0.01,173328.11,No injected typology,0
NPI2000000734,Radiology,Northeast,80,8.45,361.77,0.85,0.088,0.039,0.039,0.055,0.295,0.253,-0.45,207575.22,No injected typology,0
NPI2000000735,DME Supplier,Midwest,77,5.66,374.08,1.07,0.551,0.064,0.199,0.165,0.175,0.105,-1.03,173770.26,No injected typology,0
NPI2000000736,Orthopedics,Northeast,118,3.74,613.07,1.01,0.095,0.089,0.116,0.03,0.19,0.276,0.4,273526.37,No injected typology,0
NPI2000000737,DME Supplier,South,95,4.63,374.97,1.08,0.024,0.045,0.065,0.16,0.088,0.259,0.3,178287.37,No injected typology,0
NPI2000000738,Orthopedics,South,226,7.55,288.43,0.91,0.115,0.106,0.188,0.056,0.212,0.057,2.0,446516.45,No injected typology,0
NPI2000000739,Internal Medicine,South,174,5.69,1738.72,0.86,0.719,0.052,0.203,0.062,0.091,0.369,6.34,1473401.24,Upcoding,1
NPI2000000740,Internal Medicine,Midwest,103,8.6,167.48,0.9,0.064,0.022,0.06,0.302,0.138,0.179,-0.52,133027.16,No injected typology,0
NPI2000000741,Internal Medicine,Midwest,293,4.69,237.47,0.79,0.143,0.037,0.041,0.02,0.103,0.336,0.37,258015.95,No injected typology,0
NPI2000000742,Internal Medicine,South,239,8.06,486.75,1.22,0.164,0.024,0.268,0.045,0.065,0.206,-1.43,1146344.78,No injected typology,0
NPI2000000743,Cardiology,Midwest,139,3.13,242.27,0.65,0.1,0.025,0.118,0.071,0.084,0.091,0.95,68069.56,No injected typology,0
NPI2000000744,Home Health,Northeast,100,5.43,135.37,1.46,0.017,0.407,0.18,0.056,0.075,0.511,-0.73,107300.21,Duplicate billing,1
NPI2000000745,DME Supplier,West,85,3.05,234.56,0.83,0.12,0.104,0.064,0.134,0.057,0.189,0.32,50223.8,No injected typology,0
NPI2000000746,DME Supplier,Northeast,188,7.73,426.95,0.7,0.073,0.3,0.255,0.026,0.402,0.579,3.89,436904.53,Duplicate billing,1
NPI2000000747,Lab,Northeast,156,7.5,159.77,1.24,0.031,0.011,0.423,0.12,0.05,0.354,-0.51,231073.66,No injected typology,0
NPI2000000748,Internal Medicine,Midwest,190,6.97,363.77,1.22,0.146,0.021,0.068,0.085,0.122,0.091,-0.7,587457.61,No injected typology,0
NPI2000000749,Orthopedics,West,199,6.05,462.35,1.22,0.136,0.03,0.072,0.035,0.132,0.467,-1.33,679608.79,No injected typology,0
NPI2000000750,Internal Medicine,South,189,5.62,551.47,1.29,0.171,0.025,0.071,0.044,0.09,0.121,0.2,755416.09,No injected typology,0
NPI2000000751,Orthopedics,Northeast,107,4.6,273.37,0.83,0.168,0.047,0.127,0.046,0.128,0.378,-0.91,111437.74,No injected typology,0
NPI2000000752,Internal Medicine,South,196,5.87,1106.22,0.8,0.125,0.03,0.569,0.083,0.034,0.248,2.7,1015538.76,Unbundling/modifier abuse,1
NPI2000000753,Internal Medicine,West,156,5.63,370.29,1.34,0.27,0.088,0.002,0.028,0.036,0.299,0.16,434465.77,No injected typology,0
NPI2000000754,Internal Medicine,West,43,7.5,283.19,0.88,0.176,0.016,0.126,0.023,0.029,0.049,0.4,80637.27,No injected typology,0
NPI2000000755,Orthopedics,South,118,4.81,239.17,0.93,0.168,0.003,0.1,0.544,0.108,0.091,0.23,126184.01,Impossible frequency,1
NPI2000000756,Radiology,West,311,2.93,260.16,0.95,0.417,0.002,0.197,0.044,0.146,0.185,-0.67,225996.4,No injected typology,0
NPI2000000757,Cardiology,Midwest,199,7.26,320.03,0.94,0.209,0.019,0.162,0.003,0.214,0.31,0.51,433352.8,No injected typology,0
NPI2000000758,Radiology,Northeast,123,6.43,256.79,0.95,0.177,0.019,0.74,0.026,0.109,0.172,3.6,192726.02,Unbundling/modifier abuse,1
NPI2000000759,Cardiology,Northeast,117,8.34,202.66,1.4,0.364,0.072,0.206,0.007,0.07,0.212,0.51,276863.38,No injected typology,0
NPI2000000760,Cardiology,Midwest,200,6.91,349.02,1.22,0.129,0.053,0.079,0.052,0.369,0.157,-0.26,588847.65,No injected typology,0
NPI2000000761,Pain Management,Northeast,126,7.44,524.03,1.31,0.056,0.007,0.118,0.134,0.147,0.563,1.29,641205.18,No injected typology,0
NPI2000000762,Internal Medicine,West,64,4.04,499.22,1.29,0.105,0.017,0.047,0.031,0.109,0.139,1.59,166314.77,No injected typology,0
NPI2000000763,Pain Management,West,72,7.59,336.54,1.02,0.211,0.033,0.001,0.162,0.063,0.073,0.04,187359.16,No injected typology,0
NPI2000000764,DME Supplier,West,642,6.81,344.85,0.91,0.187,0.066,0.016,0.024,0.18,0.118,0.46,1364887.54,No injected typology,0
NPI2000000765,Lab,South,134,9.19,538.98,1.11,0.285,0.026,0.325,0.017,0.025,0.364,-0.76,739599.65,No injected typology,0
NPI2000000766,Internal Medicine,Midwest,163,6.97,635.2,0.94,0.266,0.011,0.094,0.093,0.129,0.216,1.23,679207.18,No injected typology,0
NPI2000000767,Radiology,Midwest,178,6.24,352.32,1.09,0.065,0.017,0.074,0.157,0.012,0.294,0.11,428369.05,No injected typology,0
NPI2000000768,DME Supplier,South,196,3.99,374.85,0.75,0.305,0.021,0.015,0.049,0.069,0.152,0.95,221191.48,No injected typology,0
NPI2000000769,DME Supplier,Northeast,242,7.02,439.0,1.36,0.087,0.004,0.041,0.184,0.117,0.27,0.55,1016271.11,No injected typology,0
NPI2000000770,Internal Medicine,South,168,8.73,870.12,0.94,0.05,0.037,0.008,0.034,0.064,0.053,-0.74,1194637.36,No injected typology,0
NPI2000000771,Lab,Midwest,126,5.84,262.95,0.82,0.235,0.061,0.252,0.083,0.097,0.423,-0.18,158886.64,No injected typology,0
NPI2000000772,Cardiology,West,141,4.93,409.67,1.07,0.365,0.019,0.108,0.124,0.006,0.054,0.43,303293.14,No injected typology,0
NPI2000000773,DME Supplier,Northeast,154,7.11,368.9,0.92,0.209,0.039,0.247,0.052,0.043,0.105,1.78,373032.38,No injected typology,0
NPI2000000774,DME Supplier,Midwest,425,5.2,206.44,0.97,0.475,0.043,0.122,0.037,0.112,0.487,-1.57,444635.37,No injected typology,0
NPI2000000775,Oncology,West,443,7.53,369.57,0.8,0.548,0.044,0.041,0.111,0.044,0.395,0.44,988316.68,No injected typology,0
NPI2000000776,Home Health,South,248,6.3,313.12,0.94,0.215,0.032,0.636,0.002,0.15,0.428,0.83,459252.6,No injected typology,0
NPI2000000777,Oncology,South,447,7.99,391.2,0.85,0.061,0.006,0.085,0.017,0.112,0.183,-0.24,1183451.61,No injected typology,0
NPI2000000778,Cardiology,South,119,7.59,257.55,1.4,0.103,0.038,0.14,0.022,0.147,0.31,0.96,326576.08,No injected typology,0
NPI2000000779,Home Health,West,101,6.61,440.43,1.01,0.312,0.024,0.201,0.118,0.055,0.231,0.98,297324.62,No injected typology,0
NPI2000000780,DME Supplier,South,42,7.75,357.24,0.79,0.193,0.071,0.044,0.016,0.203,0.208,0.77,91704.54,No injected typology,0
NPI2000000781,DME Supplier,Midwest,265,4.89,730.12,0.93,0.367,0.024,0.081,0.107,0.075,0.197,1.72,877047.12,No injected typology,0
NPI2000000782,Home Health,Northeast,207,7.17,265.04,1.14,0.093,0.04,0.069,0.02,0.075,0.184,-2.26,446566.85,No injected typology,0
NPI2000000783,DME Supplier,Midwest,77,6.07,291.15,1.01,0.026,0.015,0.111,0.049,0.021,0.174,0.88,137119.0,No injected typology,0
NPI2000000784,Orthopedics,West,221,6.64,289.6,0.64,0.418,0.102,0.193,0.056,0.074,0.365,0.85,269853.37,No injected typology,0
NPI2000000785,Home Health,Northeast,134,8.72,306.55,0.67,0.178,0.058,0.032,0.028,0.21,0.264,1.17,239280.99,No injected typology,0
NPI2000000786,Internal Medicine,West,184,5.17,381.52,1.18,0.144,0.015,1.0,0.082,0.19,0.133,2.75,429391.59,Unbundling/modifier abuse,1
NPI2000000787,Pain Management,South,292,6.73,223.9,1.24,0.404,0.017,0.049,0.13,0.173,0.12,-1.08,543804.3,No injected typology,0
NPI2000000788,Pain Management,Northeast,233,6.81,450.31,1.34,0.123,0.026,0.167,0.037,0.051,0.171,-0.04,955227.72,No injected typology,0
NPI2000000789,Cardiology,Northeast,156,7.22,247.43,1.18,0.032,0.019,0.078,0.005,0.188,0.104,0.38,327483.37,No injected typology,0
NPI2000000790,DME Supplier,Northeast,126,5.84,370.54,1.26,0.287,0.062,0.189,0.146,0.067,0.29,-1.26,342601.0,No injected typology,0
NPI2000000791,Home Health,South,290,7.83,351.71,0.81,0.27,0.009,0.158,0.033,0.247,0.184,0.46,645040.61,No injected typology,0
NPI2000000792,Internal Medicine,Midwest,83,8.55,562.09,0.9,0.105,0.015,0.042,0.008,0.074,0.139,1.03,357767.4,No injected typology,0
NPI2000000793,Cardiology,South,195,5.13,334.43,0.74,0.147,0.02,0.147,0.056,0.122,0.163,-0.97,246627.78,No injected typology,0
NPI2000000794,Internal Medicine,South,278,5.42,359.65,1.17,0.219,0.007,0.029,0.18,0.048,0.583,-0.72,634570.55,No injected typology,0
NPI2000000795,DME Supplier,Midwest,365,7.14,202.77,1.27,0.21,0.019,0.089,0.005,0.218,0.442,-0.71,672699.01,No injected typology,0
NPI2000000796,Internal Medicine,South,65,8.14,439.51,1.08,0.075,0.07,0.286,0.014,0.127,0.16,-0.18,250400.03,No injected typology,0
NPI2000000797,Cardiology,South,220,6.04,172.48,0.78,0.386,0.022,0.103,0.053,0.198,0.452,0.28,178323.12,No injected typology,0
NPI2000000798,Pain Management,South,139,6.97,432.4,1.12,0.189,0.047,0.04,0.035,0.205,0.267,0.89,467911.22,No injected typology,0
NPI2000000799,Pain Management,Northeast,142,4.04,270.73,1.05,0.348,0.044,0.07,0.074,0.14,0.271,0.34,162782.28,No injected typology,0
NPI2000000800,Internal Medicine,Midwest,275,4.24,662.89,1.07,0.205,0.372,0.19,0.013,0.08,0.118,0.85,823984.31,Duplicate billing,1
NPI2000000801,Oncology,Northeast,185,4.54,237.88,1.03,0.255,0.037,0.013,0.02,0.071,0.214,1.26,206840.87,No injected typology,0
NPI2000000802,Cardiology,South,34,9.05,410.16,1.28,0.285,0.071,0.055,0.044,0.044,0.013,-1.18,161278.36,No injected typology,0
NPI2000000803,Home Health,West,245,10.25,759.48,1.14,0.055,0.017,0.012,0.108,0.118,0.307,0.36,2168824.67,No injected typology,0
NPI2000000804,Cardiology,South,85,4.94,1293.83,1.06,0.184,0.049,0.119,0.022,0.064,0.115,0.78,575842.82,No injected typology,0
NPI2000000805,DME Supplier,Northeast,223,6.24,687.27,0.71,0.932,0.028,0.181,0.133,0.11,0.253,4.07,681219.61,Upcoding,1
NPI2000000806,Orthopedics,Midwest,115,7.11,463.03,1.09,0.293,0.007,0.003,0.029,0.231,0.062,-0.87,412450.76,No injected typology,0
NPI2000000807,Cardiology,Midwest,105,7.42,532.78,1.31,0.239,0.046,0.151,0.069,0.132,0.141,0.2,545790.89,No injected typology,0
NPI2000000808,Pain Management,Midwest,162,5.97,210.3,1.02,0.064,0.029,0.017,0.04,0.083,0.23,-0.58,208171.16,No injected typology,0
NPI2000000809,DME Supplier,West,221,6.38,398.1,1.33,0.199,0.029,0.047,0.102,0.078,0.118,-0.31,747672.79,No injected typology,0
NPI2000000810,DME Supplier,West,91,3.48,969.26,1.07,0.598,0.028,0.065,0.131,0.408,0.114,9.19,329068.25,Upcoding,1
NPI2000000811,Home Health,South,334,6.02,322.66,0.84,0.127,0.065,0.141,0.043,0.192,0.16,-1.0,545491.34,No injected typology,0
NPI2000000812,Cardiology,South,114,4.31,321.06,1.12,0.021,0.104,0.045,0.067,0.135,0.17,1.09,176033.94,No injected typology,0
NPI2000000813,Internal Medicine,Northeast,205,4.99,255.33,1.12,0.207,0.004,0.045,0.002,0.05,0.402,0.54,293662.81,No injected typology,0
NPI2000000814,Cardiology,South,457,5.94,346.59,0.97,0.093,0.042,0.15,0.014,0.107,0.362,0.76,914244.29,No injected typology,0
NPI2000000815,Orthopedics,South,129,3.73,328.62,1.35,0.142,0.023,0.017,0.052,0.076,0.287,-0.52,213429.8,No injected typology,0
NPI2000000816,Home Health,West,189,4.57,523.31,1.11,0.156,0.044,0.07,0.111,0.527,0.548,-2.0,500616.65,No injected typology,0
NPI2000000817,Orthopedics,Midwest,242,6.25,262.59,0.99,0.229,0.032,0.031,0.016,0.136,0.321,0.78,394349.59,No injected typology,0
NPI2000000818,Cardiology,Midwest,268,7.13,490.23,0.71,0.193,0.015,0.006,0.528,0.033,0.407,-0.42,660552.06,Impossible frequency,1
NPI2000000819,Internal Medicine,West,290,6.77,351.5,0.88,0.496,0.012,0.023,0.069,0.093,0.19,-0.56,606432.25,No injected typology,0
NPI2000000820,DME Supplier,Northeast,176,7.44,636.27,1.04,0.322,0.016,0.092,0.112,0.039,0.303,0.87,864147.34,No injected typology,0
NPI2000000821,Internal Medicine,West,169,5.1,253.89,1.28,0.148,0.049,0.086,0.073,0.025,0.19,0.06,280667.76,No injected typology,0
NPI2000000822,DME Supplier,South,184,7.28,387.16,0.57,0.14,0.011,0.001,0.081,0.08,0.309,1.03,296807.21,No injected typology,0
NPI2000000823,Home Health,West,124,5.96,702.19,0.91,0.166,0.002,0.022,0.023,0.025,0.398,0.71,474282.37,No injected typology,0
NPI2000000824,Home Health,West,57,6.39,466.85,1.12,0.215,0.005,0.089,0.009,0.247,0.364,2.42,191239.14,No injected typology,0
NPI2000000825,Internal Medicine,Midwest,197,5.74,660.78,1.04,0.131,0.036,0.295,0.032,0.021,0.217,-0.0,777315.33,No injected typology,0
NPI2000000826,Orthopedics,West,166,5.59,354.29,0.66,0.045,0.012,0.119,0.152,0.124,0.521,-2.6,217467.59,No injected typology,0
NPI2000000827,Oncology,South,774,5.67,488.29,1.09,0.102,0.021,0.11,0.043,0.198,0.073,-1.51,2332599.59,No injected typology,0
NPI2000000828,Internal Medicine,South,124,6.56,576.72,0.84,0.03,0.045,0.051,0.023,0.006,0.23,1.39,392855.37,No injected typology,0
NPI2000000829,Home Health,Northeast,80,7.19,996.81,1.02,0.838,0.045,0.173,0.044,0.235,0.407,5.41,587502.13,Upcoding,1
NPI2000000830,Pain Management,South,112,5.24,2085.38,1.15,0.228,0.082,0.586,0.013,0.114,0.066,3.29,1413958.44,Unbundling/modifier abuse,1
NPI2000000831,Home Health,South,118,7.33,158.98,0.72,0.163,0.1,0.085,0.259,0.169,0.066,-0.4,98690.08,No injected typology,0
NPI2000000832,Orthopedics,Northeast,219,4.63,170.01,0.64,0.09,0.006,0.717,0.09,0.134,0.39,2.34,109987.36,Unbundling/modifier abuse,1
NPI2000000833,Internal Medicine,Midwest,122,6.4,300.49,1.32,0.093,0.09,0.055,0.027,0.146,0.188,-1.11,309165.81,No injected typology,0
NPI2000000834,DME Supplier,South,225,6.99,479.2,0.85,0.187,0.017,0.033,0.066,0.142,0.574,-0.26,638489.76,No injected typology,0
NPI2000000835,Internal Medicine,Midwest,115,7.2,402.68,0.92,0.081,0.063,0.016,0.091,0.024,0.159,-0.9,307594.12,No injected typology,0
NPI2000000836,Lab,Midwest,120,6.38,249.68,0.83,0.141,0.048,0.096,0.106,0.176,0.019,-1.58,158636.47,No injected typology,0
NPI2000000837,Radiology,Midwest,178,5.9,380.55,1.03,0.133,0.081,0.037,0.161,0.019,0.116,0.69,410811.05,No injected typology,0
NPI2000000838,Orthopedics,Northeast,172,6.38,275.71,0.89,0.071,0.008,0.09,0.101,0.059,0.175,-1.54,269059.52,No injected typology,0
NPI2000000839,DME Supplier,Midwest,71,3.72,716.23,0.99,0.195,0.046,0.126,0.011,0.117,0.209,0.57,187757.89,No injected typology,0
NPI2000000840,DME Supplier,Midwest,211,6.73,387.21,1.32,0.109,0.057,0.125,0.039,0.105,0.392,-1.48,726395.34,No injected typology,0
NPI2000000841,Oncology,Midwest,142,5.55,894.3,1.37,0.079,0.014,0.141,0.074,0.051,0.16,-1.14,968374.65,No injected typology,0
NPI2000000842,Internal Medicine,Midwest,501,2.98,704.95,1.41,0.157,0.015,0.111,0.009,0.131,0.098,1.36,1484110.16,No injected typology,0
NPI2000000843,Cardiology,Midwest,144,5.32,382.55,1.18,0.214,0.032,0.095,0.038,0.048,0.19,-0.71,345375.03,No injected typology,0
NPI2000000844,Orthopedics,South,195,5.72,588.92,0.85,0.121,0.023,0.826,0.057,0.22,0.17,3.73,559097.56,Unbundling/modifier abuse,1
NPI2000000845,Radiology,Northeast,92,6.73,393.93,1.4,0.325,0.013,0.05,0.013,0.075,0.231,-0.91,342604.34,No injected typology,0
NPI2000000846,Radiology,Midwest,221,5.17,286.07,1.02,0.016,0.069,0.138,0.014,0.062,0.135,-1.37,334379.45,No injected typology,0
NPI2000000847,Orthopedics,Midwest,117,6.0,340.13,1.22,0.083,0.476,0.058,0.064,0.182,0.307,0.91,292014.15,Duplicate billing,1
NPI2000000848,Internal Medicine,South,179,3.7,258.74,1.06,0.053,0.005,0.098,0.045,0.218,0.013,-0.97,181873.21,No injected typology,0
NPI2000000849,Home Health,Northeast,268,3.85,605.69,0.96,0.227,0.046,0.178,0.377,0.045,0.111,1.28,599827.79,No injected typology,0
NPI2000000850,Orthopedics,Northeast,73,5.63,169.39,0.78,0.078,0.031,0.105,0.062,0.147,0.25,-0.79,53989.18,No injected typology,0
NPI2000000851,Internal Medicine,West,47,6.81,406.94,0.77,0.179,0.064,0.256,0.137,0.116,0.285,1.45,99848.64,No injected typology,0
NPI2000000852,Home Health,South,138,4.88,451.43,1.24,0.17,0.038,0.126,0.054,0.168,0.548,1.29,377742.01,No injected typology,0
NPI2000000853,Pain Management,South,172,6.06,388.85,1.71,0.22,0.051,0.144,0.086,0.206,0.087,-0.21,692032.58,No injected typology,0
NPI2000000854,Cardiology,Northeast,221,4.77,191.38,0.99,0.138,0.018,0.103,0.235,0.061,0.133,-2.23,199555.72,No injected typology,0
NPI2000000855,Cardiology,Northeast,339,8.77,226.53,1.02,0.191,0.016,0.015,0.016,0.087,0.192,-0.09,689286.66,No injected typology,0
NPI2000000856,DME Supplier,Northeast,124,5.3,694.18,1.4,0.195,0.044,0.102,0.002,0.146,0.223,0.33,636815.0,No injected typology,0
NPI2000000857,Cardiology,Northeast,131,5.71,583.49,1.07,0.098,0.018,0.051,0.057,0.086,0.252,-0.8,464680.54,No injected typology,0
NPI2000000858,Orthopedics,Midwest,89,8.71,499.45,1.34,0.22,0.024,0.342,0.044,0.048,0.337,0.44,519645.55,No injected typology,0
NPI2000000859,Oncology,Midwest,209,7.74,154.37,1.02,0.372,0.042,0.203,0.081,0.001,0.237,-1.64,254259.83,No injected typology,0
NPI2000000860,Pain Management,West,309,5.97,109.89,1.24,0.151,0.022,0.098,0.009,0.086,0.202,-1.11,251453.52,No injected typology,0
NPI2000000861,Cardiology,Northeast,154,7.13,234.96,1.13,0.093,0.047,0.232,0.168,0.035,0.154,-1.71,292546.72,No injected typology,0
NPI2000000862,DME Supplier,Northeast,275,5.84,747.5,1.1,0.349,0.031,0.007,0.047,0.222,0.194,-0.45,1314987.13,No injected typology,0
NPI2000000863,Oncology,Northeast,118,7.79,441.16,1.08,0.259,0.041,0.282,0.006,0.195,0.173,0.17,437390.95,No injected typology,0
NPI2000000864,Lab,Northeast,122,4.26,481.25,0.69,0.067,0.026,0.128,0.145,0.163,0.244,-0.74,173478.24,No injected typology,0
NPI2000000865,Home Health,South,349,4.4,438.49,0.59,0.214,0.023,0.177,0.006,0.053,0.175,-0.36,395959.89,No injected typology,0
NPI2000000866,Lab,Midwest,334,5.6,123.41,1.37,0.204,0.086,0.105,0.041,0.048,0.022,0.21,315472.41,No injected typology,0
NPI2000000867,Radiology,Midwest,171,5.11,123.67,1.08,0.271,0.029,0.055,0.068,0.142,0.371,0.35,116562.23,No injected typology,0
NPI2000000868,Home Health,West,88,4.04,484.97,1.17,0.136,0.081,0.003,0.047,0.089,0.214,-0.75,201908.63,No injected typology,0
NPI2000000869,Orthopedics,South,185,5.61,878.38,1.39,0.466,0.056,0.126,0.088,0.101,0.157,-0.69,1268906.05,No injected typology,0
NPI2000000870,Internal Medicine,Northeast,80,6.2,306.9,1.46,0.138,0.019,0.051,0.02,0.021,0.119,1.83,221762.68,No injected typology,0
NPI2000000871,Radiology,Northeast,218,7.26,193.89,1.22,0.152,0.018,0.276,0.02,0.029,0.324,-0.34,372700.59,No injected typology,0
NPI2000000872,Home Health,West,127,8.96,520.92,1.37,0.07,0.052,0.791,0.021,0.254,0.035,4.13,813249.44,Unbundling/modifier abuse,1
NPI2000000873,Oncology,West,92,5.49,154.45,1.53,0.157,0.055,0.32,0.248,0.095,0.261,1.3,119406.2,No injected typology,0
NPI2000000874,Orthopedics,Northeast,152,2.71,201.43,0.99,0.374,0.02,0.021,0.05,0.293,0.353,-0.3,81906.18,No injected typology,0
NPI2000000875,Lab,West,684,6.28,819.97,0.85,0.272,0.384,0.113,0.068,0.12,0.352,1.3,3000438.88,Duplicate billing,1
NPI2000000876,Cardiology,South,217,3.92,523.46,1.2,0.446,0.063,0.054,0.034,0.161,0.44,0.15,534011.02,No injected typology,0
NPI2000000877,Oncology,South,221,4.89,341.6,0.84,0.205,0.025,0.116,0.055,0.275,0.363,-1.49,310150.38,No injected typology,0
NPI2000000878,Oncology,South,80,4.67,173.2,0.8,0.404,0.058,0.078,0.007,0.267,0.319,-0.32,51764.96,No injected typology,0
NPI2000000879,Internal Medicine,Midwest,235,4.4,411.2,1.52,0.435,0.027,0.221,0.008,0.348,0.226,-1.58,647682.91,No injected typology,0
NPI2000000880,Orthopedics,West,63,6.34,253.78,0.61,0.089,0.104,0.064,0.005,0.223,0.598,0.21,61568.24,No injected typology,0
NPI2000000881,Oncology,Northeast,113,7.66,221.53,0.89,0.34,0.073,0.423,0.025,0.077,0.314,-1.08,170000.89,No injected typology,0
NPI2000000882,Oncology,West,184,7.41,557.28,0.89,0.115,0.009,0.21,0.07,0.022,0.566,0.59,676676.26,No injected typology,0
NPI2000000883,Home Health,Northeast,566,6.27,696.16,1.41,0.383,0.061,0.063,0.048,0.118,0.118,-0.74,3473750.83,No injected typology,0
NPI2000000884,Internal Medicine,South,105,7.8,165.72,0.73,0.102,0.047,0.042,0.021,0.118,0.141,-1.31,98516.21,No injected typology,0
NPI2000000885,Internal Medicine,South,218,8.07,582.21,0.98,0.196,0.099,0.026,0.031,0.051,0.415,0.53,1000234.52,No injected typology,0
NPI2000000886,Cardiology,South,136,7.55,734.68,1.06,0.086,0.056,0.13,0.209,0.093,0.183,1.61,796172.36,No injected typology,0
NPI2000000887,Oncology,West,52,4.5,298.04,0.76,0.13,0.02,0.051,0.027,0.23,0.128,2.07,53263.63,No injected typology,0
NPI2000000888,Lab,South,232,6.67,413.76,1.06,0.294,0.071,0.356,0.064,0.331,0.298,0.69,680360.22,No injected typology,0
NPI2000000889,Orthopedics,South,664,4.1,221.34,1.13,0.115,0.437,0.252,0.165,0.171,0.532,-0.76,683179.73,Duplicate billing,1
NPI2000000890,Radiology,South,254,7.49,287.82,1.2,0.322,0.066,0.151,0.008,0.229,0.143,0.05,654882.38,No injected typology,0
NPI2000000891,Lab,Midwest,100,3.99,327.68,1.05,0.182,0.017,0.092,0.027,0.115,0.149,-1.57,136741.11,No injected typology,0
NPI2000000892,Cardiology,Northeast,151,6.81,212.85,1.47,0.205,0.003,0.112,0.065,0.119,0.228,0.82,322161.74,No injected typology,0
NPI2000000893,Lab,Northeast,220,7.1,369.58,0.76,0.342,0.041,0.032,0.043,0.229,0.375,1.32,440825.89,No injected typology,0
NPI2000000894,Cardiology,Midwest,89,7.5,541.12,1.42,0.233,0.006,0.034,0.078,0.276,0.287,-1.0,513663.87,No injected typology,0
NPI2000000895,Orthopedics,West,179,8.39,468.93,0.77,0.046,0.047,0.126,0.036,0.179,0.153,0.16,542922.84,No injected typology,0
NPI2000000896,Internal Medicine,Midwest,112,4.8,489.09,1.1,0.036,0.019,0.114,0.012,0.036,0.15,-0.24,290381.18,No injected typology,0
NPI2000000897,Internal Medicine,South,161,2.83,685.67,0.92,0.229,0.05,0.229,0.0,0.15,0.331,1.17,288642.56,No injected typology,0
NPI2000000898,DME Supplier,Midwest,125,5.98,255.83,0.92,0.149,0.02,0.144,0.102,0.127,0.154,0.29,176542.67,No injected typology,0
NPI2000000899,Internal Medicine,West,167,7.63,320.6,0.95,0.098,0.013,0.034,0.021,0.123,0.246,-0.43,390029.61,No injected typology,0
NPI2000000900,DME Supplier,South,201,5.17,954.45,0.55,0.326,0.019,0.1,0.057,0.121,0.276,-0.5,546028.3,No injected typology,0
NPI2000000901,Internal Medicine,Midwest,105,6.74,395.25,1.22,0.355,0.02,0.085,0.029,0.076,0.145,-1.71,341719.04,No injected typology,0
NPI2000000902,Radiology,Northeast,403,7.29,247.64,1.0,0.035,0.053,0.086,0.011,0.05,0.102,0.31,728565.29,No injected typology,0
NPI2000000903,Internal Medicine,South,86,7.95,393.51,0.92,0.161,0.011,0.075,0.074,0.438,0.027,-0.36,247410.05,No injected typology,0
NPI2000000904,Cardiology,Northeast,218,3.65,459.69,1.42,0.065,0.01,0.049,0.056,0.126,0.264,1.88,519951.37,No injected typology,0
NPI2000000905,Cardiology,South,518,6.62,417.17,0.83,0.149,0.006,0.203,0.038,0.166,0.115,-1.3,1185622.55,No injected typology,0
NPI2000000906,DME Supplier,Northeast,387,7.52,184.68,0.86,0.105,0.026,0.012,0.015,0.116,0.444,0.1,460189.93,No injected typology,0
NPI2000000907,Lab,West,148,5.44,173.21,0.94,0.284,0.058,0.089,0.089,0.137,0.278,-0.18,131305.57,No injected typology,0
NPI2000000908,Radiology,South,220,9.73,410.73,0.97,0.608,0.03,0.077,0.018,0.057,0.107,0.15,850908.8,No injected typology,0
NPI2000000909,Radiology,Northeast,96,7.93,462.78,1.14,0.079,0.068,0.386,0.094,0.172,0.085,-0.43,400699.17,No injected typology,0
NPI2000000910,Home Health,Midwest,206,6.13,351.27,1.0,0.168,0.034,0.117,0.057,0.043,0.161,-0.2,441696.46,No injected typology,0
NPI2000000911,DME Supplier,South,92,8.32,245.01,0.55,0.399,0.017,0.131,0.002,0.053,0.122,1.56,103112.46,No injected typology,0
NPI2000000912,Orthopedics,Northeast,327,6.25,471.28,0.93,0.353,0.01,0.104,0.048,0.063,0.483,0.08,893819.69,No injected typology,0
NPI2000000913,Internal Medicine,Northeast,201,6.93,485.49,1.01,0.304,0.048,0.072,0.089,0.084,0.539,-0.61,681902.04,No injected typology,0
NPI2000000914,Lab,Northeast,111,5.32,528.58,1.1,0.043,0.028,0.107,0.017,0.129,0.038,1.55,344389.16,No injected typology,0
NPI2000000915,Orthopedics,Northeast,259,6.1,348.64,0.93,0.07,0.015,0.026,0.042,0.111,0.049,1.44,515147.5,No injected typology,0
NPI2000000916,Home Health,West,117,4.18,456.49,0.8,0.056,0.053,0.074,0.018,0.173,0.267,-1.29,178585.85,No injected typology,0
NPI2000000917,Internal Medicine,Northeast,187,4.07,344.03,0.98,0.173,0.025,0.097,0.011,0.031,0.056,-0.16,257320.09,No injected typology,0
NPI2000000918,Orthopedics,South,101,6.17,280.65,1.37,0.057,0.026,0.14,0.019,0.158,0.228,-1.23,239378.49,No injected typology,0
NPI2000000919,Internal Medicine,Northeast,116,4.82,510.9,1.11,0.318,0.017,0.09,0.199,0.128,0.118,1.09,316071.43,No injected typology,0
NPI2000000920,Orthopedics,Midwest,276,5.2,260.84,1.38,0.065,0.036,0.114,0.077,0.232,0.413,-0.17,515569.4,No injected typology,0
NPI2000000921,Radiology,West,506,7.57,430.51,0.94,0.081,0.048,0.01,0.049,0.231,0.209,-0.84,1557210.8,No injected typology,0
NPI2000000922,Orthopedics,Northeast,445,9.27,217.82,1.16,0.07,0.003,0.272,0.047,0.18,0.462,0.84,1039382.52,No injected typology,0
NPI2000000923,Home Health,Northeast,310,6.83,281.1,1.21,0.136,0.005,0.353,0.19,0.23,0.366,0.35,723204.27,No injected typology,0
NPI2000000924,Internal Medicine,West,184,6.82,234.1,0.74,0.115,0.017,0.378,0.021,0.206,0.276,-0.75,217383.55,No injected typology,0
NPI2000000925,Orthopedics,South,274,5.28,504.34,1.44,0.077,0.086,0.016,0.057,0.251,0.072,0.06,1048540.66,No injected typology,0
NPI2000000926,Orthopedics,Midwest,155,8.18,209.73,1.46,0.78,0.026,0.115,0.122,0.092,0.273,3.18,388040.17,Upcoding,1
NPI2000000927,Pain Management,West,157,2.94,321.43,1.51,0.19,0.02,0.095,0.074,0.017,0.162,2.48,223369.13,No injected typology,0
NPI2000000928,Cardiology,Midwest,144,3.7,329.73,1.19,0.056,0.01,0.11,0.03,0.084,0.318,0.39,208707.74,No injected typology,0
NPI2000000929,Home Health,South,286,5.13,390.84,1.03,0.214,0.016,0.083,0.134,0.307,0.336,0.49,591313.4,No injected typology,0
NPI2000000930,Lab,Midwest,198,8.27,290.36,1.11,0.132,0.106,0.097,0.045,0.072,0.094,0.42,526426.25,No injected typology,0
NPI2000000931,Lab,Midwest,73,6.31,506.83,0.98,0.186,0.002,0.033,0.033,0.16,0.197,0.01,228533.34,No injected typology,0
NPI2000000932,Internal Medicine,South,196,6.67,475.79,0.74,0.204,0.031,0.062,0.004,0.192,0.162,-0.45,462082.68,No injected typology,0
NPI2000000933,Pain Management,Midwest,347,6.11,609.24,0.98,0.117,0.052,0.166,0.009,0.087,0.042,0.19,1271027.76,No injected typology,0
NPI2000000934,Orthopedics,Northeast,228,6.53,343.56,1.39,0.162,0.006,0.058,0.073,0.057,0.206,0.15,711137.47,No injected typology,0
NPI2000000935,DME Supplier,Midwest,114,4.84,428.86,1.29,0.056,0.021,0.037,0.0,0.176,0.178,-0.29,304712.47,No injected typology,0
NPI2000000936,Internal Medicine,West,168,7.34,443.95,0.6,0.2,0.103,0.026,0.081,0.121,0.086,0.35,329843.46,No injected typology,0
NPI2000000937,Radiology,Midwest,165,2.57,270.33,1.08,0.181,0.163,0.068,0.015,0.007,0.082,-0.84,124409.53,No injected typology,0
NPI2000000938,Orthopedics,South,281,5.22,230.58,0.88,0.039,0.058,0.083,0.049,0.321,0.056,-0.6,297569.86,No injected typology,0
NPI2000000939,Oncology,South,233,6.76,438.02,0.93,0.021,0.1,0.233,0.161,0.066,0.163,-0.11,643485.5,No injected typology,0
NPI2000000940,Internal Medicine,West,140,3.72,152.41,0.88,0.178,0.06,0.082,0.099,0.076,0.354,0.12,70061.03,No injected typology,0
NPI2000000941,Orthopedics,Midwest,281,8.52,264.15,0.94,0.014,0.058,0.245,0.136,0.189,0.133,-0.03,596062.58,No injected typology,0
NPI2000000942,Pain Management,South,55,8.76,457.44,1.49,0.214,0.012,0.063,0.579,0.103,0.088,-0.49,327647.07,Impossible frequency,1
NPI2000000943,Lab,Midwest,54,6.77,596.19,0.95,0.483,0.045,0.119,0.096,0.273,0.071,0.52,207314.1,No injected typology,0
NPI2000000944,Radiology,Midwest,255,5.07,665.91,1.07,0.129,0.034,0.008,0.042,0.083,0.224,0.65,917472.1,No injected typology,0
NPI2000000945,Internal Medicine,Northeast,53,7.96,356.37,1.04,0.235,0.016,0.053,0.076,0.011,0.327,0.88,156781.23,No injected typology,0
NPI2000000946,Cardiology,West,403,7.56,308.41,0.89,0.17,0.012,0.21,0.021,0.21,0.364,1.0,834487.78,No injected typology,0
NPI2000000947,Radiology,Northeast,193,6.96,700.27,0.93,0.016,0.017,0.176,0.083,0.094,0.174,1.34,873844.6,No injected typology,0
NPI2000000948,Orthopedics,Midwest,178,7.67,257.9,0.58,0.227,0.005,0.153,0.012,0.057,0.175,-1.1,202794.78,No injected typology,0
NPI2000000949,Cardiology,South,341,7.14,370.22,1.03,0.03,0.056,0.23,0.052,0.026,0.089,-0.21,923957.55,No injected typology,0
NPI2000000950,Oncology,Midwest,537,7.98,508.9,1.13,0.271,0.031,0.142,0.005,0.106,0.265,-1.22,2459132.83,No injected typology,0
NPI2000000951,Lab,South,172,6.42,465.58,1.12,0.36,0.045,0.02,0.259,0.185,0.152,-0.48,577826.97,No injected typology,0
NPI2000000952,Orthopedics,West,214,4.82,319.52,1.16,0.108,0.013,0.154,0.052,0.07,0.142,0.94,382573.51,No injected typology,0
NPI2000000953,DME Supplier,South,94,5.86,376.0,1.12,0.083,0.028,0.053,0.016,0.078,0.212,0.77,231579.48,No injected typology,0
NPI2000000954,Oncology,Midwest,78,4.15,542.5,1.09,0.044,0.03,0.044,0.084,0.134,0.508,-0.01,192210.3,No injected typology,0
NPI2000000955,Cardiology,West,77,3.99,1012.3,0.81,0.141,0.018,0.169,0.045,0.012,0.417,3.11,252618.18,No injected typology,0
NPI2000000956,Lab,West,363,7.27,397.38,0.62,0.041,0.014,0.229,0.133,0.224,0.36,0.05,645692.88,No injected typology,0
NPI2000000957,Lab,West,130,7.21,272.07,1.57,0.369,0.048,0.165,0.023,0.05,0.3,-1.27,399983.32,No injected typology,0
NPI2000000958,Radiology,Midwest,414,6.09,246.77,1.01,0.05,0.12,0.278,0.026,0.132,0.34,-0.9,630038.96,No injected typology,0
NPI2000000959,Home Health,Midwest,84,8.0,293.65,0.97,0.116,0.058,0.007,0.106,0.093,0.315,1.9,190785.72,No injected typology,0
NPI2000000960,Home Health,West,97,5.44,246.07,0.55,0.552,0.041,0.247,0.103,0.117,0.089,-0.41,71360.29,No injected typology,0
NPI2000000961,DME Supplier,South,181,7.33,185.44,1.2,0.269,0.046,0.092,0.048,0.019,0.183,0.19,295381.6,No injected typology,0
NPI2000000962,DME Supplier,Midwest,298,3.78,288.26,0.98,0.232,0.007,0.013,0.016,0.142,0.176,0.83,318358.81,No injected typology,0
NPI2000000963,Internal Medicine,Midwest,96,7.94,421.47,1.03,0.21,0.046,0.105,0.067,0.055,0.211,1.15,331994.9,No injected typology,0
NPI2000000964,DME Supplier,Midwest,121,4.37,625.83,1.25,0.144,0.013,0.197,0.045,0.228,0.287,-0.33,414691.15,No injected typology,0
NPI2000000965,Home Health,South,106,7.76,238.25,0.96,0.126,0.009,0.041,0.081,0.156,0.501,0.27,188592.23,No injected typology,0
NPI2000000966,Pain Management,Midwest,480,6.92,591.75,0.94,0.144,0.063,0.087,0.018,0.162,0.553,0.24,1854743.47,No injected typology,0
NPI2000000967,Home Health,West,206,10.47,346.35,0.89,0.036,0.007,0.018,0.047,0.027,0.053,-0.43,665117.62,No injected typology,0
NPI2000000968,Pain Management,South,213,6.97,397.39,1.35,0.341,0.019,0.024,0.108,0.07,0.2,0.89,795517.38,No injected typology,0
NPI2000000969,Lab,South,106,7.21,397.02,0.97,0.217,0.069,0.735,0.117,0.133,0.333,1.19,295590.37,Unbundling/modifier abuse,1
NPI2000000970,Radiology,Northeast,147,4.1,515.63,1.09,0.102,0.081,0.149,0.106,0.05,0.069,0.77,339592.31,No injected typology,0
NPI2000000971,Internal Medicine,Midwest,102,4.65,465.16,0.94,0.031,0.047,0.074,0.03,0.106,0.367,-0.5,207662.13,No injected typology,0
NPI2000000972,Radiology,Northeast,621,5.52,265.64,0.67,0.076,0.058,0.109,0.111,0.027,0.287,-2.53,611608.41,No injected typology,0
NPI2000000973,Cardiology,Midwest,147,5.67,361.57,1.1,0.374,0.017,0.141,0.068,0.082,0.155,-1.68,332416.55,No injected typology,0
NPI2000000974,Internal Medicine,Northeast,47,5.19,209.15,1.12,0.219,0.105,0.161,0.03,0.098,0.244,-0.81,57044.48,No injected typology,0
NPI2000000975,Internal Medicine,Midwest,77,6.31,239.99,1.01,0.115,0.055,0.024,0.001,0.044,0.266,0.45,117638.62,No injected typology,0
NPI2000000976,Orthopedics,West,41,6.63,280.5,0.98,0.177,0.008,0.136,0.047,0.042,0.164,-0.95,74542.97,No injected typology,0
NPI2000000977,DME Supplier,South,71,3.08,389.83,0.76,0.103,0.07,0.119,0.017,0.023,0.455,-0.37,64727.66,No injected typology,0
NPI2000000978,Orthopedics,West,53,8.01,586.6,0.98,0.039,0.042,0.195,0.029,0.278,0.49,-0.12,243778.33,No injected typology,0
NPI2000000979,Cardiology,Midwest,309,8.99,159.37,1.01,0.175,0.053,0.012,0.071,0.328,0.478,1.5,445153.76,No injected typology,0
NPI2000000980,Radiology,South,132,7.66,212.64,1.34,0.287,0.047,0.101,0.151,0.171,0.447,0.99,287907.4,No injected typology,0
NPI2000000981,Orthopedics,West,75,4.6,587.88,1.31,0.138,0.029,0.105,0.033,0.247,0.458,0.71,266424.84,No injected typology,0
NPI2000000982,Lab,Midwest,526,6.27,506.81,1.32,0.033,0.068,0.096,0.026,0.123,0.305,-0.33,2210228.87,No injected typology,0
NPI2000000983,Cardiology,South,119,7.31,697.77,0.78,0.226,0.026,0.226,0.17,0.309,0.175,-0.7,472842.03,No injected typology,0
NPI2000000984,Home Health,Midwest,445,4.93,466.26,0.78,0.104,0.023,0.031,0.022,0.11,0.136,0.99,792516.28,No injected typology,0
NPI2000000985,Orthopedics,South,136,5.74,432.61,1.53,0.355,0.057,0.159,0.032,0.111,0.122,-1.2,517327.7,No injected typology,0
NPI2000000986,Lab,Midwest,163,4.24,852.09,1.13,0.086,0.004,0.179,0.14,0.195,0.056,-0.51,667251.64,No injected typology,0
NPI2000000987,Home Health,South,230,9.07,1159.79,1.02,0.353,0.062,0.622,0.023,0.348,0.324,3.5,2478359.97,Unbundling/modifier abuse,1
NPI2000000988,Home Health,Northeast,416,3.62,390.37,0.98,0.054,0.051,0.126,0.002,0.082,0.043,-0.75,577002.48,No injected typology,0
NPI2000000989,Internal Medicine,Northeast,160,7.11,171.45,1.27,0.13,0.007,0.1,0.075,0.026,0.415,-0.28,247067.64,No injected typology,0
NPI2000000990,Radiology,Northeast,417,5.34,326.17,1.02,0.139,0.013,0.068,0.016,0.042,0.334,0.35,738573.33,No injected typology,0
NPI2000000991,Orthopedics,Northeast,97,6.7,453.83,0.65,0.207,0.02,0.136,0.01,0.088,0.341,1.43,191034.91,No injected typology,0
NPI2000000992,Radiology,South,603,6.08,1155.94,0.91,0.296,0.004,0.043,0.035,0.239,0.237,1.02,3835948.38,No injected typology,0
NPI2000000993,Lab,South,204,5.84,235.62,1.58,0.424,0.013,0.019,0.077,0.166,0.48,-1.13,444109.08,No injected typology,0
NPI2000000994,Internal Medicine,Midwest,176,7.99,279.19,0.95,0.091,0.035,0.159,0.025,0.052,0.326,0.22,373741.5,No injected typology,0
NPI2000000995,Internal Medicine,Northeast,145,5.06,231.52,1.17,0.017,0.022,0.014,0.054,0.068,0.479,-0.68,197963.36,No injected typology,0
NPI2000000996,Radiology,Northeast,191,5.71,290.09,1.21,0.19,0.045,0.054,0.012,0.037,0.235,0.53,381509.29,No injected typology,0
NPI2000000997,Oncology,South,233,6.4,357.62,1.0,0.293,0.06,0.156,0.111,0.027,0.391,-2.07,531337.58,No injected typology,0
NPI2000000998,Lab,Midwest,186,5.41,349.02,1.27,0.322,0.02,0.027,0.014,0.13,0.245,-1.73,445954.08,No injected typology,0
NPI2000000999,Pain Management,Northeast,70,3.24,459.61,1.28,0.197,0.042,0.095,0.023,0.098,0.027,-0.06,133115.07,No injected typology,0
NPI2000001000,Lab,South,521,5.37,539.66,1.21,0.44,0.04,0.303,0.211,0.116,0.32,1.72,1829306.91,No injected typology,0
NPI2000001001,Internal Medicine,West,111,9.04,282.18,1.44,0.014,0.02,0.219,0.005,0.158,0.186,-0.82,407930.01,No injected typology,0
NPI2000001002,Internal Medicine,West,96,6.82,229.5,1.06,0.13,0.419,0.028,0.137,0.054,0.48,0.31,158586.2,Duplicate billing,1
NPI2000001003,DME Supplier,West,89,7.37,177.01,1.13,0.326,0.014,0.162,0.0,0.148,0.385,-0.21,131702.98,No injected typology,0
NPI2000001004,DME Supplier,Northeast,248,6.32,101.05,1.0,0.462,0.039,0.103,0.021,0.198,0.181,0.5,158725.03,No injected typology,0
NPI2000001005,Lab,South,101,8.9,278.56,0.81,0.136,0.069,0.035,0.05,0.028,0.324,0.04,202163.08,No injected typology,0
NPI2000001006,Cardiology,South,137,4.33,160.86,0.85,0.255,0.017,0.051,0.015,0.1,0.433,-0.12,81245.46,No injected typology,0
NPI2000001007,Pain Management,Midwest,412,7.93,124.93,0.83,0.018,0.012,0.012,0.043,0.051,0.207,-0.24,337504.18,No injected typology,0
NPI2000001008,Oncology,Northeast,275,7.6,491.67,1.49,0.216,0.035,0.02,0.02,0.175,0.212,1.06,1531169.73,No injected typology,0
NPI2000001009,Cardiology,Northeast,161,7.6,354.13,1.25,0.251,0.098,0.537,0.065,0.102,0.188,3.94,542872.71,Unbundling/modifier abuse,1
NPI2000001010,Orthopedics,South,88,5.34,157.53,1.16,0.471,0.08,0.017,0.137,0.205,0.235,-0.66,85857.66,No injected typology,0
NPI2000001011,Home Health,Midwest,155,7.32,402.43,0.79,0.172,0.025,0.409,0.017,0.044,0.531,0.99,358845.85,No injected typology,0
NPI2000001012,Oncology,South,219,6.47,512.44,1.01,0.105,0.032,0.12,0.03,0.122,0.258,-0.47,735967.77,No injected typology,0
NPI2000001013,Internal Medicine,South,89,6.63,716.04,1.05,0.239,0.085,0.187,0.009,0.097,0.115,1.32,443860.07,No injected typology,0
NPI2000001014,Home Health,South,104,7.46,411.12,1.15,0.236,0.022,0.064,0.061,0.037,0.273,-0.05,366658.53,No injected typology,0
NPI2000001015,Orthopedics,South,230,4.96,402.78,0.99,0.089,0.053,0.064,0.055,0.188,0.128,-0.05,453871.98,No injected typology,0
NPI2000001016,Orthopedics,Midwest,136,6.0,207.42,0.91,0.334,0.029,0.271,0.121,0.178,0.274,-1.11,154202.05,No injected typology,0
NPI2000001017,Cardiology,Northeast,383,5.06,431.13,0.66,0.431,0.386,0.169,0.142,0.181,0.289,0.27,551783.76,Duplicate billing,1
NPI2000001018,Pain Management,South,73,6.87,446.2,0.95,0.154,0.03,0.076,0.713,0.051,0.085,-0.1,211837.77,Impossible frequency,1
NPI2000001019,DME Supplier,Midwest,117,8.53,482.23,1.18,0.29,0.047,0.149,0.107,0.155,0.384,-0.19,566082.68,No injected typology,0
NPI2000001020,Orthopedics,South,100,8.23,628.03,1.29,0.104,0.132,0.087,0.06,0.312,0.2,0.39,666896.4,No injected typology,0
NPI2000001021,Pain Management,South,194,5.27,337.54,0.94,0.455,0.043,0.241,0.096,0.078,0.146,1.79,323561.24,No injected typology,0
NPI2000001022,Home Health,South,107,7.02,360.78,1.09,0.121,0.045,0.027,0.022,0.079,0.375,1.61,294170.19,No injected typology,0
NPI2000001023,Lab,South,286,7.82,225.96,0.95,0.171,0.014,0.061,0.006,0.1,0.23,-1.07,480429.16,No injected typology,0
NPI2000001024,DME Supplier,South,494,4.98,351.92,1.15,0.095,0.026,0.137,0.075,0.067,0.356,0.56,993677.02,No injected typology,0
NPI2000001025,Orthopedics,South,159,7.88,798.76,1.05,0.27,0.045,0.219,0.083,0.021,0.058,0.41,1053680.41,No injected typology,0
NPI2000001026,Oncology,West,211,6.85,257.76,1.07,0.733,0.118,0.062,0.181,0.137,0.202,4.87,399184.29,Upcoding,1
NPI2000001027,Internal Medicine,South,117,7.15,230.45,0.67,0.288,0.001,0.284,0.094,0.034,0.087,0.21,129435.81,No injected typology,0
NPI2000001028,Internal Medicine,South,318,3.92,555.6,1.21,0.046,0.022,0.037,0.105,0.105,0.169,0.0,838054.15,No injected typology,0
NPI2000001029,Lab,Northeast,99,7.13,363.3,0.92,0.151,0.047,0.114,0.105,0.126,0.289,-0.09,236552.43,No injected typology,0
NPI2000001030,Cardiology,South,150,8.3,443.79,1.09,0.259,0.006,0.087,0.011,0.104,0.275,-0.4,604429.19,No injected typology,0
NPI2000001031,Internal Medicine,South,214,4.86,451.01,1.01,0.216,0.006,0.045,0.096,0.075,0.16,0.04,471752.33,No injected typology,0
NPI2000001032,Orthopedics,South,90,6.0,459.93,0.62,0.206,0.048,0.054,0.005,0.21,0.423,0.89,154659.4,No injected typology,0
NPI2000001033,Orthopedics,South,248,5.0,344.15,1.21,0.356,0.011,0.161,0.013,0.048,0.277,0.53,514805.07,No injected typology,0
NPI2000001034,Orthopedics,West,145,5.27,460.02,1.19,0.331,0.007,0.04,0.089,0.133,0.17,1.86,419188.35,No injected typology,0
NPI2000001035,Lab,West,198,3.35,278.31,1.38,0.198,0.03,0.017,0.042,0.218,0.182,0.15,254427.05,No injected typology,0
NPI2000001036,Cardiology,Northeast,131,6.37,503.3,0.87,0.107,0.007,0.142,0.066,0.115,0.108,-0.98,366246.18,No injected typology,0
NPI2000001037,Internal Medicine,West,78,5.42,371.58,0.55,0.081,0.043,0.161,0.043,0.092,0.249,-0.8,86380.89,No injected typology,0
NPI2000001038,Cardiology,Northeast,243,7.61,131.93,0.99,0.181,0.091,0.011,0.072,0.156,0.351,1.61,242182.75,No injected typology,0
NPI2000001039,Oncology,South,182,7.6,153.79,1.15,0.297,0.032,0.003,0.297,0.024,0.139,-0.1,244331.45,No injected typology,0
NPI2000001040,Orthopedics,West,179,6.02,437.68,1.33,0.354,0.04,0.215,0.004,0.091,0.509,0.69,627746.7,No injected typology,0
NPI2000001041,Orthopedics,Northeast,131,4.76,630.52,1.01,0.118,0.014,0.158,0.16,0.064,0.205,1.01,397223.16,No injected typology,0
NPI2000001042,Radiology,South,225,6.59,183.07,0.88,0.255,0.117,0.014,0.661,0.34,0.223,-1.4,240128.06,Impossible frequency,1
NPI2000001043,Oncology,Midwest,126,7.04,583.23,0.72,0.1,0.035,0.085,0.015,0.012,0.088,0.49,371843.51,No injected typology,0
NPI2000001044,DME Supplier,Northeast,181,7.69,203.34,0.55,0.211,0.072,0.109,0.024,0.13,0.439,-1.02,155667.83,No injected typology,0
NPI2000001045,Lab,West,427,8.5,279.79,0.92,0.259,0.019,0.167,0.011,0.058,0.192,-1.4,936843.33,No injected typology,0
NPI2000001046,Cardiology,West,131,4.02,299.2,1.15,0.224,0.039,0.138,0.035,0.053,0.334,-1.61,180515.49,No injected typology,0
NPI2000001047,Orthopedics,West,212,5.42,324.29,0.95,0.312,0.035,0.152,0.015,0.134,0.087,0.25,352862.45,No injected typology,0
NPI2000001048,DME Supplier,Northeast,127,6.06,332.09,1.17,0.079,0.028,0.165,0.062,0.096,0.057,-0.5,299413.8,No injected typology,0
NPI2000001049,Cardiology,Northeast,196,7.22,480.23,1.19,0.39,0.022,0.045,0.036,0.155,0.205,-0.41,806701.15,No injected typology,0
NPI2000001050,Cardiology,Northeast,143,4.11,203.68,0.87,0.161,0.03,0.085,0.048,0.047,0.287,-0.71,104352.96,No injected typology,0
NPI2000001051,Internal Medicine,Northeast,259,5.05,411.84,0.95,0.27,0.013,0.105,0.038,0.041,0.593,-1.14,509975.07,No injected typology,0
NPI2000001052,Cardiology,South,114,7.15,332.6,1.19,0.437,0.045,0.085,0.043,0.061,0.114,1.35,322700.19,No injected typology,0
NPI2000001053,Lab,West,131,4.84,324.17,1.15,0.166,0.026,0.108,0.017,0.12,0.118,0.7,237041.88,No injected typology,0
NPI2000001054,Radiology,West,425,2.99,233.57,1.14,0.302,0.066,0.01,0.009,0.078,0.087,-0.37,339443.48,No injected typology,0
NPI2000001055,Internal Medicine,Northeast,182,7.64,383.26,1.16,0.288,0.022,0.637,0.009,0.138,0.126,4.75,616179.17,Unbundling/modifier abuse,1
NPI2000001056,Orthopedics,Midwest,468,6.94,304.9,0.7,0.389,0.031,0.116,0.044,0.301,0.069,0.21,696426.64,No injected typology,0
NPI2000001057,Radiology,Midwest,147,8.02,374.75,1.42,0.16,0.035,0.161,0.017,0.191,0.346,-0.77,626449.5,No injected typology,0
NPI2000001058,Lab,West,86,6.56,943.97,0.97,0.041,0.027,0.045,0.018,0.103,0.519,1.98,517564.4,No injected typology,0
NPI2000001059,DME Supplier,Midwest,158,4.55,262.19,1.24,0.022,0.049,0.293,0.173,0.428,0.164,3.69,234182.09,DME aberrancy,1
NPI2000001060,Radiology,South,207,4.42,362.95,1.38,0.173,0.027,0.12,0.038,0.177,0.361,0.92,459441.07,No injected typology,0
NPI2000001061,Cardiology,Northeast,144,6.56,230.71,0.91,0.183,0.013,0.169,0.242,0.018,0.223,-1.19,198639.22,No injected typology,0
NPI2000001062,Radiology,Northeast,71,3.74,523.6,0.75,0.387,0.01,0.114,0.037,0.161,0.42,-1.55,104391.07,No injected typology,0
NPI2000001063,Lab,South,59,6.89,1027.91,1.28,0.096,0.397,0.226,0.149,0.002,0.281,-1.02,535939.07,Duplicate billing,1
NPI2000001064,Orthopedics,South,466,9.59,634.3,1.13,0.067,0.014,0.101,0.06,0.118,0.016,-0.42,3193192.49,No injected typology,0
NPI2000001065,Cardiology,South,100,6.97,432.6,1.4,0.033,0.046,0.11,0.15,0.157,0.11,0.92,423631.22,No injected typology,0
NPI2000001066,Internal Medicine,Northeast,216,5.45,158.54,0.71,0.237,0.054,0.165,0.016,0.184,0.198,0.95,131771.65,No injected typology,0
NPI2000001067,Home Health,West,285,5.78,420.96,0.93,0.197,0.087,0.095,0.056,0.203,0.227,0.04,646785.01,No injected typology,0
NPI2000001068,Home Health,West,274,3.13,396.19,0.9,0.238,0.055,0.099,0.034,0.041,0.197,-0.21,306361.31,No injected typology,0
NPI2000001069,Internal Medicine,Midwest,30,7.48,509.77,1.28,0.808,0.036,0.319,0.136,0.288,0.316,4.57,146478.0,Upcoding,1
NPI2000001070,DME Supplier,South,62,5.57,597.84,1.11,0.519,0.047,0.121,0.073,0.299,0.104,5.75,228857.76,Upcoding,1
NPI2000001071,Oncology,Midwest,72,6.76,356.28,0.92,0.022,0.005,0.159,0.123,0.147,0.098,1.21,159863.61,No injected typology,0
NPI2000001072,Internal Medicine,Northeast,226,8.76,711.01,1.03,0.253,0.037,0.068,0.121,0.137,0.357,-1.01,1456563.58,No injected typology,0
NPI2000001073,Internal Medicine,West,118,4.85,141.31,1.26,0.144,0.012,0.138,0.195,0.149,0.367,-0.44,101889.84,No injected typology,0
NPI2000001074,Internal Medicine,South,74,5.69,368.83,1.02,0.094,0.011,0.093,0.075,0.08,0.13,1.96,157848.5,No injected typology,0
NPI2000001075,Pain Management,Northeast,226,7.44,398.02,1.45,0.1,0.015,0.192,0.275,0.156,0.277,0.77,972786.06,No injected typology,0
NPI2000001076,Orthopedics,Midwest,249,2.98,435.25,1.03,0.182,0.05,0.012,0.142,0.142,0.217,1.05,331746.83,No injected typology,0
NPI2000001077,Lab,Midwest,162,6.66,402.64,1.49,0.25,0.023,0.128,0.038,0.185,0.519,1.16,646275.57,No injected typology,0
NPI2000001078,Internal Medicine,West,70,5.85,317.25,0.95,0.362,0.035,0.084,0.097,0.028,0.409,0.48,124105.9,No injected typology,0
NPI2000001079,Cardiology,Midwest,192,4.45,625.92,0.64,0.113,0.054,0.235,0.124,0.052,0.266,0.39,343357.57,No injected typology,0
NPI2000001080,Oncology,South,93,4.99,569.13,0.99,0.235,0.024,0.081,0.069,0.126,0.181,-0.04,260160.71,No injected typology,0
NPI2000001081,Internal Medicine,Midwest,144,6.74,181.45,1.21,0.058,0.067,0.143,0.043,0.171,0.286,-0.55,212509.74,No injected typology,0
NPI2000001082,Cardiology,Northeast,185,4.23,265.78,0.75,0.154,0.02,0.106,0.148,0.048,0.472,0.08,156237.9,No injected typology,0
NPI2000001083,Orthopedics,West,179,6.5,386.24,0.86,0.096,0.029,0.139,0.019,0.029,0.051,0.49,385390.67,No injected typology,0
NPI2000001084,Internal Medicine,South,138,5.41,916.81,1.14,0.159,0.057,0.082,0.083,0.142,0.42,-0.33,779723.1,No injected typology,0
NPI2000001085,Cardiology,West,151,7.46,271.07,1.47,0.013,0.019,0.023,0.055,0.046,0.377,1.35,448144.95,No injected typology,0
NPI2000001086,Home Health,West,234,8.14,142.34,1.43,0.132,0.44,0.042,0.051,0.045,0.621,1.19,388464.94,Duplicate billing,1
NPI2000001087,Home Health,South,171,4.79,304.54,0.98,0.126,0.09,0.108,0.103,0.058,0.293,0.2,244834.3,No injected typology,0
NPI2000001088,Home Health,South,35,6.12,663.9,0.79,0.084,0.034,0.102,0.092,0.171,0.32,1.04,112992.48,No injected typology,0
NPI2000001089,Home Health,South,99,8.58,484.09,0.9,0.382,0.136,0.386,0.002,0.292,0.075,1.83,370826.3,No injected typology,0
NPI2000001090,Home Health,Midwest,159,5.93,628.79,0.96,0.105,0.021,0.078,0.021,0.051,0.183,1.6,569941.68,No injected typology,0
NPI2000001091,Internal Medicine,South,295,6.61,451.08,0.87,0.014,0.01,0.032,0.01,0.041,0.332,-0.98,769121.37,No injected typology,0
NPI2000001092,Home Health,Northeast,117,5.63,594.11,0.89,0.207,0.011,0.178,0.007,0.161,0.153,-0.05,347382.5,No injected typology,0
NPI2000001093,DME Supplier,South,111,9.19,250.34,1.48,0.898,0.067,0.27,0.054,0.018,0.212,3.14,378179.14,Upcoding,1
NPI2000001094,Cardiology,South,208,7.89,348.73,1.09,0.202,0.038,0.039,0.032,0.161,0.262,-0.02,625898.19,No injected typology,0
NPI2000001095,Orthopedics,Northeast,84,6.99,407.85,0.65,0.274,0.027,0.036,0.049,0.006,0.051,-0.08,155509.16,No injected typology,0
NPI2000001096,Cardiology,Northeast,233,8.31,454.0,1.03,0.339,0.035,0.109,0.041,0.04,0.162,0.55,905904.69,No injected typology,0
NPI2000001097,Lab,Midwest,109,5.07,346.73,1.23,0.413,0.01,0.142,0.009,0.093,0.23,-0.19,234932.27,No injected typology,0
NPI2000001098,Cardiology,South,178,3.96,435.08,1.15,0.148,0.002,0.057,0.015,0.045,0.607,1.13,351407.26,No injected typology,0
NPI2000001099,Internal Medicine,Midwest,195,6.28,441.51,1.2,0.3,0.073,0.308,0.118,0.018,0.2,-1.06,650037.11,No injected typology,0
NPI2000001100,Radiology,Northeast,203,5.02,190.09,1.63,0.177,0.056,0.156,0.007,0.016,0.037,-0.73,315668.94,No injected typology,0
NPI2000001101,Radiology,South,309,6.48,370.56,1.13,0.052,0.06,0.042,0.079,0.19,0.205,-0.96,837678.41,No injected typology,0
NPI2000001102,Lab,South,140,6.44,561.73,1.15,0.049,0.023,0.162,0.033,0.071,0.297,-0.49,582855.79,No injected typology,0
NPI2000001103,Home Health,Midwest,101,8.64,293.79,1.16,0.118,0.088,0.103,0.036,0.106,0.327,-0.5,297799.56,No injected typology,0
NPI2000001104,Orthopedics,Northeast,162,9.54,527.12,0.8,0.148,0.023,0.032,0.047,0.295,0.446,1.49,651543.97,No injected typology,0
NPI2000001105,Pain Management,Midwest,571,2.89,425.83,1.14,0.202,0.015,0.005,0.018,0.142,0.124,0.23,801220.55,No injected typology,0
NPI2000001106,DME Supplier,Northeast,306,5.79,277.53,1.27,0.214,0.08,0.065,0.1,0.209,0.213,0.65,622563.27,No injected typology,0
NPI2000001107,DME Supplier,Northeast,90,7.16,744.12,1.02,0.123,0.037,0.708,0.019,0.11,0.182,4.1,486471.19,Unbundling/modifier abuse,1
NPI2000001108,Oncology,West,77,7.82,411.55,1.35,0.774,0.008,0.085,0.102,0.103,0.167,3.96,334509.23,Upcoding,1
NPI2000001109,Cardiology,South,144,4.6,243.69,1.43,0.369,0.049,0.05,0.086,0.045,0.227,-1.11,229816.18,No injected typology,0
NPI2000001110,Radiology,Northeast,68,3.3,357.35,0.85,0.23,0.069,0.02,0.008,0.056,0.285,-0.53,68310.65,No injected typology,0
NPI2000001111,Internal Medicine,Midwest,74,7.1,862.75,0.95,0.076,0.037,0.112,0.233,0.024,0.236,-0.75,432275.29,No injected typology,0
NPI2000001112,Internal Medicine,Midwest,313,4.75,471.91,0.66,0.049,0.008,0.138,0.024,0.194,0.149,0.65,461336.29,No injected typology,0
NPI2000001113,Oncology,Midwest,303,4.87,328.91,0.63,0.171,0.01,0.058,0.112,0.138,0.083,-1.95,303746.26,No injected typology,0
NPI2000001114,Cardiology,West,285,6.56,265.07,1.22,0.059,0.068,0.299,0.069,0.259,0.096,-0.9,603355.19,No injected typology,0
NPI2000001115,DME Supplier,West,430,1.65,318.87,0.62,0.109,0.064,0.09,0.09,0.26,0.364,-0.17,139799.78,No injected typology,0
NPI2000001116,Oncology,Northeast,48,7.72,262.95,1.05,0.166,0.013,0.051,0.002,0.07,0.202,0.35,101893.86,No injected typology,0
NPI2000001117,Home Health,South,178,3.95,316.14,1.37,0.114,0.044,0.124,0.02,0.238,0.018,0.14,304247.31,No injected typology,0
NPI2000001118,Pain Management,Midwest,111,8.56,232.74,1.05,0.502,0.006,0.058,0.005,0.049,0.088,0.56,232009.09,No injected typology,0
NPI2000001119,Radiology,Midwest,300,3.81,434.11,0.61,0.091,0.016,0.017,0.021,0.147,0.292,1.53,301184.93,No injected typology,0
NPI2000001120,Oncology,Northeast,89,6.56,360.78,1.16,0.27,0.018,0.168,0.068,0.154,0.229,-1.21,243758.76,No injected typology,0
NPI2000001121,Oncology,South,210,3.27,335.71,1.1,0.098,0.017,0.307,0.1,0.197,0.279,-1.26,253371.07,No injected typology,0
NPI2000001122,Internal Medicine,West,272,7.4,497.49,1.24,0.131,0.055,0.2,0.029,0.357,0.182,0.31,1240148.22,No injected typology,0
NPI2000001123,Internal Medicine,Northeast,294,3.97,445.18,1.12,0.371,0.016,0.695,0.049,0.093,0.173,4.06,585031.4,Unbundling/modifier abuse,1
NPI2000001124,Cardiology,West,423,10.54,486.53,0.64,0.154,0.023,0.087,0.043,0.269,0.032,0.11,1383014.12,No injected typology,0
NPI2000001125,Internal Medicine,West,401,9.0,494.32,0.94,0.231,0.037,0.141,0.115,0.154,0.258,-0.69,1677967.09,No injected typology,0
NPI2000001126,Radiology,Midwest,176,5.7,297.78,1.07,0.268,0.004,0.052,0.014,0.236,0.13,-0.47,319701.38,No injected typology,0
NPI2000001127,Lab,South,65,7.59,482.73,1.27,0.517,0.036,0.117,0.017,0.115,0.087,-0.76,302973.44,No injected typology,0
NPI2000001128,Internal Medicine,South,210,5.2,331.25,0.89,0.342,0.057,0.054,0.068,0.055,0.379,-0.4,321958.8,No injected typology,0
NPI2000001129,Internal Medicine,South,402,6.0,1239.68,1.2,0.138,0.007,0.18,0.046,0.021,0.418,-0.06,3602097.62,No injected typology,0
NPI2000001130,Orthopedics,South,331,3.13,406.39,1.16,0.232,0.003,0.227,0.003,0.117,0.134,0.31,487814.5,No injected typology,0
NPI2000001131,Home Health,West,49,5.24,488.13,0.95,0.38,0.066,0.11,0.015,0.279,0.432,1.23,119014.53,No injected typology,0
NPI2000001132,Radiology,West,93,8.85,511.96,0.82,0.112,0.027,0.014,0.064,0.048,0.119,1.1,344712.12,No injected typology,0
NPI2000001133,Pain Management,Midwest,240,5.61,152.2,0.84,0.367,0.017,0.093,0.011,0.018,0.252,-0.06,171494.89,No injected typology,0
NPI2000001134,Home Health,South,229,6.59,596.29,0.91,0.536,0.025,0.073,0.066,0.047,0.439,0.95,823403.3,No injected typology,0
NPI2000001135,Oncology,West,174,3.31,252.72,0.69,0.247,0.007,0.027,0.025,0.02,0.543,0.93,99812.29,No injected typology,0
NPI2000001136,Lab,Northeast,177,2.69,237.8,1.4,0.192,0.02,0.047,0.041,0.142,0.168,-2.29,158274.97,No injected typology,0
NPI2000001137,Internal Medicine,South,102,5.34,473.8,0.99,0.392,0.014,0.191,0.127,0.054,0.053,-0.54,255475.96,No injected typology,0
NPI2000001138,Radiology,West,223,6.3,130.93,0.83,0.106,0.068,0.13,0.022,0.164,0.038,-1.11,152452.99,No injected typology,0
NPI2000001139,Radiology,West,472,6.79,281.67,1.45,0.201,0.06,0.082,0.004,0.103,0.276,-1.24,1309213.95,No injected typology,0
NPI2000001140,Lab,South,173,5.93,350.75,1.17,0.185,0.014,0.017,0.105,0.141,0.241,1.82,420960.55,No injected typology,0
NPI2000001141,Orthopedics,South,60,6.84,241.56,1.07,0.263,0.043,0.137,0.025,0.147,0.61,-0.69,105860.61,No injected typology,0
NPI2000001142,Internal Medicine,South,109,5.44,291.39,0.85,0.85,0.281,0.044,0.022,0.065,0.426,2.36,146468.18,Upcoding,1
NPI2000001143,Pain Management,Midwest,224,5.22,205.89,0.98,0.119,0.093,0.115,0.163,0.136,0.143,0.18,236678.0,No injected typology,0
NPI2000001144,Orthopedics,Midwest,229,6.69,590.02,0.78,0.326,0.027,0.046,0.056,0.075,0.172,0.32,709064.32,No injected typology,0
NPI2000001145,Orthopedics,South,104,6.38,315.4,0.86,0.173,0.034,0.021,0.105,0.058,0.409,-0.43,181030.82,No injected typology,0
NPI2000001146,Lab,West,98,6.13,259.23,1.04,0.367,0.041,0.047,0.028,0.016,0.264,-0.22,162153.11,No injected typology,0
NPI2000001147,Home Health,West,182,5.22,469.6,0.98,0.197,0.008,0.022,0.012,0.033,0.337,0.49,435237.47,No injected typology,0
NPI2000001148,Home Health,West,194,7.18,194.23,0.95,0.105,0.027,0.007,0.038,0.044,0.231,-0.03,256639.7,No injected typology,0
NPI2000001149,Home Health,Midwest,181,7.22,330.12,1.09,0.06,0.007,0.01,0.141,0.105,0.644,-0.3,469895.0,No injected typology,0
NPI2000001150,Internal Medicine,Midwest,163,6.06,446.58,0.83,0.285,0.032,0.255,0.106,0.014,0.304,-0.09,364697.96,No injected typology,0
NPI2000001151,Internal Medicine,Northeast,162,1.87,508.6,0.85,0.358,0.022,0.101,0.192,0.009,0.367,1.41,131143.49,No injected typology,0
NPI2000001152,Orthopedics,West,108,8.99,379.61,1.01,0.202,0.027,0.109,0.143,0.19,0.376,1.57,372458.89,No injected typology,0
NPI2000001153,Lab,South,52,5.52,675.38,0.78,0.091,0.023,0.113,0.721,0.084,0.088,0.71,150770.44,Impossible frequency,1
NPI2000001154,Home Health,Midwest,78,5.82,782.85,1.25,0.152,0.101,0.06,0.024,0.023,0.284,0.38,444409.35,No injected typology,0
NPI2000001155,Radiology,South,129,4.56,312.1,1.04,0.11,0.062,0.057,0.018,0.061,0.308,0.52,190894.6,No injected typology,0
NPI2000001156,Home Health,West,259,4.64,245.45,0.84,0.295,0.029,0.063,0.016,0.076,0.064,1.29,247683.17,No injected typology,0
NPI2000001157,Radiology,South,96,7.38,388.39,0.87,0.926,0.07,0.02,0.042,0.12,0.008,1.64,238936.59,Upcoding,1
NPI2000001158,Oncology,Northeast,559,5.41,459.39,0.9,0.189,0.038,0.196,0.082,0.081,0.257,1.88,1242616.27,No injected typology,0
NPI2000001159,Radiology,South,149,6.49,180.16,0.95,0.158,0.018,0.108,0.008,0.143,0.322,-1.49,166422.41,No injected typology,0
NPI2000001160,Lab,Northeast,102,6.11,216.74,1.42,0.167,0.004,0.195,0.025,0.265,0.409,1.21,191465.88,No injected typology,0
NPI2000001161,Oncology,Midwest,257,5.04,506.17,0.94,0.13,0.016,0.014,0.012,0.049,0.52,-0.26,615618.53,No injected typology,0
NPI2000001162,Radiology,South,338,3.57,153.35,1.19,0.23,0.031,0.146,0.017,0.081,0.162,0.85,219845.69,No injected typology,0
NPI2000001163,Lab,South,401,5.8,432.89,1.28,0.439,0.062,0.036,0.07,0.126,0.285,1.22,1286856.39,No injected typology,0
NPI2000001164,Internal Medicine,Northeast,275,5.35,437.97,1.15,0.184,0.146,0.138,0.042,0.073,0.207,-0.71,743315.13,No injected typology,0
NPI2000001165,Internal Medicine,South,230,9.52,395.16,1.16,0.14,0.01,0.14,0.02,0.071,0.261,-0.47,1005633.57,No injected typology,0
NPI2000001166,Oncology,Midwest,134,6.55,289.97,0.99,0.135,0.022,0.275,0.293,0.207,0.101,0.53,251936.57,No injected typology,0
NPI2000001167,Cardiology,Northeast,184,6.31,1336.17,0.78,0.731,0.0,0.116,0.091,0.141,0.389,5.42,1213957.3,Upcoding,1
NPI2000001168,Cardiology,West,199,7.06,275.8,0.93,0.234,0.076,0.045,0.048,0.187,0.381,0.44,359480.92,No injected typology,0
NPI2000001169,Internal Medicine,South,108,6.51,264.06,1.13,0.308,0.031,0.151,0.194,0.053,0.052,-0.3,209815.19,No injected typology,0
NPI2000001170,Home Health,South,215,7.11,365.35,1.08,0.209,0.012,0.238,0.017,0.169,0.258,-1.65,602452.35,No injected typology,0
NPI2000001171,Internal Medicine,Northeast,55,7.53,278.05,1.14,0.292,0.005,0.144,0.159,0.058,0.181,0.87,131732.34,No injected typology,0
NPI2000001172,Radiology,South,110,7.53,166.89,1.09,0.072,0.053,0.279,0.033,0.185,0.306,-0.79,150730.95,No injected typology,0
NPI2000001173,Cardiology,Northeast,125,8.77,451.79,1.07,0.052,0.027,0.148,0.088,0.02,0.124,-1.18,532225.69,No injected typology,0
NPI2000001174,Radiology,Northeast,170,4.72,195.03,1.22,0.319,0.006,0.054,0.233,0.082,0.193,0.51,191467.54,No injected typology,0
NPI2000001175,Oncology,West,215,6.08,461.04,1.15,0.038,0.029,0.295,0.041,0.164,0.235,2.06,694595.43,No injected typology,0
NPI2000001176,Home Health,South,206,2.01,772.79,0.55,0.017,0.051,0.109,0.045,0.126,0.06,-1.84,176135.89,No injected typology,0
NPI2000001177,Orthopedics,Midwest,196,5.57,113.47,0.88,0.114,0.001,0.411,0.004,0.138,0.174,0.26,108883.62,No injected typology,0
NPI2000001178,Home Health,Northeast,69,4.84,505.1,1.05,0.145,0.015,0.047,0.049,0.212,0.324,0.73,177655.0,No injected typology,0
NPI2000001179,Lab,South,603,7.53,641.76,1.1,0.168,0.015,0.277,0.013,0.264,0.042,1.86,3212755.39,No injected typology,0
NPI2000001180,Radiology,Midwest,122,2.62,226.04,0.99,0.049,0.028,0.032,0.103,0.073,0.132,0.45,71936.49,No injected typology,0
NPI2000001181,Cardiology,Midwest,342,6.01,319.43,0.9,0.482,0.062,0.063,0.009,0.048,0.239,0.26,591407.76,No injected typology,0
NPI2000001182,Internal Medicine,Northeast,192,5.58,278.96,0.74,0.463,0.046,0.024,0.039,0.112,0.315,0.68,220617.65,No injected typology,0
NPI2000001183,Lab,West,179,4.46,272.3,1.03,0.311,0.013,0.182,0.031,0.051,0.685,0.88,223994.6,No injected typology,0
NPI2000001184,Home Health,West,141,6.06,364.23,1.03,0.142,0.004,0.041,0.032,0.121,0.13,-1.28,319982.72,No injected typology,0
NPI2000001185,Internal Medicine,West,158,6.65,341.34,0.73,0.022,0.026,0.741,0.111,0.04,0.081,4.06,261686.4,Unbundling/modifier abuse,1
NPI2000001186,DME Supplier,Midwest,62,9.88,475.39,0.69,0.137,0.006,0.158,0.011,0.232,0.205,-0.82,200114.35,No injected typology,0
NPI2000001187,DME Supplier,Midwest,131,5.59,328.04,0.96,0.244,0.012,0.081,0.002,0.095,0.093,1.54,231134.26,No injected typology,0
NPI2000001188,Cardiology,South,610,5.48,601.62,1.26,0.039,0.065,0.038,0.06,0.07,0.453,0.22,2530571.74,No injected typology,0
NPI2000001189,Lab,West,246,6.14,291.03,0.95,0.423,0.062,0.045,0.291,0.155,0.406,0.33,419496.84,No injected typology,0
NPI2000001190,Cardiology,Northeast,115,5.13,255.1,1.09,0.192,0.084,0.285,0.027,0.121,0.331,-0.54,163701.33,No injected typology,0
NPI2000001191,Internal Medicine,Northeast,128,8.04,393.85,1.07,0.395,0.009,0.116,0.106,0.017,0.133,0.06,432734.94,No injected typology,0
NPI2000001192,Cardiology,Northeast,122,5.64,336.77,0.9,0.456,0.034,0.031,0.136,0.15,0.148,1.16,207856.44,No injected typology,0
NPI2000001193,Orthopedics,Northeast,146,5.75,500.02,0.89,0.101,0.005,0.119,0.027,0.237,0.04,0.73,373748.51,No injected typology,0
NPI2000001194,Lab,Northeast,357,8.09,274.73,0.97,0.167,0.039,0.462,0.011,0.283,0.267,-0.93,771787.03,No injected typology,0
NPI2000001195,Home Health,Midwest,220,3.97,285.43,1.11,0.473,0.072,0.129,0.033,0.112,0.072,-0.2,277197.19,No injected typology,0
NPI2000001196,Internal Medicine,Midwest,118,7.96,237.65,0.81,0.137,0.02,0.064,0.111,0.023,0.046,-0.19,181704.44,No injected typology,0
NPI2000001197,Orthopedics,South,44,5.61,218.42,0.93,0.225,0.017,0.048,0.033,0.07,0.07,1.04,50015.97,No injected typology,0
NPI2000001198,Internal Medicine,South,442,6.71,280.05,0.79,0.353,0.023,0.141,0.104,0.16,0.156,-0.8,658530.43,No injected typology,0
NPI2000001199,Radiology,West,319,6.85,526.51,1.15,0.16,0.08,0.019,0.057,0.161,0.418,0.57,1321614.6,No injected typology,0
NPI2000001200,Lab,West,159,6.22,470.67,1.3,0.149,0.033,0.153,0.172,0.093,0.369,-0.4,605026.69,No injected typology,0
NPI2000001201,Internal Medicine,Midwest,203,7.17,345.87,1.14,0.19,0.093,0.105,0.021,0.082,0.223,0.1,574810.18,No injected typology,0
NPI2000001202,Pain Management,West,128,4.47,475.56,1.17,0.188,0.132,0.079,0.064,0.256,0.094,-0.59,319066.1,No injected typology,0
NPI2000001203,Cardiology,Midwest,109,3.74,461.46,1.33,0.309,0.008,0.079,0.063,0.017,0.389,1.09,251130.83,No injected typology,0
NPI2000001204,Cardiology,Northeast,710,5.55,781.23,1.12,1.0,0.017,0.131,0.039,0.086,0.134,3.96,3439832.0,Upcoding,1
NPI2000001205,Radiology,West,40,4.34,317.55,1.0,0.249,0.065,0.042,0.058,0.235,0.234,0.83,55286.04,No injected typology,0
NPI2000001206,Oncology,West,136,4.31,639.04,1.0,0.014,0.048,0.045,0.021,0.341,0.059,0.85,375327.07,No injected typology,0
NPI2000001207,Cardiology,Midwest,211,4.55,363.8,0.85,0.234,0.068,0.209,0.017,0.117,0.112,1.17,297951.52,No injected typology,0
NPI2000001208,DME Supplier,Northeast,225,7.0,195.13,0.71,0.062,0.011,0.047,0.077,0.177,0.114,-1.22,216783.61,No injected typology,0
NPI2000001209,Cardiology,Midwest,168,8.51,285.78,1.4,0.04,0.066,0.037,0.098,0.094,0.195,-1.95,570643.01,No injected typology,0
NPI2000001210,Internal Medicine,West,141,4.74,331.26,0.97,0.259,0.066,0.037,0.004,0.117,0.112,0.95,215905.03,No injected typology,0
NPI2000001211,Home Health,Northeast,198,6.6,225.07,1.21,0.15,0.102,0.082,0.157,0.129,0.555,0.44,354913.38,No injected typology,0
NPI2000001212,Internal Medicine,South,85,6.84,231.56,1.14,0.205,0.009,0.017,0.024,0.079,0.27,0.63,153645.21,No injected typology,0
NPI2000001213,Home Health,Northeast,84,7.37,296.58,0.94,0.118,0.054,0.008,0.012,0.078,0.196,0.09,172040.02,No injected typology,0
NPI2000001214,Radiology,South,234,5.14,370.45,1.11,0.39,0.036,0.16,0.142,0.069,0.259,-0.84,494513.4,No injected typology,0
NPI2000001215,Internal Medicine,West,103,5.84,500.48,1.05,0.067,0.19,0.144,0.064,0.04,0.223,-1.1,315645.44,No injected typology,0
NPI2000001216,DME Supplier,South,250,5.87,167.05,1.18,0.152,0.067,0.001,0.077,0.023,0.548,-0.71,288828.21,No injected typology,0
NPI2000001217,Cardiology,Northeast,322,7.2,418.73,1.13,1.0,0.086,0.034,0.344,0.132,0.16,4.56,1099526.24,Upcoding,1
NPI2000001218,Radiology,Northeast,383,5.69,336.99,1.17,0.245,0.03,0.148,0.072,0.133,0.503,2.65,858050.02,No injected typology,0
NPI2000001219,Cardiology,South,329,5.03,392.5,0.82,0.469,0.074,0.014,0.028,0.061,0.449,0.36,533436.41,No injected typology,0
NPI2000001220,Home Health,South,88,7.81,580.36,1.31,0.44,0.412,0.135,0.012,0.044,0.459,1.56,522312.52,Duplicate billing,1
NPI2000001221,Home Health,Northeast,170,6.67,523.38,1.16,0.242,0.081,0.029,0.036,0.195,0.259,-1.71,687429.29,No injected typology,0
NPI2000001222,DME Supplier,Midwest,163,9.47,1014.44,1.02,0.199,0.072,0.544,0.174,0.057,0.348,3.94,1595351.07,Unbundling/modifier abuse,1
NPI2000001223,Cardiology,West,309,7.29,361.72,1.04,0.05,0.012,0.054,0.075,0.175,0.139,-1.53,849152.62,No injected typology,0
NPI2000001224,Lab,Northeast,138,5.22,373.6,1.21,0.047,0.017,0.074,0.038,0.058,0.363,0.41,324720.37,No injected typology,0
NPI2000001225,Orthopedics,West,368,8.66,278.62,1.11,0.323,0.01,0.193,0.121,0.119,0.492,-1.09,989582.28,No injected typology,0
NPI2000001226,Radiology,Northeast,181,6.59,791.15,1.12,0.289,0.011,0.802,0.025,0.027,0.109,3.39,1054630.01,Unbundling/modifier abuse,1
NPI2000001227,Pain Management,Northeast,366,4.97,319.24,1.11,0.163,0.073,0.23,0.037,0.078,0.125,-0.34,643888.12,No injected typology,0
NPI2000001228,Pain Management,West,177,9.14,254.03,0.85,0.187,0.003,0.069,0.012,0.023,0.228,0.38,349734.82,No injected typology,0
NPI2000001229,Radiology,West,176,6.2,466.19,1.2,0.035,0.005,0.153,0.024,0.314,0.18,-1.08,610913.28,No injected typology,0
NPI2000001230,Orthopedics,South,87,5.05,276.97,1.1,0.11,0.022,0.146,0.14,0.108,0.199,-0.82,133634.69,No injected typology,0
NPI2000001231,Radiology,Northeast,131,6.7,234.35,1.24,0.174,0.039,0.253,0.013,0.028,0.172,0.89,255446.47,No injected typology,0
NPI2000001232,Pain Management,Northeast,423,7.53,625.0,1.11,0.088,0.044,0.16,0.165,0.132,0.373,0.56,2204213.13,No injected typology,0
NPI2000001233,Radiology,West,411,6.1,677.02,1.05,0.275,0.026,0.021,0.014,0.097,0.238,0.46,1784474.9,No injected typology,0
NPI2000001234,Home Health,South,40,6.76,614.7,0.9,0.111,0.034,0.247,0.136,0.154,0.494,-0.73,149618.1,No injected typology,0
NPI2000001235,Oncology,West,678,7.83,722.6,0.98,0.278,0.029,0.47,0.066,0.08,0.539,4.89,3755627.8,Unbundling/modifier abuse,1
NPI2000001236,Orthopedics,West,463,7.13,319.03,1.28,0.069,0.004,0.212,0.044,0.134,0.022,1.2,1343583.45,No injected typology,0
NPI2000001237,Orthopedics,South,107,3.86,265.99,1.11,0.187,0.077,0.03,0.039,0.11,0.163,-0.17,122368.34,No injected typology,0
NPI2000001238,Oncology,Midwest,257,6.0,666.68,1.14,0.026,0.043,0.108,0.014,0.073,0.193,1.9,1171713.08,No injected typology,0
NPI2000001239,DME Supplier,Midwest,288,6.66,538.24,0.85,0.253,0.004,0.072,0.098,0.081,0.208,0.63,880510.61,No injected typology,0
NPI2000001240,Orthopedics,West,36,5.13,772.73,0.78,0.233,0.007,0.007,0.031,0.052,0.246,-0.4,111413.66,No injected typology,0
NPI2000001241,Radiology,West,149,9.0,283.76,0.96,0.469,0.038,0.151,0.086,0.079,0.201,-0.04,363631.94,No injected typology,0
NPI2000001242,Cardiology,Northeast,179,6.95,385.81,1.14,0.258,0.017,0.027,0.158,0.165,0.267,-2.81,545938.33,No injected typology,0
NPI2000001243,Oncology,South,146,5.85,284.8,1.2,0.27,0.029,0.041,0.094,0.164,0.16,0.56,292216.6,No injected typology,0
NPI2000001244,Radiology,South,71,9.21,518.92,1.13,0.195,0.009,0.081,0.785,0.057,0.157,1.0,382007.24,Impossible frequency,1
NPI2000001245,Home Health,Northeast,151,3.11,593.53,0.94,0.126,0.016,0.035,0.012,0.103,0.53,1.54,261938.64,No injected typology,0
NPI2000001246,Cardiology,South,228,7.06,632.55,1.35,0.228,0.005,0.316,0.689,0.039,0.235,0.09,1377313.74,Impossible frequency,1
NPI2000001247,Lab,South,210,5.4,829.38,0.73,0.092,0.009,0.044,0.255,0.123,0.242,0.75,686967.31,No injected typology,0
NPI2000001248,Oncology,Midwest,85,7.33,499.26,1.04,0.106,0.026,0.138,0.007,0.087,0.483,1.88,324270.97,No injected typology,0
NPI2000001249,Radiology,Midwest,658,4.47,172.4,1.34,0.363,0.029,0.139,0.022,0.029,0.358,1.11,680998.61,No injected typology,0
NPI2000001250,Oncology,Midwest,86,7.64,626.56,1.05,0.298,0.064,0.146,0.167,0.074,0.32,0.18,433629.69,No injected typology,0
NPI2000001251,Internal Medicine,South,112,4.93,421.47,1.26,0.08,0.021,0.022,0.171,0.097,0.127,-0.24,292330.41,No injected typology,0
NPI2000001252,Radiology,West,224,4.64,375.09,1.29,0.068,0.039,0.037,0.013,0.054,0.324,1.04,502622.41,No injected typology,0
NPI2000001253,Lab,South,120,9.25,389.27,1.21,0.064,0.044,0.274,0.082,0.175,0.012,1.01,522231.4,No injected typology,0
NPI2000001254,Pain Management,Northeast,116,5.33,687.25,0.97,0.022,0.052,0.084,0.044,0.075,0.16,0.73,413354.97,No injected typology,0
NPI2000001255,Internal Medicine,South,118,9.73,345.98,1.25,0.106,0.045,0.176,0.0,0.137,0.151,0.89,496614.76,No injected typology,0
NPI2000001256,DME Supplier,Midwest,152,7.15,227.94,0.86,0.25,0.018,0.352,0.08,0.129,0.358,1.98,212728.78,No injected typology,0
NPI2000001257,Cardiology,West,687,8.2,418.13,1.44,0.088,0.037,0.134,0.055,0.136,0.433,0.25,3398654.03,No injected typology,0
NPI2000001258,Internal Medicine,Midwest,137,6.4,427.9,1.05,0.294,0.047,0.047,0.002,0.031,0.387,-0.81,394439.67,No injected typology,0
NPI2000001259,Oncology,South,117,8.14,205.83,1.15,0.427,0.028,0.164,0.096,0.157,0.206,0.54,225285.02,No injected typology,0
NPI2000001260,Lab,South,81,5.53,349.61,1.04,0.056,0.31,0.181,0.096,0.245,0.195,-0.45,163269.66,Duplicate billing,1
NPI2000001261,Home Health,West,185,8.43,519.92,1.24,0.219,0.012,0.06,0.018,0.036,0.315,-0.21,1002266.16,No injected typology,0
NPI2000001262,Radiology,South,232,5.01,865.75,1.01,0.929,0.029,0.373,0.003,0.17,0.104,3.94,1011807.09,Upcoding,1
NPI2000001263,Home Health,South,98,4.54,654.93,1.09,0.086,0.032,0.152,0.112,0.136,0.263,-0.02,318174.11,No injected typology,0
NPI2000001264,Pain Management,South,124,5.27,307.7,0.95,0.194,0.045,0.139,0.022,0.084,0.156,0.46,190840.83,No injected typology,0
NPI2000001265,Internal Medicine,South,204,4.8,481.47,0.84,0.043,0.07,0.067,0.096,0.144,0.064,-0.27,395176.14,No injected typology,0
NPI2000001266,Cardiology,South,114,5.27,363.41,0.71,0.043,0.034,0.083,0.005,0.237,0.189,-0.48,155781.15,No injected typology,0
NPI2000001267,Pain Management,West,100,6.07,1018.19,0.9,0.122,0.023,0.106,0.082,0.076,0.175,-0.15,559100.3,No injected typology,0
NPI2000001268,DME Supplier,Midwest,250,5.15,574.88,1.04,0.191,0.004,0.008,0.015,0.627,0.576,5.02,769700.23,DME aberrancy,1
NPI2000001269,Cardiology,South,351,6.72,346.76,0.76,0.474,0.084,0.102,0.009,0.153,0.331,0.36,625600.88,No injected typology,0
NPI2000001270,Internal Medicine,South,132,6.55,681.68,0.6,0.284,0.017,0.009,0.004,0.063,0.178,1.65,353563.77,No injected typology,0
NPI2000001271,Orthopedics,West,48,7.48,635.63,1.0,0.081,0.006,0.051,0.012,0.193,0.08,2.13,228575.31,No injected typology,0
NPI2000001272,Internal Medicine,West,212,7.76,257.29,0.76,0.135,0.016,0.017,0.012,0.17,0.166,0.59,323060.86,No injected typology,0
NPI2000001273,Oncology,South,64,6.87,223.04,1.23,0.256,0.016,0.156,0.017,0.132,0.338,-0.46,120425.87,No injected typology,0
NPI2000001274,Cardiology,South,497,7.22,402.98,1.16,0.676,0.048,0.084,0.017,0.021,0.159,5.87,1675015.88,Upcoding,1
NPI2000001275,Orthopedics,Northeast,192,5.11,663.41,0.73,0.292,0.014,0.018,0.189,0.165,0.122,-0.91,475851.46,No injected typology,0
NPI2000001276,DME Supplier,Northeast,239,4.81,530.35,0.72,0.08,0.024,0.095,0.089,0.09,0.193,0.92,441743.21,No injected typology,0
NPI2000001277,Cardiology,Northeast,192,7.89,393.35,1.11,0.127,0.077,0.256,0.087,0.116,0.187,0.91,664039.98,No injected typology,0
NPI2000001278,Pain Management,South,297,6.15,338.62,1.15,0.333,0.046,0.098,0.128,0.129,0.329,0.73,708213.48,No injected typology,0
NPI2000001279,DME Supplier,Northeast,249,5.29,268.7,1.01,0.248,0.035,0.074,0.05,0.427,0.218,4.61,356244.97,DME aberrancy,1
NPI2000001280,Internal Medicine,Midwest,211,7.15,372.25,0.78,0.053,0.034,0.152,0.134,0.065,0.215,0.41,435958.86,No injected typology,0
NPI2000001281,Oncology,South,186,6.23,1068.54,1.17,0.271,0.025,0.128,0.004,0.012,0.033,0.31,1450215.4,No injected typology,0
NPI2000001282,DME Supplier,Midwest,65,9.02,222.51,1.01,0.103,0.01,0.112,0.079,0.012,0.213,-0.16,131828.09,No injected typology,0
NPI2000001283,Internal Medicine,Northeast,242,5.66,397.39,0.94,0.034,0.015,0.253,0.107,0.106,0.079,1.01,510834.39,No injected typology,0
NPI2000001284,Oncology,West,137,5.39,253.5,0.71,0.35,0.021,0.087,0.117,0.127,0.29,-1.71,132136.51,No injected typology,0
NPI2000001285,Internal Medicine,West,190,5.71,373.97,0.89,0.32,0.069,0.069,0.018,0.104,0.118,-0.07,359943.47,No injected typology,0
NPI2000001286,Radiology,Northeast,288,8.19,122.81,0.87,0.36,0.013,0.036,0.02,0.133,0.275,-2.5,252392.38,No injected typology,0
NPI2000001287,Pain Management,South,98,8.2,341.08,1.26,0.272,0.012,0.052,0.019,0.065,0.268,-0.9,345039.21,No injected typology,0
NPI2000001288,Cardiology,West,101,9.35,323.56,1.13,0.155,0.018,0.261,0.082,0.273,0.303,-0.28,344106.77,No injected typology,0
NPI2000001289,Orthopedics,Northeast,265,8.46,416.9,1.24,0.085,0.062,0.152,0.009,0.281,0.213,-0.26,1155855.0,No injected typology,0
NPI2000001290,Pain Management,South,105,5.94,176.93,0.82,0.107,0.021,0.03,0.108,0.191,0.207,-1.02,91011.31,No injected typology,0
NPI2000001291,Orthopedics,Midwest,121,1.56,256.25,0.95,0.096,0.026,0.02,0.042,0.092,0.123,-0.36,45659.06,No injected typology,0
NPI2000001292,Cardiology,West,124,7.3,373.81,0.88,0.197,0.003,0.04,0.032,0.095,0.297,0.48,297607.78,No injected typology,0
NPI2000001293,Orthopedics,Northeast,235,7.31,415.28,1.06,0.072,0.011,0.145,0.073,0.064,0.086,0.68,754967.7,No injected typology,0
NPI2000001294,Pain Management,Northeast,136,8.41,459.28,0.72,0.185,0.099,0.046,0.179,0.083,0.278,0.54,376718.12,No injected typology,0
NPI2000001295,Home Health,Midwest,182,6.68,398.7,1.2,0.295,0.046,0.043,0.093,0.184,0.048,0.44,582713.44,No injected typology,0
NPI2000001296,Internal Medicine,South,364,9.43,321.53,1.31,0.494,0.028,0.288,0.033,0.108,0.136,1.02,1442367.37,No injected typology,0
NPI2000001297,Internal Medicine,Midwest,225,7.58,147.08,0.78,0.326,0.085,0.022,0.093,0.182,0.296,-1.55,194733.24,No injected typology,0
NPI2000001298,Lab,South,218,8.78,232.72,1.01,0.192,0.045,0.058,0.002,0.104,0.082,-0.56,447783.77,No injected typology,0
NPI2000001299,Internal Medicine,Midwest,157,7.01,358.39,0.78,0.212,0.019,0.041,0.017,0.184,0.244,0.36,309567.2,No injected typology,0
NPI2000001300,Home Health,South,127,4.69,819.17,0.9,0.258,0.006,0.562,0.074,0.057,0.336,3.08,439781.24,Unbundling/modifier abuse,1
NPI2000001301,DME Supplier,Midwest,66,7.18,190.85,0.96,0.246,0.007,0.057,0.041,0.096,0.117,-1.23,86786.04,No injected typology,0
NPI2000001302,Oncology,West,142,8.03,473.55,0.95,0.137,0.009,0.049,0.031,0.038,0.282,-0.66,514726.38,No injected typology,0
NPI2000001303,Internal Medicine,Northeast,312,3.49,295.16,1.31,0.062,0.028,0.055,0.149,0.09,0.248,0.57,421316.93,No injected typology,0
NPI2000001304,Lab,South,491,5.45,205.51,0.78,0.061,0.012,0.097,0.002,0.106,0.147,0.49,427086.68,No injected typology,0
NPI2000001305,Internal Medicine,Northeast,115,9.49,348.75,0.69,0.334,0.003,0.036,0.014,0.231,0.438,0.05,264070.05,No injected typology,0
NPI2000001306,Internal Medicine,South,163,7.59,364.07,1.1,0.123,0.011,0.027,0.107,0.081,0.43,-0.8,497547.22,No injected typology,0
NPI2000001307,Home Health,South,219,4.53,573.1,0.77,0.034,0.008,0.146,0.008,0.069,0.207,-0.9,435637.86,No injected typology,0
NPI2000001308,Internal Medicine,Midwest,194,2.27,253.41,1.2,0.194,0.016,0.108,0.054,0.215,0.187,-0.33,133621.34,No injected typology,0
NPI2000001309,DME Supplier,Midwest,127,6.56,260.07,0.72,0.17,0.071,0.17,0.02,0.047,0.122,0.94,155305.37,No injected typology,0
NPI2000001310,Home Health,South,39,7.08,327.49,1.04,0.194,0.044,0.058,0.494,0.118,0.406,-0.21,94430.21,Impossible frequency,1
NPI2000001311,Internal Medicine,South,122,8.35,380.67,1.07,0.103,0.003,0.031,0.203,0.257,0.268,-0.57,413940.63,No injected typology,0
NPI2000001312,Radiology,West,107,8.97,247.18,1.01,0.173,0.439,0.084,0.016,0.156,0.229,-0.36,240692.2,Duplicate billing,1
NPI2000001313,Orthopedics,South,132,5.28,546.94,0.64,0.053,0.023,0.101,0.087,0.029,0.096,0.68,244721.18,No injected typology,0
NPI2000001314,Oncology,West,146,5.82,859.11,1.15,0.201,0.023,0.725,0.097,0.114,0.064,5.25,839785.27,Unbundling/modifier abuse,1
NPI2000001315,Internal Medicine,South,105,5.58,259.88,1.27,0.163,0.049,0.104,0.016,0.056,0.427,-0.23,193002.42,No injected typology,0
NPI2000001316,Internal Medicine,South,184,8.09,1236.06,1.21,0.145,0.002,0.108,0.003,0.083,0.136,-0.82,2232734.51,No injected typology,0
NPI2000001317,Home Health,Northeast,107,5.24,507.79,1.05,0.101,0.016,0.05,0.05,0.065,0.346,-0.96,299976.82,No injected typology,0
NPI2000001318,Cardiology,South,68,7.35,349.43,1.4,0.293,0.015,0.151,0.027,0.056,0.368,-1.83,244082.96,No injected typology,0
NPI2000001319,Orthopedics,West,200,4.8,604.82,0.73,0.036,0.016,0.072,0.079,0.105,0.378,-0.07,425676.47,No injected typology,0
NPI2000001320,Lab,Northeast,153,5.64,270.33,1.06,0.315,0.045,0.054,0.034,0.367,0.235,0.61,248228.73,No injected typology,0
NPI2000001321,Orthopedics,West,204,7.15,332.12,1.18,0.336,0.007,0.057,0.053,0.029,0.183,1.12,570968.38,No injected typology,0
NPI2000001322,Internal Medicine,South,293,7.8,252.36,0.83,0.207,0.053,0.077,0.018,0.073,0.381,-0.85,479533.75,No injected typology,0
NPI2000001323,Internal Medicine,Northeast,64,6.37,274.24,1.07,0.381,0.026,0.142,0.076,0.101,0.247,-1.79,119256.32,No injected typology,0
NPI2000001324,DME Supplier,Midwest,138,7.62,260.82,1.22,0.126,0.094,0.122,0.076,0.465,0.532,3.05,334279.14,DME aberrancy,1
NPI2000001325,Radiology,South,75,4.37,198.93,0.96,0.181,0.021,0.087,0.129,0.065,0.145,-0.68,62311.39,No injected typology,0
NPI2000001326,Radiology,Northeast,181,5.7,441.66,0.68,0.76,0.022,0.138,0.021,0.256,0.102,4.12,308599.09,Upcoding,1
NPI2000001327,Pain Management,Northeast,71,7.28,552.71,0.79,0.188,0.051,0.69,0.061,0.176,0.267,3.5,226002.65,Unbundling/modifier abuse,1
NPI2000001328,Cardiology,Midwest,32,6.6,385.67,0.78,0.127,0.032,0.155,0.098,0.036,0.054,1.05,63273.64,No injected typology,0
NPI2000001329,Internal Medicine,West,345,2.63,496.37,1.51,0.259,0.089,0.002,0.005,0.084,0.263,-0.7,677495.82,No injected typology,0
NPI2000001330,Cardiology,Midwest,83,6.06,408.78,0.97,0.008,0.154,0.028,0.048,0.097,0.306,-0.04,199205.7,No injected typology,0
NPI2000001331,Cardiology,West,114,4.71,717.01,0.84,0.225,0.044,0.058,0.005,0.058,0.279,1.8,322255.08,No injected typology,0
NPI2000001332,Lab,Northeast,200,6.4,340.5,0.65,0.116,0.014,0.124,0.081,0.134,0.144,1.23,281568.35,No injected typology,0
NPI2000001333,Orthopedics,Midwest,272,6.41,463.77,1.36,0.176,0.039,0.024,0.018,0.161,0.377,0.2,1100656.44,No injected typology,0
NPI2000001334,Internal Medicine,West,174,6.23,1286.79,1.07,0.771,0.023,0.148,0.006,0.243,0.25,6.54,1495404.72,Upcoding,1
NPI2000001335,Home Health,Midwest,126,5.59,318.63,1.1,0.181,0.066,0.022,0.006,0.213,0.134,1.02,246351.57,No injected typology,0
NPI2000001336,Pain Management,West,507,7.15,473.48,1.19,0.034,0.048,0.121,0.058,0.141,0.039,0.22,2040307.29,No injected typology,0
NPI2000001337,Internal Medicine,South,133,9.9,557.52,1.4,0.153,0.53,0.04,0.054,0.082,0.487,0.67,1027636.04,Duplicate billing,1
NPI2000001338,Oncology,South,94,7.25,529.45,0.9,0.197,0.091,0.159,0.037,0.025,0.269,-0.5,326489.47,No injected typology,0
NPI2000001339,Oncology,West,184,6.34,326.87,1.07,0.167,0.025,0.039,0.172,0.065,0.391,0.0,408491.78,No injected typology,0
NPI2000001340,Cardiology,South,109,5.74,306.0,0.92,0.216,0.136,0.081,0.098,0.047,0.28,0.01,176573.59,No injected typology,0
NPI2000001341,Lab,Northeast,192,6.6,297.25,0.88,0.162,0.07,0.204,0.118,0.149,0.451,1.73,332267.87,No injected typology,0
NPI2000001342,Pain Management,South,92,5.99,826.26,1.23,0.172,0.05,0.146,0.039,0.114,0.224,0.62,561712.94,No injected typology,0
NPI2000001343,Home Health,West,205,5.73,555.28,0.73,0.165,0.045,0.035,0.061,0.047,0.202,-0.05,476080.67,No injected typology,0
NPI2000001344,Home Health,Midwest,59,4.48,347.34,0.88,0.106,0.006,0.183,0.041,0.226,0.309,-1.38,80680.07,No injected typology,0
NPI2000001345,Radiology,Northeast,177,7.01,380.31,1.16,0.115,0.073,0.094,0.09,0.169,0.384,1.48,545570.42,No injected typology,0
NPI2000001346,Pain Management,West,241,6.26,607.42,0.73,0.08,0.095,0.159,0.008,0.033,0.374,0.82,664765.55,No injected typology,0
NPI2000001347,Internal Medicine,South,179,5.39,312.07,0.94,0.119,0.012,0.074,0.118,0.076,0.083,-0.44,282765.6,No injected typology,0
NPI2000001348,Lab,South,156,5.6,150.26,0.71,0.095,0.02,0.134,0.079,0.018,0.505,-0.18,93798.45,No injected typology,0
NPI2000001349,Pain Management,South,619,9.3,183.42,1.35,0.312,0.086,0.307,0.013,0.16,0.243,0.27,1428809.81,No injected typology,0
NPI2000001350,Pain Management,Northeast,165,4.62,865.27,1.3,0.136,0.043,0.136,0.11,0.193,0.117,-0.18,857686.71,No injected typology,0
NPI2000001351,Radiology,West,101,6.53,358.39,1.39,0.234,0.019,0.387,0.092,0.249,0.1,-0.54,328776.23,No injected typology,0
NPI2000001352,Home Health,Northeast,164,6.5,322.99,1.14,0.101,0.004,0.045,0.061,0.295,0.255,-1.15,391739.73,No injected typology,0
NPI2000001353,Oncology,West,357,4.59,565.14,0.91,0.093,0.011,0.292,0.009,0.006,0.089,0.19,838492.93,No injected typology,0
NPI2000001354,Orthopedics,South,120,7.72,186.43,0.86,0.084,0.047,0.163,0.229,0.129,0.073,-1.16,148566.57,No injected typology,0
NPI2000001355,Home Health,Midwest,58,2.66,359.09,1.16,0.058,0.034,0.185,0.1,0.175,0.138,-0.01,64484.38,No injected typology,0
NPI2000001356,Internal Medicine,Midwest,132,5.54,366.79,1.23,0.388,0.011,0.388,0.014,0.128,0.334,-0.1,330709.34,No injected typology,0
NPI2000001357,Internal Medicine,West,75,6.72,252.03,1.03,0.188,0.151,0.101,0.041,0.129,0.353,0.79,130396.59,No injected typology,0
NPI2000001358,Cardiology,West,135,7.95,313.71,1.13,0.105,0.048,0.102,0.056,0.302,0.011,-0.83,379762.68,No injected typology,0
NPI2000001359,Cardiology,Northeast,61,4.54,327.78,0.96,0.095,0.098,0.524,0.038,0.144,0.234,3.25,87016.99,Unbundling/modifier abuse,1
NPI2000001360,Pain Management,West,392,2.71,378.28,1.22,0.116,0.005,0.18,0.076,0.134,0.113,0.16,492008.37,No injected typology,0
NPI2000001361,Cardiology,Northeast,154,6.29,383.63,1.24,0.245,0.024,0.139,0.016,0.173,0.498,-0.63,461686.83,No injected typology,0
NPI2000001362,Oncology,West,232,4.3,313.78,1.13,0.308,0.007,0.095,0.778,0.207,0.168,0.6,352842.5,Impossible frequency,1
NPI2000001363,Orthopedics,South,161,2.05,321.47,0.94,0.206,0.014,0.006,0.109,0.038,0.143,-0.22,99287.03,No injected typology,0
NPI2000001364,Orthopedics,South,255,4.28,168.74,0.95,0.125,0.03,0.122,0.087,0.043,0.506,-0.02,175405.19,No injected typology,0
NPI2000001365,Lab,South,134,5.74,406.56,0.82,0.432,0.01,0.054,0.116,0.095,0.111,1.38,257335.66,No injected typology,0
NPI2000001366,Radiology,West,122,5.59,978.92,0.72,0.251,0.023,0.712,0.183,0.053,0.163,3.98,479529.17,Unbundling/modifier abuse,1
NPI2000001367,Radiology,Midwest,91,5.48,335.41,1.02,0.099,0.009,0.725,0.007,0.011,0.38,1.5,170503.95,Unbundling/modifier abuse,1
NPI2000001368,Oncology,West,109,2.85,379.72,0.85,0.061,0.051,0.132,0.068,0.052,0.123,-0.05,100696.66,No injected typology,0
NPI2000001369,Radiology,West,262,5.08,1119.07,1.06,0.839,0.001,0.121,0.096,0.058,0.122,4.94,1573807.78,Upcoding,1
NPI2000001370,Cardiology,Midwest,287,5.49,373.8,1.07,0.345,0.044,0.086,0.174,0.044,0.423,1.93,631719.08,No injected typology,0
NPI2000001371,Oncology,South,114,8.04,194.2,1.26,0.369,0.029,0.296,0.047,0.258,0.126,-0.15,225032.68,No injected typology,0
NPI2000001372,Internal Medicine,South,62,5.89,299.24,1.08,0.279,0.012,0.306,0.154,0.173,0.127,-0.54,118380.08,No injected typology,0
NPI2000001373,Lab,South,269,6.2,684.14,0.91,0.186,0.006,0.055,0.028,0.193,0.258,-1.46,1038405.5,No injected typology,0
NPI2000001374,Orthopedics,South,92,6.89,429.87,0.79,0.218,0.013,0.011,0.007,0.255,0.16,-0.47,216072.44,No injected typology,0
NPI2000001375,Orthopedics,Northeast,102,5.91,247.51,0.7,0.061,0.01,0.077,0.209,0.08,0.404,0.75,104284.34,No injected typology,0
NPI2000001376,Pain Management,West,133,5.82,471.58,0.86,0.296,0.022,0.076,0.072,0.148,0.532,-1.38,314978.1,No injected typology,0
NPI2000001377,Orthopedics,South,282,5.94,362.16,1.23,0.153,0.031,0.1,0.007,0.071,0.145,0.78,743025.0,No injected typology,0
NPI2000001378,Lab,Northeast,197,5.82,361.12,1.08,0.206,0.02,0.105,0.042,0.221,0.141,-1.13,445982.35,No injected typology,0
NPI2000001379,Lab,South,134,4.04,680.22,0.55,0.129,0.016,0.149,0.008,0.244,0.306,-0.73,202404.58,No injected typology,0
NPI2000001380,Radiology,Midwest,65,7.29,270.53,1.24,0.437,0.042,0.234,0.132,0.043,0.044,0.37,158419.54,No injected typology,0
NPI2000001381,Cardiology,Midwest,161,5.78,152.55,1.25,0.165,0.034,0.04,0.015,0.075,0.248,-2.53,177395.76,No injected typology,0
NPI2000001382,Pain Management,South,316,6.4,351.83,1.17,0.306,0.006,0.037,0.059,0.172,0.081,-2.16,832357.18,No injected typology,0
NPI2000001383,Internal Medicine,Northeast,175,3.39,769.24,1.33,0.04,0.007,0.039,0.022,0.128,0.305,0.9,606560.43,No injected typology,0
NPI2000001384,Radiology,South,241,7.28,360.26,1.27,0.196,0.026,0.079,0.02,0.091,0.045,1.0,802681.2,No injected typology,0
NPI2000001385,Internal Medicine,Midwest,169,4.71,343.53,1.13,0.342,0.016,0.07,0.038,0.039,0.211,1.4,308126.8,No injected typology,0
NPI2000001386,Orthopedics,Northeast,139,3.88,357.44,0.92,0.158,0.015,0.069,0.075,0.047,0.478,-0.53,177683.08,No injected typology,0
NPI2000001387,Internal Medicine,Northeast,177,8.9,385.9,1.25,0.308,0.017,0.036,0.607,0.156,0.073,-0.9,760017.51,Impossible frequency,1
NPI2000001388,Lab,West,161,5.59,626.67,1.07,0.095,0.029,0.121,0.006,0.258,0.296,1.29,604137.59,No injected typology,0
NPI2000001389,Oncology,Midwest,686,6.72,391.62,1.09,0.324,0.007,0.102,0.094,0.015,0.197,0.18,1973616.05,No injected typology,0
NPI2000001390,Cardiology,Midwest,185,6.31,565.27,0.79,0.142,0.043,0.094,0.016,0.1,0.274,0.63,518299.99,No injected typology,0
NPI2000001391,Lab,South,156,6.85,225.54,1.0,0.182,0.031,0.066,0.141,0.03,0.155,-0.0,241137.73,No injected typology,0
NPI2000001392,Internal Medicine,Northeast,164,7.14,710.16,1.05,0.318,0.02,0.132,0.049,0.293,0.277,-1.83,872493.76,No injected typology,0
NPI2000001393,Radiology,West,190,6.43,477.23,1.36,0.146,0.003,0.087,0.048,0.161,0.232,0.82,791333.08,No injected typology,0
NPI2000001394,Cardiology,South,193,4.94,1125.89,0.75,0.3,0.059,0.052,0.118,0.094,0.104,0.06,808737.75,No injected typology,0
NPI2000001395,Pain Management,Northeast,271,7.08,434.52,0.74,0.113,0.074,0.042,0.199,0.024,0.401,-0.48,620369.09,No injected typology,0
NPI2000001396,Home Health,South,266,7.01,154.75,0.95,0.137,0.007,0.01,0.06,0.084,0.443,-0.01,273694.59,No injected typology,0
NPI2000001397,Orthopedics,West,191,5.88,607.62,0.97,0.107,0.006,0.012,0.033,0.138,0.61,-0.05,659480.26,No injected typology,0
NPI2000001398,Internal Medicine,South,49,9.26,387.89,1.14,0.099,0.026,0.1,0.021,0.083,0.066,0.36,201224.53,No injected typology,0
NPI2000001399,DME Supplier,Northeast,268,4.92,300.01,0.86,0.107,0.022,0.018,0.079,0.044,0.343,1.18,339318.24,No injected typology,0
NPI2000001400,Radiology,Midwest,194,5.49,256.11,0.99,0.305,0.017,0.05,0.125,0.081,0.282,1.21,268838.85,No injected typology,0
NPI2000001401,Oncology,Northeast,385,6.29,268.78,1.07,0.109,0.052,0.042,0.058,0.049,0.15,-1.15,699040.05,No injected typology,0
NPI2000001402,Orthopedics,Northeast,39,7.06,422.25,1.13,0.138,0.029,0.055,0.047,0.019,0.396,1.43,130800.99,No injected typology,0
NPI2000001403,Cardiology,South,263,5.76,561.27,1.32,0.259,0.037,0.544,0.116,0.064,0.337,4.57,1121730.87,Unbundling/modifier abuse,1
NPI2000001404,Internal Medicine,South,42,6.06,326.69,1.31,0.284,0.038,0.041,0.052,0.215,0.062,-0.17,109090.37,No injected typology,0
NPI2000001405,Cardiology,Northeast,169,5.69,110.88,1.23,0.148,0.031,0.161,0.06,0.059,0.229,-0.3,131324.93,No injected typology,0
NPI2000001406,Internal Medicine,Midwest,134,6.28,582.5,1.23,0.055,0.048,0.369,0.111,0.165,0.116,-0.78,604168.59,No injected typology,0
NPI2000001407,Cardiology,South,276,6.47,447.58,1.06,0.543,0.045,0.208,0.005,0.129,0.31,0.16,844268.79,No injected typology,0
NPI2000001408,Radiology,Northeast,47,5.19,269.62,1.1,0.269,0.003,0.236,0.022,0.044,0.176,-0.67,72576.9,No injected typology,0
NPI2000001409,Internal Medicine,South,255,8.74,441.2,0.94,0.224,0.024,0.162,0.026,0.237,0.348,0.35,926505.66,No injected typology,0
NPI2000001410,Home Health,Northeast,60,5.95,251.13,1.05,0.303,0.112,0.068,0.111,0.047,0.313,1.59,94265.11,No injected typology,0
NPI2000001411,Cardiology,Northeast,122,6.54,284.0,1.56,0.139,0.016,0.146,0.091,0.238,0.032,-0.83,352478.6,No injected typology,0
NPI2000001412,Cardiology,South,110,3.9,435.8,1.0,0.116,0.02,0.069,0.032,0.188,0.224,-1.15,187567.96,No injected typology,0
NPI2000001413,Pain Management,Midwest,226,7.94,344.9,1.39,0.048,0.004,0.165,0.031,0.059,0.082,-0.58,862750.28,No injected typology,0
NPI2000001414,Pain Management,South,123,7.93,437.68,1.08,0.123,0.01,0.214,0.107,0.189,0.28,0.35,461461.2,No injected typology,0
NPI2000001415,Pain Management,South,172,7.89,385.43,0.8,0.105,0.018,0.105,0.055,0.09,0.141,0.28,416690.06,No injected typology,0
NPI2000001416,Internal Medicine,West,104,6.87,499.3,0.72,0.072,0.036,0.1,0.107,0.15,0.278,-0.41,258388.67,No injected typology,0
NPI2000001417,DME Supplier,Northeast,120,7.28,722.1,0.74,0.173,0.039,0.046,0.016,0.096,0.223,0.06,465912.05,No injected typology,0
NPI2000001418,Lab,South,100,6.97,128.42,1.03,0.015,0.063,0.204,0.036,0.099,0.275,-0.19,92195.12,No injected typology,0
NPI2000001419,Internal Medicine,Northeast,204,5.73,233.93,1.32,0.072,0.01,0.044,0.643,0.109,0.517,-0.12,361152.67,Impossible frequency,1
NPI2000001420,Internal Medicine,West,109,8.88,502.7,1.21,0.237,0.133,0.232,0.183,0.04,0.138,-1.24,589196.08,No injected typology,0
NPI2000001421,DME Supplier,South,88,5.76,169.92,0.9,0.225,0.041,0.084,0.024,0.107,0.296,-0.22,77530.92,No injected typology,0
NPI2000001422,Cardiology,South,240,4.2,439.33,1.27,0.225,0.037,0.088,0.188,0.113,0.181,-0.77,564379.36,No injected typology,0
NPI2000001423,Cardiology,West,206,5.54,398.79,0.98,0.085,0.0,0.06,0.21,0.113,0.275,0.4,447843.83,No injected typology,0
NPI2000001424,Oncology,South,417,4.29,312.52,0.78,0.27,0.025,0.013,0.006,0.103,0.425,1.61,434802.65,No injected typology,0
NPI2000001425,Cardiology,Northeast,154,7.06,388.04,0.65,0.354,0.044,0.052,0.139,0.117,0.1,1.22,272513.4,No injected typology,0
NPI2000001426,Oncology,Midwest,257,8.09,304.47,1.36,0.09,0.024,0.094,0.001,0.141,0.129,-1.24,864252.93,No injected typology,0
NPI2000001427,Home Health,West,111,4.28,723.74,1.07,0.131,0.029,0.313,0.006,0.358,0.569,0.55,367124.64,No injected typology,0
NPI2000001428,Internal Medicine,Midwest,292,3.58,291.62,0.63,0.11,0.1,0.048,0.197,0.029,0.367,0.73,190400.87,No injected typology,0
NPI2000001429,Cardiology,South,393,8.62,247.57,1.21,0.223,0.083,0.037,0.076,0.054,0.205,0.35,1013492.37,No injected typology,0
NPI2000001430,Internal Medicine,South,386,5.37,300.75,1.27,0.453,0.003,0.122,0.028,0.204,0.42,1.2,789473.79,No injected typology,0
NPI2000001431,DME Supplier,South,56,5.29,565.75,1.24,0.008,0.014,0.631,0.171,0.03,0.281,3.52,207807.48,Unbundling/modifier abuse,1
NPI2000001432,Lab,West,79,7.77,321.97,0.85,0.188,0.009,0.294,0.04,0.124,0.649,0.03,168112.68,No injected typology,0
NPI2000001433,Internal Medicine,South,49,6.94,216.78,1.19,0.385,0.015,0.083,0.041,0.148,0.023,0.54,87910.88,No injected typology,0
NPI2000001434,Internal Medicine,West,303,5.08,358.92,0.97,0.244,0.04,0.115,0.12,0.122,0.462,1.1,535050.43,No injected typology,0
NPI2000001435,Internal Medicine,Northeast,339,5.88,177.94,1.0,0.045,0.047,0.062,0.004,0.209,0.394,-1.51,355605.39,No injected typology,0
NPI2000001436,Cardiology,West,129,6.36,373.7,1.07,0.129,0.096,0.376,0.167,0.12,0.379,0.03,328585.07,No injected typology,0
NPI2000001437,Internal Medicine,Northeast,95,4.76,277.83,0.83,0.26,0.038,0.083,0.099,0.055,0.228,0.53,103878.78,No injected typology,0
NPI2000001438,Oncology,South,110,5.86,207.93,1.11,0.16,0.017,0.04,0.018,0.093,0.139,-1.05,148517.09,No injected typology,0
NPI2000001439,Radiology,West,92,7.15,474.18,0.72,0.209,0.019,0.085,0.087,0.042,0.372,0.61,225697.81,No injected typology,0
NPI2000001440,Oncology,South,112,5.77,272.72,1.4,0.235,0.014,0.029,0.006,0.177,0.18,-0.57,246459.11,No injected typology,0
NPI2000001441,DME Supplier,Northeast,100,6.45,321.51,1.34,0.374,0.008,0.23,0.181,0.016,0.244,-0.9,278732.84,No injected typology,0
NPI2000001442,Lab,West,251,6.38,120.77,1.26,0.093,0.024,0.081,0.105,0.082,0.138,-1.62,244474.17,No injected typology,0
NPI2000001443,Radiology,Midwest,549,4.91,179.23,1.23,0.318,0.087,0.024,0.052,0.269,0.258,-1.12,591761.12,No injected typology,0
NPI2000001444,Cardiology,Northeast,148,6.57,217.24,0.86,0.197,0.018,0.727,0.511,0.137,0.19,3.78,182476.33,Unbundling/modifier abuse,1
NPI2000001445,Home Health,West,264,4.17,327.97,0.97,0.333,0.101,0.055,0.003,0.043,0.389,0.61,351643.32,No injected typology,0
NPI2000001446,Cardiology,Midwest,411,6.78,372.42,1.06,0.035,0.015,0.176,0.005,0.012,0.307,-1.22,1101857.38,No injected typology,0
NPI2000001447,Pain Management,Northeast,381,5.87,553.61,1.04,0.079,0.036,0.047,0.046,0.148,0.099,0.88,1291884.81,No injected typology,0
NPI2000001448,Lab,West,143,4.76,404.29,1.3,0.153,0.026,0.229,0.003,0.122,0.225,-1.11,358485.27,No injected typology,0
NPI2000001449,Cardiology,South,223,5.64,483.92,1.18,0.278,0.012,0.108,0.009,0.315,0.173,-0.41,715437.82,No injected typology,0
NPI2000001450,Internal Medicine,Northeast,363,3.65,302.7,0.8,0.255,0.001,0.038,0.239,0.216,0.112,-0.65,320480.74,No injected typology,0
NPI2000001451,Lab,Northeast,322,5.47,171.94,1.08,0.149,0.012,0.048,0.16,0.151,0.287,-0.64,326835.39,No injected typology,0
NPI2000001452,Pain Management,West,380,6.57,213.55,0.87,0.338,0.017,0.202,0.024,0.132,0.142,-0.47,461213.73,No injected typology,0
NPI2000001453,Internal Medicine,West,110,7.31,539.15,0.84,0.435,0.035,0.03,0.078,0.042,0.43,-1.4,364443.21,No injected typology,0
NPI2000001454,Cardiology,West,165,6.74,548.76,1.15,0.23,0.071,0.378,0.071,0.08,0.301,-1.42,699865.3,No injected typology,0
NPI2000001455,Cardiology,West,279,5.24,272.37,0.84,0.088,0.005,0.171,0.002,0.243,0.293,0.49,335937.75,No injected typology,0
NPI2000001456,Lab,Northeast,146,7.37,429.31,1.2,0.236,0.022,0.021,0.062,0.053,0.133,-0.37,556011.07,No injected typology,0
NPI2000001457,Pain Management,West,564,6.69,991.5,0.71,0.238,0.016,0.055,0.824,0.048,0.384,1.93,2646445.04,Impossible frequency,1
NPI2000001458,Oncology,Midwest,736,7.57,282.5,1.1,0.053,0.01,0.039,0.038,0.163,0.25,0.32,1728275.82,No injected typology,0
NPI2000001459,Pain Management,Midwest,99,2.97,253.69,0.77,0.092,0.051,0.105,0.249,0.109,0.423,-0.59,57075.45,No injected typology,0
NPI2000001460,Oncology,Northeast,113,8.1,281.98,1.47,0.23,0.03,0.166,0.034,0.032,0.274,-0.73,378774.49,No injected typology,0
NPI2000001461,Oncology,Midwest,156,5.38,338.73,0.99,0.093,0.025,0.088,0.011,0.187,0.21,-0.11,280905.39,No injected typology,0
NPI2000001462,DME Supplier,Northeast,199,5.83,658.69,0.91,0.184,0.038,0.189,0.032,0.612,0.317,4.34,696017.1,DME aberrancy,1
NPI2000001463,Radiology,West,323,6.17,251.91,1.37,0.369,0.06,0.01,0.04,0.162,0.128,-0.3,686381.28,No injected typology,0
NPI2000001464,Cardiology,Northeast,507,4.71,466.92,1.18,0.306,0.07,0.052,0.005,0.17,0.407,-0.51,1317742.74,No injected typology,0
NPI2000001465,Internal Medicine,West,105,7.57,533.73,1.0,0.097,0.024,0.026,0.069,0.216,0.206,1.27,424845.88,No injected typology,0
NPI2000001466,Home Health,Northeast,156,7.81,706.97,1.06,0.106,0.045,0.19,0.133,0.092,0.239,-1.65,911209.21,No injected typology,0
NPI2000001467,Internal Medicine,Midwest,268,5.87,170.84,0.89,0.411,0.058,0.061,0.126,0.103,0.256,0.83,238115.83,No injected typology,0
NPI2000001468,Pain Management,Northeast,118,5.56,1038.3,1.47,0.032,0.017,0.484,0.005,0.056,0.345,3.74,1002529.37,Unbundling/modifier abuse,1
NPI2000001469,Home Health,West,226,4.79,376.61,1.11,0.087,0.111,0.129,0.062,0.059,0.447,-0.86,452421.58,No injected typology,0
NPI2000001470,Radiology,Northeast,70,5.62,354.55,0.83,0.331,0.015,0.075,0.009,0.256,0.263,-0.26,116293.03,No injected typology,0
NPI2000001471,Lab,South,203,6.52,265.05,1.35,0.013,0.046,0.073,0.013,0.111,0.205,-1.23,473849.25,No injected typology,0
NPI2000001472,Cardiology,South,152,7.95,605.8,0.93,0.254,0.016,0.585,0.006,0.021,0.35,3.11,683335.37,Unbundling/modifier abuse,1
NPI2000001473,Lab,South,215,7.55,188.04,1.26,0.141,0.071,0.153,0.113,0.331,0.401,-1.86,385382.99,No injected typology,0
NPI2000001474,Pain Management,Northeast,85,5.47,219.73,0.6,0.162,0.043,0.12,0.069,0.138,0.134,0.43,60864.87,No injected typology,0
NPI2000001475,Home Health,West,101,7.21,303.33,1.04,0.102,0.051,0.29,0.014,0.057,0.283,0.47,229287.54,No injected typology,0
NPI2000001476,Pain Management,Midwest,117,4.81,978.27,1.16,0.156,0.038,0.105,0.087,0.243,0.186,0.3,636429.67,No injected typology,0
NPI2000001477,Lab,West,71,6.75,893.06,0.85,0.101,0.002,0.067,0.065,0.017,0.142,1.43,365359.11,No injected typology,0
NPI2000001478,Cardiology,Northeast,51,6.0,1091.74,0.97,0.016,0.021,0.207,0.029,0.124,0.291,0.19,324686.54,No injected typology,0
NPI2000001479,Internal Medicine,Northeast,82,6.22,508.34,1.0,0.055,0.069,0.723,0.014,0.079,0.046,2.74,258573.82,Unbundling/modifier abuse,1
NPI2000001480,Lab,Northeast,226,5.72,449.07,1.04,0.092,0.003,0.066,0.058,0.226,0.27,-0.99,605572.82,No injected typology,0
NPI2000001481,Home Health,Northeast,141,4.85,237.15,1.07,0.171,0.029,0.036,0.149,0.06,0.288,1.12,173639.99,No injected typology,0
NPI2000001482,Radiology,West,188,5.3,204.86,1.21,0.26,0.09,0.217,0.055,0.128,0.205,0.32,246425.8,No injected typology,0
NPI2000001483,Internal Medicine,Midwest,155,6.43,420.12,1.11,0.151,0.038,0.175,0.031,0.089,0.584,0.43,466509.33,No injected typology,0
NPI2000001484,Cardiology,Northeast,460,5.39,509.46,1.39,0.173,0.022,0.086,0.081,0.068,0.027,0.17,1758505.29,No injected typology,0
NPI2000001485,Home Health,South,123,6.88,240.1,0.55,0.082,0.047,0.041,0.07,0.058,0.637,-0.89,111800.44,No injected typology,0
NPI2000001486,Radiology,South,149,4.25,343.38,1.27,0.229,0.061,0.033,0.022,0.024,0.108,-0.4,276188.76,No injected typology,0
NPI2000001487,Home Health,Midwest,267,6.28,171.24,1.26,0.087,0.023,0.071,0.126,0.152,0.091,-1.18,362251.15,No injected typology,0
NPI2000001488,DME Supplier,South,172,8.16,254.41,1.13,0.112,0.012,0.64,0.12,0.113,0.459,3.89,401986.66,Unbundling/modifier abuse,1
NPI2000001489,Home Health,Midwest,191,6.75,163.0,1.32,0.053,0.01,0.152,0.015,0.204,0.472,-0.44,276692.5,No injected typology,0
NPI2000001490,Internal Medicine,Northeast,221,5.28,881.17,1.29,0.18,0.055,0.007,0.005,0.178,0.25,1.01,1328831.62,No injected typology,0
NPI2000001491,Pain Management,Midwest,91,6.89,257.47,1.07,0.287,0.057,0.098,0.076,0.045,0.444,1.23,172693.9,No injected typology,0
NPI2000001492,Orthopedics,Midwest,79,8.55,426.47,1.33,0.109,0.065,0.111,0.029,0.104,0.073,-0.31,382049.24,No injected typology,0
NPI2000001493,Radiology,Midwest,111,7.38,222.41,1.36,0.147,0.032,0.128,0.069,0.077,0.219,-0.09,247200.23,No injected typology,0
NPI2000001494,DME Supplier,Northeast,282,7.58,286.43,0.91,0.122,0.024,0.08,0.127,0.095,0.432,0.31,558247.31,No injected typology,0
NPI2000001495,Radiology,South,751,9.18,326.09,1.14,0.102,0.027,0.005,0.041,0.066,0.225,1.18,2556031.2,No injected typology,0
NPI2000001496,Home Health,West,85,6.42,494.39,0.55,0.128,0.028,0.066,0.041,0.149,0.174,-1.25,148307.65,No injected typology,0
NPI2000001497,Lab,Northeast,203,6.3,489.38,1.1,0.295,0.022,0.091,0.035,0.071,0.594,0.19,690555.06,No injected typology,0
NPI2000001498,Lab,West,46,7.43,335.16,1.01,0.17,0.019,0.219,0.024,0.103,0.326,0.17,115148.9,No injected typology,0
NPI2000001499,Internal Medicine,Northeast,148,5.75,195.55,1.1,0.33,0.129,0.167,0.062,0.114,0.156,-0.83,183365.9,No injected typology,0
NPI2000001500,Home Health,South,199,7.0,552.71,0.92,0.379,0.019,0.103,0.027,0.206,0.305,1.57,706427.24,No injected typology,0
NPI2000001501,Orthopedics,Northeast,173,5.86,397.61,1.39,0.069,0.042,0.031,0.057,0.011,0.185,1.14,559974.23,No injected typology,0
NPI2000001502,Internal Medicine,South,75,8.51,744.42,1.37,0.086,0.001,0.089,0.014,0.127,0.123,2.47,651434.3,No injected typology,0
NPI2000001503,Pain Management,Midwest,129,4.42,795.4,1.17,0.668,0.074,0.148,0.04,0.008,0.219,5.31,529906.5,Upcoding,1
NPI2000001504,Lab,South,430,7.09,143.71,1.11,0.255,0.048,0.025,0.027,0.227,0.202,0.08,484810.74,No injected typology,0
NPI2000001505,Radiology,West,177,5.65,367.25,0.82,0.148,0.009,0.022,0.029,0.034,0.171,0.0,302564.81,No injected typology,0
NPI2000001506,Internal Medicine,Midwest,108,7.1,233.31,0.76,0.08,0.01,0.09,0.004,0.05,0.192,-1.16,135219.66,No injected typology,0
NPI2000001507,Cardiology,West,181,8.06,328.77,1.39,0.203,0.016,0.029,0.064,0.077,0.242,0.51,664857.18,No injected typology,0
NPI2000001508,Home Health,Midwest,100,5.22,324.75,0.86,0.007,0.03,0.053,0.603,0.077,0.188,0.71,145198.64,Impossible frequency,1
NPI2000001509,Oncology,Midwest,124,5.71,318.11,1.13,0.074,0.015,0.713,0.006,0.146,0.301,2.62,253972.81,Unbundling/modifier abuse,1
NPI2000001510,Internal Medicine,Northeast,135,6.94,610.6,1.34,0.404,0.082,0.162,0.024,0.152,0.226,-0.83,768237.06,No injected typology,0
NPI2000001511,Internal Medicine,Midwest,157,7.61,229.86,1.33,0.077,0.04,0.277,0.067,0.257,0.189,-0.44,365967.55,No injected typology,0
NPI2000001512,Home Health,West,131,4.32,249.04,1.07,0.159,0.005,0.184,0.198,0.198,0.401,2.36,150371.28,No injected typology,0
NPI2000001513,Home Health,Northeast,225,6.24,1031.32,0.58,0.175,0.044,0.049,0.124,0.356,0.386,0.81,833124.67,No injected typology,0
NPI2000001514,Lab,South,69,6.66,267.38,0.73,0.281,0.054,0.119,0.02,0.054,0.205,-0.09,89456.99,No injected typology,0
NPI2000001515,Internal Medicine,Northeast,81,5.1,210.62,1.03,0.322,0.001,0.051,0.021,0.135,0.028,-0.14,90054.45,No injected typology,0
NPI2000001516,Pain Management,South,279,3.76,131.34,0.89,0.346,0.089,0.188,0.033,0.045,0.181,-1.25,122602.92,No injected typology,0
NPI2000001517,Lab,Midwest,123,7.63,448.84,1.64,0.039,0.024,0.157,0.064,0.088,0.078,0.51,691148.88,No injected typology,0
NPI2000001518,Orthopedics,South,146,8.15,318.48,0.88,0.77,0.061,0.3,0.016,0.033,0.353,2.7,333481.88,Upcoding,1
NPI2000001519,Orthopedics,South,120,6.08,466.3,1.01,0.145,0.021,0.064,0.017,0.054,0.057,-1.51,344951.64,No injected typology,0
NPI2000001520,Internal Medicine,West,120,6.0,419.6,0.78,0.335,0.024,0.229,0.017,0.143,0.346,1.12,235819.74,No injected typology,0
NPI2000001521,Radiology,Northeast,82,5.72,219.01,0.89,0.214,0.039,0.051,0.042,0.072,0.542,-0.73,91042.07,No injected typology,0
NPI2000001522,Pain Management,South,169,4.14,863.39,1.16,0.222,0.01,0.771,0.016,0.246,0.403,6.07,698405.34,Unbundling/modifier abuse,1
NPI2000001523,Orthopedics,South,156,3.81,219.01,1.27,0.13,0.047,0.065,0.036,0.074,0.022,-0.07,165241.19,No injected typology,0
NPI2000001524,Home Health,Northeast,92,6.15,168.98,1.03,0.191,0.012,0.124,0.0,0.007,0.225,-1.66,98993.85,No injected typology,0
NPI2000001525,Lab,South,166,7.64,358.24,1.08,0.239,0.044,0.024,0.071,0.068,0.49,0.51,490285.84,No injected typology,0
NPI2000001526,Lab,West,308,7.19,271.71,0.77,0.109,0.015,0.078,0.01,0.183,0.138,-1.35,464879.43,No injected typology,0
NPI2000001527,Orthopedics,West,50,4.62,594.76,0.93,0.1,0.039,0.208,0.088,0.096,0.128,0.11,128372.08,No injected typology,0
NPI2000001528,Home Health,Midwest,285,7.91,636.71,0.88,0.292,0.015,0.044,0.014,0.11,0.277,1.56,1270037.79,No injected typology,0
NPI2000001529,Orthopedics,South,111,5.66,486.04,0.98,0.137,0.053,0.081,0.055,0.038,0.341,-0.04,298992.34,No injected typology,0
NPI2000001530,Lab,Midwest,126,9.09,235.26,1.15,0.049,0.005,0.006,0.055,0.114,0.142,-0.49,309816.13,No injected typology,0
NPI2000001531,Radiology,South,189,5.33,269.87,0.92,0.213,0.031,0.038,0.037,0.019,0.186,-0.68,249980.76,No injected typology,0
NPI2000001532,Home Health,South,258,5.0,875.34,1.3,0.263,0.041,0.265,0.072,0.081,0.122,-0.12,1470147.99,No injected typology,0
NPI2000001533,Lab,Northeast,177,7.37,326.21,0.76,0.332,0.009,0.149,0.123,0.011,0.274,0.42,324105.33,No injected typology,0
NPI2000001534,Pain Management,South,224,4.23,189.42,1.14,0.257,0.106,0.015,0.012,0.056,0.205,0.24,204178.42,No injected typology,0
NPI2000001535,DME Supplier,West,72,6.26,148.91,0.79,0.328,0.32,0.111,0.011,0.036,0.204,0.11,53044.37,Duplicate billing,1
NPI2000001536,Internal Medicine,South,74,6.6,187.45,0.8,0.087,0.094,0.116,0.011,0.255,0.087,-0.57,73416.65,No injected typology,0
NPI2000001537,Radiology,West,85,7.44,307.89,0.99,0.206,0.003,0.106,0.065,0.084,0.266,-1.95,193194.61,No injected typology,0
NPI2000001538,Cardiology,Midwest,129,9.23,407.39,0.75,0.019,0.017,0.049,0.788,0.085,0.452,-0.16,364214.53,Impossible frequency,1
NPI2000001539,DME Supplier,Northeast,87,6.07,335.94,1.01,0.153,0.003,0.02,0.018,0.063,0.29,-0.74,178940.32,No injected typology,0
NPI2000001540,Internal Medicine,South,82,7.44,852.35,1.34,0.095,0.007,0.271,0.087,0.067,0.435,0.21,694478.96,No injected typology,0
NPI2000001541,Orthopedics,South,248,8.08,509.0,0.86,0.459,0.01,0.014,0.041,0.06,0.588,0.5,878457.11,No injected typology,0
NPI2000001542,Home Health,South,144,5.3,217.82,1.05,0.068,0.404,0.028,0.016,0.001,0.421,-0.6,174234.25,Duplicate billing,1
NPI2000001543,Home Health,West,72,6.14,90.07,1.1,0.208,0.011,0.097,0.034,0.125,0.169,-0.44,43974.4,No injected typology,0
NPI2000001544,DME Supplier,Northeast,341,8.02,331.95,1.06,0.113,0.13,0.134,0.165,0.181,0.026,0.79,964297.3,No injected typology,0
NPI2000001545,Cardiology,South,339,6.26,311.5,1.01,0.135,0.015,0.231,0.057,0.121,0.293,-0.37,665497.13,No injected typology,0
NPI2000001546,Home Health,Northeast,323,6.93,363.31,0.55,0.236,0.024,0.056,0.032,0.201,0.061,0.69,447267.71,No injected typology,0
NPI2000001547,Home Health,West,40,8.38,552.28,1.35,0.05,0.028,0.059,0.009,0.012,0.231,1.28,250364.29,No injected typology,0
NPI2000001548,DME Supplier,Midwest,75,4.85,349.75,1.12,0.316,0.048,0.04,0.043,0.147,0.374,1.47,142564.64,No injected typology,0
NPI2000001549,Orthopedics,Northeast,81,4.56,305.48,1.12,0.277,0.016,0.058,0.037,0.025,0.186,-0.59,126817.77,No injected typology,0
NPI2000001550,Internal Medicine,West,177,9.25,807.57,1.06,0.357,0.027,0.004,0.04,0.268,0.197,1.61,1400273.22,No injected typology,0
NPI2000001551,DME Supplier,South,224,6.87,297.43,1.06,0.162,0.415,0.146,0.028,0.184,0.124,0.5,487328.0,Duplicate billing,1
NPI2000001552,Internal Medicine,South,216,7.81,332.98,0.99,0.143,0.106,0.151,0.006,0.048,0.052,-0.16,557658.52,No injected typology,0
NPI2000001553,Oncology,West,107,7.98,345.02,1.03,0.062,0.034,0.015,0.077,0.088,0.248,0.81,303770.52,No injected typology,0
NPI2000001554,Orthopedics,South,306,7.51,354.21,0.67,0.563,0.058,0.064,0.214,0.054,0.07,1.4,546261.19,No injected typology,0
NPI2000001555,Cardiology,West,561,7.21,610.46,1.2,0.334,0.057,0.158,0.112,0.073,0.18,0.41,2965672.62,No injected typology,0
NPI2000001556,Pain Management,West,172,4.68,988.62,0.96,0.344,0.062,0.071,0.123,0.207,0.173,0.32,761837.06,No injected typology,0
NPI2000001557,Internal Medicine,West,316,6.66,459.32,0.88,0.065,0.087,0.007,0.006,0.204,0.292,-0.19,846529.2,No injected typology,0
NPI2000001558,Lab,Northeast,173,3.76,159.24,0.95,0.27,0.002,0.105,0.079,0.124,0.443,0.04,98528.67,No injected typology,0
NPI2000001559,Oncology,Northeast,34,4.96,374.0,1.28,0.011,0.034,0.162,0.045,0.065,0.181,1.47,80509.68,No injected typology,0
NPI2000001560,Lab,West,109,9.83,674.31,0.99,0.26,0.014,0.002,0.193,0.069,0.029,0.63,718684.13,No injected typology,0
NPI2000001561,DME Supplier,Midwest,129,5.01,294.22,0.7,0.06,0.022,0.031,0.713,0.028,0.075,-0.15,132183.54,Impossible frequency,1
NPI2000001562,Oncology,West,226,7.93,473.33,1.03,0.46,0.053,0.25,0.029,0.2,0.089,-0.8,871194.55,No injected typology,0
NPI2000001563,Orthopedics,West,267,6.82,143.69,0.65,0.124,0.042,0.016,0.077,0.152,0.161,-0.22,170233.87,No injected typology,0
NPI2000001564,Pain Management,South,113,5.99,341.8,1.03,0.097,0.004,0.112,0.0,0.09,0.41,1.56,239262.53,No injected typology,0
NPI2000001565,Internal Medicine,Midwest,86,7.02,185.11,0.8,0.106,0.001,0.256,0.213,0.103,0.226,0.84,89127.93,No injected typology,0
NPI2000001566,Orthopedics,South,93,8.31,658.11,1.08,0.443,0.047,0.775,0.04,0.093,0.293,4.65,550197.08,Unbundling/modifier abuse,1
NPI2000001567,Oncology,South,146,4.84,235.81,1.38,0.287,0.014,0.138,0.081,0.115,0.515,-1.66,229540.3,No injected typology,0
NPI2000001568,Home Health,South,133,7.41,266.23,1.17,0.096,0.043,0.053,0.094,0.064,0.091,-0.78,306995.29,No injected typology,0
NPI2000001569,DME Supplier,Northeast,169,6.22,142.74,0.55,0.134,0.044,0.114,0.01,0.591,0.143,2.61,82583.47,DME aberrancy,1
NPI2000001570,DME Supplier,Midwest,294,5.82,768.03,1.0,0.233,0.005,0.825,0.106,0.177,0.508,4.4,1312854.51,Unbundling/modifier abuse,1
NPI2000001571,Home Health,South,82,6.5,226.54,0.7,0.133,0.003,0.11,0.002,0.068,0.383,-0.62,84947.25,No injected typology,0
NPI2000001572,Home Health,South,505,8.3,490.73,1.08,0.189,0.026,0.038,0.108,0.025,0.408,0.49,2222140.0,No injected typology,0
NPI2000001573,Pain Management,Midwest,128,7.28,430.69,0.67,0.038,0.011,0.053,0.091,0.034,0.641,0.54,270272.81,No injected typology,0
NPI2000001574,DME Supplier,Midwest,348,8.37,117.38,0.88,0.217,0.009,0.09,0.08,0.271,0.066,0.08,302301.18,No injected typology,0
NPI2000001575,Internal Medicine,Northeast,164,6.79,259.84,1.13,0.179,0.038,0.209,0.06,0.042,0.384,-0.82,327459.14,No injected typology,0
NPI2000001576,Pain Management,West,230,8.0,614.67,0.81,0.094,0.06,0.024,0.078,0.327,0.3,0.47,920617.93,No injected typology,0
NPI2000001577,Home Health,West,105,7.74,1211.46,1.04,0.131,0.01,0.036,0.215,0.25,0.125,0.19,1025416.16,No injected typology,0
NPI2000001578,Cardiology,Midwest,275,5.31,382.22,1.27,0.14,0.019,0.047,0.011,0.095,0.492,1.11,707618.97,No injected typology,0
NPI2000001579,Cardiology,Midwest,157,5.64,367.52,0.7,0.353,0.069,0.037,0.576,0.288,0.122,0.26,226769.49,Impossible frequency,1
NPI2000001580,Lab,Northeast,68,5.93,286.7,1.05,0.275,0.026,0.031,0.108,0.036,0.278,-0.79,121557.97,No injected typology,0
NPI2000001581,Internal Medicine,South,134,6.43,972.99,0.86,0.088,0.045,0.047,0.023,0.127,0.182,0.26,717255.35,No injected typology,0
NPI2000001582,Internal Medicine,South,94,8.73,273.25,1.27,0.193,0.001,0.218,0.002,0.082,0.092,0.47,285140.49,No injected typology,0
NPI2000001583,Lab,Midwest,234,6.55,389.76,1.07,0.373,0.013,0.134,0.011,0.2,0.034,0.17,639124.61,No injected typology,0
NPI2000001584,Internal Medicine,West,114,6.78,383.17,0.81,0.033,0.054,0.042,0.026,0.245,0.169,-0.26,239879.54,No injected typology,0
NPI2000001585,Cardiology,West,266,8.2,286.97,1.04,0.279,0.437,0.146,0.041,0.071,0.416,-0.97,653810.48,Duplicate billing,1
NPI2000001586,Oncology,Northeast,251,5.12,438.67,1.37,0.165,0.053,0.199,0.001,0.131,0.293,-1.51,771045.94,No injected typology,0
NPI2000001587,Orthopedics,Northeast,230,7.06,355.69,0.55,0.146,0.013,0.166,0.108,0.048,0.207,0.73,317498.07,No injected typology,0
NPI2000001588,Lab,South,115,5.06,355.23,0.92,0.115,0.019,0.071,0.041,0.16,0.214,-0.18,190621.38,No injected typology,0
NPI2000001589,Radiology,Midwest,317,6.91,746.71,1.05,0.212,0.028,0.11,0.051,0.2,0.113,0.35,1721455.24,No injected typology,0
NPI2000001590,Internal Medicine,West,152,5.51,493.01,0.98,0.014,0.022,0.039,0.0,0.138,0.406,1.3,404604.95,No injected typology,0
NPI2000001591,Cardiology,Northeast,145,3.13,362.27,1.0,0.149,0.008,0.036,0.061,0.209,0.101,-0.34,164872.77,No injected typology,0
NPI2000001592,Oncology,Midwest,304,5.37,323.02,0.82,0.231,0.012,0.053,0.079,0.069,0.294,2.49,432642.87,No injected typology,0
NPI2000001593,Orthopedics,Northeast,122,6.22,218.0,1.16,0.044,0.069,0.115,0.024,0.16,0.328,-1.84,192346.18,No injected typology,0
NPI2000001594,Orthopedics,West,337,7.14,266.12,0.91,0.145,0.008,0.072,0.088,0.044,0.639,-0.77,584839.68,No injected typology,0
NPI2000001595,Oncology,West,267,3.52,400.19,0.69,0.102,0.001,0.093,0.039,0.049,0.224,0.94,258656.78,No injected typology,0
NPI2000001596,Internal Medicine,South,238,3.55,302.1,0.9,0.748,0.011,0.064,0.001,0.108,0.098,0.39,229957.38,No injected typology,0
NPI2000001597,Oncology,West,154,7.0,619.59,0.79,0.852,0.036,0.158,0.007,0.128,0.334,4.84,525228.78,Upcoding,1
NPI2000001598,Home Health,South,115,6.75,537.52,1.07,0.094,0.028,0.069,0.01,0.15,0.155,0.51,445554.98,No injected typology,0
NPI2000001599,Home Health,Northeast,210,4.39,373.56,1.13,0.27,0.106,0.181,0.22,0.017,0.172,0.76,388036.85,No injected typology,0
NPI2000001600,Internal Medicine,Midwest,81,7.52,360.67,1.26,0.332,0.051,0.022,0.16,0.217,0.17,-0.41,276106.55,No injected typology,0
NPI2000001601,Home Health,West,193,8.97,215.25,0.9,0.257,0.04,0.098,0.072,0.071,0.39,-2.05,335869.13,No injected typology,0
NPI2000001602,Lab,Midwest,94,7.22,299.98,1.23,0.203,0.083,0.132,0.023,0.204,0.325,0.32,250790.74,No injected typology,0
NPI2000001603,Orthopedics,Midwest,329,6.08,262.97,1.22,0.274,0.001,0.231,0.037,0.142,0.238,-0.03,643932.39,No injected typology,0
NPI2000001604,Internal Medicine,South,173,7.85,907.88,1.09,0.17,0.002,0.036,0.057,0.143,0.395,1.05,1341517.9,No injected typology,0
NPI2000001605,Internal Medicine,West,300,3.82,264.04,0.87,0.099,0.353,0.187,0.278,0.096,0.415,0.08,262430.12,Duplicate billing,1
NPI2000001606,Internal Medicine,West,88,6.41,158.5,1.05,0.239,0.02,0.12,0.015,0.069,0.279,-0.27,94155.97,No injected typology,0
NPI2000001607,Orthopedics,South,161,7.83,352.96,1.07,1.0,0.021,0.033,0.025,0.061,0.188,4.47,475342.57,Upcoding,1
NPI2000001608,Lab,Northeast,110,7.69,447.21,0.9,0.159,0.008,0.166,0.026,0.117,0.027,-0.71,339378.86,No injected typology,0
NPI2000001609,Internal Medicine,Northeast,146,6.66,384.43,0.87,0.316,0.002,0.022,0.063,0.213,0.263,0.28,326055.77,No injected typology,0
NPI2000001610,Orthopedics,West,80,5.35,284.01,1.3,0.446,0.028,0.04,0.105,0.08,0.308,-0.28,158185.92,No injected typology,0
NPI2000001611,Orthopedics,Midwest,285,7.51,404.49,0.82,0.152,0.029,0.083,0.02,0.081,0.335,-0.34,712796.12,No injected typology,0
NPI2000001612,Orthopedics,South,98,5.77,170.12,1.01,0.438,0.035,0.054,0.004,0.134,0.106,-0.36,97361.29,No injected typology,0
NPI2000001613,DME Supplier,Northeast,213,6.7,319.81,1.15,0.051,0.059,0.007,0.044,0.111,0.05,-0.13,522863.39,No injected typology,0
NPI2000001614,DME Supplier,Midwest,225,3.69,774.66,1.14,0.174,0.036,0.189,0.025,0.308,0.256,0.48,733034.65,No injected typology,0
NPI2000001615,Cardiology,South,372,6.34,721.96,1.31,0.076,0.021,0.071,0.015,0.133,0.259,0.8,2225170.0,No injected typology,0
NPI2000001616,Radiology,South,235,6.36,330.37,1.17,0.224,0.039,0.202,0.078,0.089,0.058,0.73,575780.03,No injected typology,0
NPI2000001617,DME Supplier,South,59,5.96,559.79,0.59,0.401,0.003,0.244,0.216,0.118,0.159,1.25,115290.6,No injected typology,0
NPI2000001618,Orthopedics,South,101,5.1,477.14,0.96,0.33,0.129,0.66,0.009,0.114,0.39,3.3,236549.26,Unbundling/modifier abuse,1
NPI2000001619,Oncology,South,77,7.62,501.73,1.0,0.252,0.402,0.237,0.078,0.051,0.017,-1.18,293243.32,Duplicate billing,1
NPI2000001620,Radiology,West,75,8.23,118.79,0.85,0.144,0.022,0.209,0.013,0.167,0.067,-0.29,62271.23,No injected typology,0
NPI2000001621,Internal Medicine,South,86,7.26,353.82,1.07,0.143,0.014,0.099,0.037,0.055,0.326,-1.17,236653.35,No injected typology,0
NPI2000001622,Oncology,Midwest,250,5.61,384.92,1.25,0.229,0.034,0.045,0.028,0.095,0.466,0.97,673916.64,No injected typology,0
NPI2000001623,DME Supplier,South,241,3.84,555.35,0.95,0.04,0.037,0.205,0.0,0.32,0.641,4.69,488827.52,DME aberrancy,1
NPI2000001624,Orthopedics,Midwest,195,6.87,157.34,0.55,0.16,0.012,0.023,0.051,0.081,0.315,0.26,115977.11,No injected typology,0
NPI2000001625,Cardiology,Midwest,84,5.98,297.39,0.7,0.266,0.016,0.011,0.143,0.02,0.115,1.27,104332.63,No injected typology,0
NPI2000001626,Internal Medicine,South,118,4.8,237.58,1.09,0.339,0.016,0.232,0.142,0.092,0.194,-0.85,146204.93,No injected typology,0
NPI2000001627,Cardiology,South,234,6.64,263.82,0.88,0.062,0.098,0.166,0.067,0.05,0.114,-0.22,361966.35,No injected typology,0
NPI2000001628,Cardiology,Northeast,191,4.22,448.05,1.22,0.103,0.027,0.193,0.007,0.043,0.643,-1.66,442363.29,No injected typology,0
NPI2000001629,Orthopedics,West,81,9.23,258.82,0.83,0.155,0.03,0.016,0.024,0.052,0.15,0.78,160628.0,No injected typology,0
NPI2000001630,Oncology,Northeast,175,1.32,430.65,0.88,0.177,0.049,0.037,0.076,0.033,0.645,0.58,87651.71,No injected typology,0
NPI2000001631,DME Supplier,South,169,6.95,445.85,1.18,0.083,0.056,0.075,0.003,0.04,0.198,-0.19,615920.59,No injected typology,0
NPI2000001632,Internal Medicine,Midwest,413,8.59,314.43,0.75,0.083,0.027,0.019,0.117,0.041,0.306,-0.59,833918.57,No injected typology,0
NPI2000001633,Orthopedics,South,137,7.14,324.14,0.98,0.316,0.043,0.06,0.009,0.049,0.281,1.78,310914.76,No injected typology,0
NPI2000001634,Pain Management,South,33,6.13,514.3,1.35,0.044,0.02,0.034,0.064,0.1,0.345,1.81,140332.45,No injected typology,0
NPI2000001635,Internal Medicine,Midwest,200,8.32,284.21,0.81,0.083,0.024,0.231,0.045,0.107,0.301,-0.01,385436.06,No injected typology,0
NPI2000001636,Pain Management,South,319,4.52,329.19,1.25,0.28,0.041,0.139,0.123,0.08,0.209,-0.82,593068.93,No injected typology,0
NPI2000001637,Pain Management,West,62,4.31,493.94,1.43,0.586,0.007,0.302,0.021,0.067,0.214,0.3,188658.52,No injected typology,0
NPI2000001638,Lab,South,281,5.73,246.52,0.72,0.162,0.043,0.099,0.141,0.07,0.284,-0.57,285709.27,No injected typology,0
NPI2000001639,Pain Management,Northeast,331,5.12,1160.89,1.11,0.385,0.026,0.043,0.031,0.186,0.208,0.56,2175138.83,No injected typology,0
NPI2000001640,Home Health,South,186,5.77,303.88,1.21,0.073,0.326,0.077,0.116,0.082,0.127,0.36,395061.0,Duplicate billing,1
NPI2000001641,Home Health,West,118,6.23,247.67,1.11,0.105,0.028,0.265,0.018,0.164,0.362,0.77,201532.34,No injected typology,0
NPI2000001642,Internal Medicine,Midwest,170,3.7,166.14,1.19,0.131,0.028,0.161,0.029,0.155,0.31,0.1,124060.68,No injected typology,0
NPI2000001643,DME Supplier,Northeast,137,5.43,421.68,0.67,0.069,0.013,0.142,0.091,0.075,0.321,1.5,210683.7,No injected typology,0
NPI2000001644,Pain Management,Midwest,196,7.48,437.36,0.65,0.354,0.107,0.247,0.034,0.01,0.291,1.65,416557.06,No injected typology,0
NPI2000001645,Internal Medicine,Midwest,349,9.41,405.33,1.04,0.049,0.043,0.077,0.107,0.135,0.355,0.28,1379961.51,No injected typology,0
NPI2000001646,Internal Medicine,South,189,8.22,320.08,0.96,0.276,0.025,0.074,0.03,0.016,0.378,-0.54,477514.09,No injected typology,0
NPI2000001647,Oncology,Northeast,124,5.56,475.77,0.84,0.316,0.049,0.08,0.034,0.058,0.121,-0.84,274557.7,No injected typology,0
NPI2000001648,Internal Medicine,West,257,7.81,499.26,0.96,0.142,0.052,0.189,0.094,0.067,0.164,0.17,956856.68,No injected typology,0
NPI2000001649,Lab,West,139,5.44,186.77,1.07,0.109,0.126,0.312,0.073,0.048,0.261,0.34,151555.76,No injected typology,0
NPI2000001650,Orthopedics,Northeast,64,3.27,371.5,1.21,0.275,0.004,0.083,0.078,0.046,0.253,-0.29,94025.59,No injected typology,0
NPI2000001651,Internal Medicine,West,197,7.43,318.37,1.4,0.489,0.01,0.032,0.012,0.275,0.112,1.33,651404.86,No injected typology,0
NPI2000001652,Oncology,Northeast,521,5.88,621.66,1.33,0.298,0.014,0.152,0.212,0.117,0.094,0.75,2525362.04,No injected typology,0
NPI2000001653,Home Health,Northeast,131,6.43,232.97,0.83,0.073,0.023,0.044,0.045,0.102,0.123,0.85,162935.86,No injected typology,0
NPI2000001654,Orthopedics,West,189,6.33,727.07,1.08,0.267,0.047,0.001,0.0,0.02,0.133,-0.5,938253.9,No injected typology,0
NPI2000001655,Lab,Northeast,71,4.12,350.55,1.13,0.299,0.008,0.075,0.157,0.191,0.287,-1.6,116209.92,No injected typology,0
NPI2000001656,Radiology,South,155,6.79,432.74,0.96,0.246,0.059,0.153,0.19,0.097,0.264,-0.09,436149.94,No injected typology,0
NPI2000001657,Orthopedics,Midwest,136,7.98,319.15,0.66,0.037,0.052,0.027,0.165,0.018,0.403,-0.77,229471.24,No injected typology,0
NPI2000001658,Radiology,Midwest,191,6.6,349.18,1.39,0.074,0.062,0.041,0.006,0.017,0.289,-0.34,610485.56,No injected typology,0
NPI2000001659,Radiology,Midwest,169,5.49,479.79,0.97,0.22,0.01,0.037,0.06,0.17,0.116,-0.06,433472.48,No injected typology,0
NPI2000001660,Internal Medicine,Northeast,149,3.88,546.02,1.19,0.135,0.074,0.137,0.065,0.189,0.068,-1.51,377312.88,No injected typology,0
NPI2000001661,Radiology,Northeast,272,5.86,214.87,1.08,0.246,0.377,0.099,0.041,0.044,0.078,-0.69,370207.39,Duplicate billing,1
NPI2000001662,Oncology,Midwest,113,5.48,293.97,1.19,0.281,0.025,0.044,0.118,0.045,0.084,-0.86,216410.77,No injected typology,0
NPI2000001663,Home Health,Midwest,89,6.09,625.33,0.91,0.258,0.004,0.095,0.092,0.053,0.473,-0.24,308718.52,No injected typology,0
NPI2000001664,Radiology,Northeast,324,5.76,500.76,0.96,0.147,0.007,0.069,0.11,0.097,0.439,0.11,895799.44,No injected typology,0
NPI2000001665,Oncology,Northeast,238,5.5,295.28,1.46,0.178,0.009,0.123,0.093,0.261,0.246,-1.2,565916.5,No injected typology,0
NPI2000001666,Radiology,Northeast,95,6.17,195.08,1.17,0.298,0.394,0.213,0.062,0.223,0.123,-0.02,133717.86,Duplicate billing,1
NPI2000001667,Pain Management,South,80,4.4,168.06,1.07,0.058,0.009,0.377,0.009,0.28,0.094,-0.22,63305.44,No injected typology,0
NPI2000001668,DME Supplier,West,83,3.72,289.44,0.98,0.369,0.001,0.187,0.107,0.108,0.17,-1.85,87262.26,No injected typology,0
NPI2000001669,Radiology,West,645,5.27,210.79,1.27,0.086,0.035,0.065,0.018,0.029,0.236,0.1,910141.39,No injected typology,0
NPI2000001670,Home Health,Northeast,257,4.64,591.2,1.0,0.356,0.049,0.027,0.024,0.035,0.041,0.52,705614.08,No injected typology,0
NPI2000001671,Internal Medicine,South,197,6.66,360.96,1.12,0.417,0.03,0.13,0.013,0.143,0.373,-0.36,531738.76,No injected typology,0
NPI2000001672,Internal Medicine,West,258,7.87,267.5,1.27,0.051,0.025,0.163,0.048,0.113,0.176,0.59,692087.77,No injected typology,0
NPI2000001673,Cardiology,Northeast,237,6.98,175.3,0.9,0.106,0.041,0.191,0.034,0.061,0.235,0.43,259448.02,No injected typology,0
NPI2000001674,Lab,West,727,5.58,587.66,1.16,0.207,0.004,0.05,0.144,0.038,0.107,1.12,2762167.07,No injected typology,0
NPI2000001675,Cardiology,Northeast,242,5.64,497.27,0.9,0.158,0.047,0.23,0.06,0.089,0.39,0.07,612102.16,No injected typology,0
NPI2000001676,Cardiology,Midwest,228,6.92,450.44,1.12,0.151,0.009,0.075,0.004,0.134,0.212,-0.53,796310.37,No injected typology,0
NPI2000001677,Lab,Midwest,143,6.93,210.42,0.91,0.186,0.055,0.084,0.186,0.087,0.366,1.53,188912.65,No injected typology,0
NPI2000001678,Internal Medicine,South,294,7.27,430.96,1.13,0.295,0.035,0.16,0.138,0.052,0.093,0.33,1041815.82,No injected typology,0
NPI2000001679,Cardiology,West,212,4.9,519.16,1.17,1.0,0.123,0.21,0.042,0.089,0.26,5.09,628132.6,Upcoding,1
NPI2000001680,Cardiology,South,189,7.14,519.59,1.15,0.255,0.026,0.075,0.234,0.186,0.101,0.47,804050.55,No injected typology,0
NPI2000001681,Internal Medicine,West,33,9.38,253.99,0.67,0.072,0.002,0.035,0.022,0.037,0.257,-0.06,52807.08,No injected typology,0
NPI2000001682,Radiology,West,149,7.99,346.04,1.22,0.166,0.072,0.05,0.036,0.018,0.309,1.56,502879.66,No injected typology,0
NPI2000001683,Orthopedics,South,98,7.62,279.19,0.81,0.361,0.031,0.177,0.022,0.103,0.022,1.48,168118.83,No injected typology,0
NPI2000001684,Orthopedics,Midwest,257,6.13,1339.71,0.99,0.422,0.021,0.05,0.08,0.14,0.577,0.33,2084282.6,No injected typology,0
NPI2000001685,Orthopedics,Northeast,50,5.8,439.25,1.28,0.43,0.107,0.106,0.146,0.103,0.078,1.76,163732.01,No injected typology,0
NPI2000001686,Internal Medicine,South,115,6.63,420.34,0.55,0.154,0.062,0.121,0.041,0.088,0.165,-0.33,176858.61,No injected typology,0
NPI2000001687,Lab,Northeast,85,5.08,372.99,0.92,0.234,0.052,0.037,0.606,0.076,0.072,-0.52,148664.51,Impossible frequency,1
NPI2000001688,Internal Medicine,South,169,4.75,154.98,0.7,0.196,0.018,0.061,0.11,0.118,0.218,0.35,87096.25,No injected typology,0
NPI2000001689,Cardiology,South,185,6.96,1449.67,1.36,0.329,0.03,0.035,0.108,0.062,0.112,1.96,2542203.23,No injected typology,0
NPI2000001690,Radiology,Northeast,215,3.47,382.68,0.71,0.079,0.039,0.092,0.032,0.161,0.009,-0.64,203389.51,No injected typology,0
NPI2000001691,Orthopedics,South,117,6.42,601.56,1.14,0.083,0.062,0.109,0.211,0.019,0.143,0.76,516860.63,No injected typology,0
NPI2000001692,Pain Management,West,137,7.82,648.16,0.88,0.02,0.028,0.254,0.036,0.145,0.15,0.96,610810.07,No injected typology,0
NPI2000001693,Orthopedics,South,78,4.82,425.6,1.38,0.166,0.008,0.151,0.047,0.03,0.123,-0.35,221079.68,No injected typology,0
NPI2000001694,DME Supplier,West,186,6.05,249.15,0.97,0.161,0.056,0.119,0.099,0.173,0.19,-2.04,270762.99,No injected typology,0
NPI2000001695,Cardiology,South,112,5.12,402.32,1.24,0.167,0.03,0.178,0.054,0.115,0.284,1.21,285910.57,No injected typology,0
NPI2000001696,Pain Management,Midwest,341,8.94,690.75,1.13,0.13,0.007,0.075,0.24,0.143,0.14,0.13,2374913.93,No injected typology,0
NPI2000001697,Internal Medicine,Midwest,600,6.16,436.77,1.33,0.211,0.001,0.193,0.12,0.119,0.281,-0.18,2149485.98,No injected typology,0
NPI2000001698,Internal Medicine,South,65,7.43,510.06,1.34,0.203,0.016,0.075,0.022,0.082,0.114,-0.72,329657.42,No injected typology,0
NPI2000001699,Pain Management,Midwest,159,5.06,439.9,1.0,0.021,0.015,0.072,0.224,0.195,0.424,-0.09,351905.63,No injected typology,0
NPI2000001700,Lab,West,78,6.29,639.14,0.91,0.378,0.032,0.103,0.005,0.135,0.081,0.52,285551.75,No injected typology,0
NPI2000001701,Oncology,West,81,4.61,313.3,1.44,0.047,0.048,0.024,0.114,0.129,0.11,-1.08,167920.67,No injected typology,0
NPI2000001702,Lab,Midwest,183,5.39,154.45,1.42,0.096,0.037,0.127,0.013,0.043,0.11,1.14,216190.15,No injected typology,0
NPI2000001703,DME Supplier,Northeast,221,4.54,473.14,1.27,0.081,0.092,0.06,0.016,0.098,0.185,1.63,602275.43,No injected typology,0
NPI2000001704,Home Health,South,139,4.35,473.46,0.86,0.989,0.024,0.218,0.024,0.01,0.163,5.92,247192.88,Upcoding,1
NPI2000001705,Home Health,South,276,7.02,743.43,0.92,0.23,0.018,0.083,0.042,0.14,0.041,-0.53,1325527.74,No injected typology,0
NPI2000001706,Radiology,West,170,6.97,541.31,0.81,0.182,0.094,0.229,0.132,0.106,0.034,-0.74,520559.39,No injected typology,0
NPI2000001707,Oncology,Midwest,118,6.03,398.15,1.17,0.011,0.005,0.022,0.032,0.081,0.281,0.25,332795.55,No injected typology,0
NPI2000001708,Orthopedics,West,465,6.39,848.77,1.03,0.066,0.004,0.264,0.004,0.278,0.568,1.28,2605366.28,No injected typology,0
NPI2000001709,Pain Management,Midwest,235,6.5,576.58,1.18,0.124,0.036,0.099,0.009,0.144,0.292,-0.73,1037156.12,No injected typology,0
NPI2000001710,Radiology,South,170,6.83,325.43,1.52,0.202,0.062,0.005,0.004,0.145,0.243,-0.99,574183.02,No injected typology,0
NPI2000001711,Cardiology,South,268,3.71,309.78,0.93,0.437,0.005,0.105,0.149,0.068,0.174,1.13,287033.6,No injected typology,0
NPI2000001712,Internal Medicine,South,283,7.27,258.14,0.97,0.189,0.062,0.091,0.023,0.115,0.376,-1.18,514529.48,No injected typology,0
NPI2000001713,Lab,South,152,5.02,434.86,1.1,0.284,0.029,0.009,0.079,0.253,0.269,-0.19,366673.84,No injected typology,0
NPI2000001714,Internal Medicine,South,318,6.18,484.0,0.75,0.177,0.036,0.132,0.054,0.065,0.149,0.71,714823.98,No injected typology,0
NPI2000001715,Lab,West,64,8.15,178.35,0.87,0.072,0.027,0.081,0.189,0.153,0.277,-1.06,81276.21,No injected typology,0
NPI2000001716,Oncology,Midwest,79,4.57,656.94,1.08,0.25,0.006,0.059,0.081,0.204,0.195,0.63,256777.51,No injected typology,0
NPI2000001717,Internal Medicine,Midwest,184,9.1,350.47,1.04,0.128,0.011,0.077,0.019,0.007,0.269,0.87,609284.0,No injected typology,0
NPI2000001718,Radiology,Northeast,76,5.52,334.19,1.07,0.126,0.143,0.067,0.057,0.089,0.136,0.52,149355.95,No injected typology,0
NPI2000001719,Cardiology,Northeast,426,4.84,129.2,1.24,0.067,0.136,0.087,0.019,0.249,0.127,0.47,329938.45,No injected typology,0
NPI2000001720,Cardiology,South,161,8.3,218.27,1.17,0.121,0.044,0.01,0.535,0.07,0.386,-1.61,341086.95,Impossible frequency,1
NPI2000001721,Oncology,South,301,4.76,218.22,1.2,0.208,0.017,0.125,0.076,0.213,0.104,0.47,376682.37,No injected typology,0
NPI2000001722,Lab,Northeast,175,6.85,696.52,1.06,0.314,0.075,0.194,0.016,0.021,0.422,0.44,881829.3,No injected typology,0
NPI2000001723,Radiology,Midwest,125,3.95,394.0,1.0,0.143,0.015,0.017,0.047,0.081,0.211,-1.15,194290.15,No injected typology,0
NPI2000001724,Pain Management,South,145,7.17,295.11,1.18,0.181,0.013,0.09,0.028,0.098,0.492,-0.1,363149.44,No injected typology,0
NPI2000001725,Oncology,Midwest,282,4.35,324.98,1.5,0.209,0.016,0.133,0.017,0.1,0.746,-0.33,595383.3,No injected typology,0
NPI2000001726,DME Supplier,Midwest,140,4.67,631.7,0.55,0.206,0.078,0.161,0.049,0.092,0.069,-2.49,227254.36,No injected typology,0
NPI2000001727,Oncology,Midwest,50,9.71,505.72,1.04,0.189,0.002,0.053,0.071,0.117,0.073,2.24,254275.58,No injected typology,0
NPI2000001728,Radiology,Midwest,387,4.17,478.19,1.28,0.06,0.01,0.009,0.048,0.247,0.566,-0.82,991130.5,No injected typology,0
NPI2000001729,Internal Medicine,Northeast,134,6.6,307.4,1.05,0.244,0.001,0.118,0.012,0.016,0.57,-1.07,285797.86,No injected typology,0
NPI2000001730,Radiology,Midwest,141,8.16,183.37,1.11,0.245,0.036,0.1,0.092,0.252,0.176,1.22,234096.88,No injected typology,0
NPI2000001731,Lab,South,147,6.49,399.61,0.91,0.125,0.108,0.219,0.051,0.048,0.42,0.05,346265.32,No injected typology,0
NPI2000001732,Lab,South,92,6.37,583.22,1.2,0.159,0.042,0.218,0.157,0.062,0.47,0.42,409926.77,No injected typology,0
NPI2000001733,Home Health,West,33,2.11,120.33,1.03,0.075,0.011,0.088,0.028,0.136,0.429,0.78,8608.32,No injected typology,0
NPI2000001734,Internal Medicine,South,117,5.7,779.91,0.74,0.221,0.083,0.139,0.01,0.144,0.108,1.81,387054.06,No injected typology,0
NPI2000001735,Lab,West,110,8.52,312.24,0.85,0.187,0.038,0.146,0.076,0.085,0.389,-0.81,250017.05,No injected typology,0
NPI2000001736,Orthopedics,West,182,3.47,328.58,1.04,0.039,0.03,0.065,0.059,0.058,0.332,-1.56,216417.71,No injected typology,0
NPI2000001737,Internal Medicine,West,179,4.9,403.16,1.18,0.07,0.002,0.028,0.083,0.037,0.111,0.21,417161.63,No injected typology,0
NPI2000001738,Cardiology,South,126,8.26,265.38,1.07,0.26,0.047,0.062,0.009,0.058,0.108,0.44,294574.03,No injected typology,0
NPI2000001739,Cardiology,West,102,7.84,194.38,1.37,0.099,0.02,0.071,0.011,0.154,0.32,-0.88,212807.47,No injected typology,0
NPI2000001740,Lab,South,447,5.21,512.07,0.73,0.091,0.021,0.131,0.011,0.062,0.335,-0.42,866621.84,No injected typology,0
NPI2000001741,Internal Medicine,Midwest,213,6.18,351.51,1.21,0.175,0.026,0.194,0.024,0.064,0.28,-0.23,558352.84,No injected typology,0
NPI2000001742,Oncology,Midwest,161,5.52,511.94,0.8,0.033,0.023,0.037,0.032,0.224,0.289,0.28,362901.2,No injected typology,0
NPI2000001743,Internal Medicine,Midwest,69,6.7,277.35,0.98,0.05,0.038,0.043,0.028,0.029,0.116,-0.46,125543.21,No injected typology,0
NPI2000001744,Radiology,South,114,6.35,328.33,1.23,0.315,0.059,0.128,0.029,0.081,0.521,0.95,291476.23,No injected typology,0
NPI2000001745,Cardiology,South,165,7.3,190.24,1.16,0.186,0.041,0.008,0.146,0.093,0.42,-0.15,267040.64,No injected typology,0
NPI2000001746,DME Supplier,Midwest,84,6.29,360.13,1.08,0.071,0.029,0.035,0.01,0.11,0.288,0.13,205732.95,No injected typology,0
NPI2000001747,Internal Medicine,Northeast,101,6.61,311.53,0.94,0.798,0.011,0.036,0.062,0.12,0.198,4.56,194529.77,Upcoding,1
NPI2000001748,Lab,Midwest,87,8.0,428.98,1.22,0.349,0.016,0.272,0.01,0.16,0.107,0.13,364763.97,No injected typology,0
NPI2000001749,Internal Medicine,Midwest,139,6.94,451.34,0.68,0.215,0.008,0.067,0.158,0.206,0.108,-0.27,293973.61,No injected typology,0
NPI2000001750,Pain Management,Midwest,196,4.26,320.44,1.0,0.195,0.436,0.212,0.061,0.186,0.039,-0.94,268218.62,Duplicate billing,1
NPI2000001751,Home Health,West,145,4.8,142.38,1.09,0.26,0.095,0.096,0.032,0.112,0.308,0.52,108061.19,No injected typology,0
NPI2000001752,Pain Management,West,136,5.52,748.8,0.94,0.205,0.035,0.016,0.007,0.12,0.111,2.36,527201.94,No injected typology,0
NPI2000001753,Cardiology,Northeast,201,8.55,232.53,1.25,0.114,0.068,0.154,0.094,0.267,0.051,-1.45,498105.75,No injected typology,0
NPI2000001754,Cardiology,Midwest,266,4.83,541.17,0.81,0.333,0.035,0.078,0.108,0.128,0.424,0.81,559985.88,No injected typology,0
NPI2000001755,Oncology,Midwest,30,6.18,433.92,0.73,0.504,0.04,0.016,0.029,0.136,0.201,1.19,58957.26,No injected typology,0
NPI2000001756,Internal Medicine,West,87,2.19,462.86,1.2,0.126,0.031,0.022,0.062,0.085,0.171,1.24,106061.15,No injected typology,0
NPI2000001757,Internal Medicine,West,134,5.04,430.86,1.17,0.255,0.029,0.041,0.105,0.022,0.358,0.48,340996.05,No injected typology,0
NPI2000001758,Lab,South,195,6.71,486.13,0.75,0.111,0.103,0.202,0.164,0.063,0.196,-0.65,475154.86,No injected typology,0
NPI2000001759,Lab,Northeast,41,8.14,511.92,0.9,0.117,0.003,0.546,0.007,0.027,0.472,2.85,153960.04,Unbundling/modifier abuse,1
NPI2000001760,Home Health,Northeast,124,7.83,315.93,1.09,0.174,0.011,0.034,0.014,0.083,0.625,0.11,334759.56,No injected typology,0
NPI2000001761,Pain Management,South,339,5.13,180.02,1.1,0.272,0.082,0.354,0.068,0.133,0.123,-0.84,345688.65,No injected typology,0
NPI2000001762,Oncology,South,156,9.36,156.05,1.3,0.046,0.13,0.018,0.056,0.037,0.513,-1.46,295358.99,No injected typology,0
NPI2000001763,Orthopedics,Northeast,174,5.99,411.48,1.1,0.675,0.021,0.038,0.041,0.058,0.268,5.05,473901.49,Upcoding,1
NPI2000001764,Internal Medicine,South,279,7.93,586.6,0.91,0.249,0.035,0.094,0.262,0.263,0.332,1.61,1183762.96,No injected typology,0
NPI2000001765,Pain Management,Northeast,238,5.63,309.91,1.52,0.443,0.073,0.153,0.069,0.07,0.359,1.13,633298.3,No injected typology,0
NPI2000001766,DME Supplier,West,104,8.54,299.17,0.91,0.136,0.025,0.184,0.06,0.23,0.418,0.14,240691.61,No injected typology,0
NPI2000001767,DME Supplier,Northeast,180,7.23,731.27,0.83,0.139,0.022,0.073,0.232,0.197,0.169,0.06,791746.3,No injected typology,0
NPI2000001768,Lab,South,102,6.07,350.34,0.98,0.157,0.032,0.589,0.003,0.186,0.035,1.32,211918.07,Unbundling/modifier abuse,1
NPI2000001769,Internal Medicine,South,217,6.99,153.32,0.65,0.081,0.093,0.312,0.051,0.168,0.387,0.12,152275.18,No injected typology,0
NPI2000001770,Lab,Midwest,246,4.28,240.93,0.94,0.055,0.018,0.106,0.27,0.091,0.229,-0.31,239481.33,No injected typology,0
NPI2000001771,DME Supplier,Northeast,291,6.95,880.95,0.86,0.36,0.035,0.076,0.033,0.098,0.399,-1.55,1530719.22,No injected typology,0
NPI2000001772,Radiology,South,204,4.92,166.99,1.0,0.196,0.07,0.103,0.0,0.124,0.08,-1.14,166929.73,No injected typology,0
NPI2000001773,Orthopedics,Northeast,33,5.88,313.64,1.28,0.101,0.026,0.021,0.013,0.168,0.232,1.07,78106.99,No injected typology,0
NPI2000001774,Cardiology,Midwest,152,8.45,230.42,1.51,0.172,0.022,0.029,0.019,0.267,0.733,0.58,447828.94,No injected typology,0
NPI2000001775,Orthopedics,South,98,6.16,454.08,1.14,0.041,0.028,0.02,0.05,0.11,0.189,2.17,313799.06,No injected typology,0
NPI2000001776,Cardiology,West,251,4.99,406.59,1.29,0.407,0.026,0.269,0.082,0.194,0.118,0.35,657366.47,No injected typology,0
NPI2000001777,Pain Management,Midwest,316,4.45,488.78,0.74,0.35,0.013,0.212,0.154,0.02,0.465,0.83,510832.5,No injected typology,0
NPI2000001778,DME Supplier,Northeast,194,6.55,629.88,0.55,0.337,0.039,0.184,0.066,0.091,0.412,1.5,440495.63,No injected typology,0
NPI2000001779,Lab,Northeast,120,4.31,540.89,0.98,0.173,0.04,0.066,0.039,0.147,0.183,0.85,273087.91,No injected typology,0
NPI2000001780,Internal Medicine,Northeast,214,4.89,785.04,0.98,0.038,0.027,0.3,0.03,0.023,0.134,0.19,802442.07,No injected typology,0
NPI2000001781,Pain Management,Midwest,266,6.85,283.44,1.01,0.335,0.012,0.027,0.028,0.094,0.255,0.28,522403.38,No injected typology,0
NPI2000001782,DME Supplier,West,325,5.89,602.17,0.75,0.218,0.41,0.649,0.032,0.06,0.126,5.31,862950.61,Duplicate billing,1
NPI2000001783,Lab,West,304,7.01,593.72,0.89,0.212,0.049,0.184,0.114,0.088,0.136,-1.03,1121447.35,No injected typology,0
NPI2000001784,Radiology,South,141,6.94,171.73,1.43,0.15,0.021,0.3,0.006,0.06,0.112,-0.44,240811.14,No injected typology,0
NPI2000001785,Home Health,West,183,8.03,259.01,0.94,0.173,0.023,0.036,0.003,0.043,0.167,0.9,358335.2,No injected typology,0
NPI2000001786,Home Health,West,166,5.87,226.34,0.92,0.074,0.081,0.004,0.142,0.081,0.169,1.02,202471.72,No injected typology,0
NPI2000001787,Pain Management,Northeast,337,5.42,424.71,0.88,0.266,0.002,0.215,0.069,0.133,0.131,0.31,682972.35,No injected typology,0
NPI2000001788,Lab,Northeast,67,8.03,411.89,1.01,0.148,0.017,0.105,0.009,0.036,0.195,-0.24,223486.02,No injected typology,0
NPI2000001789,Lab,West,64,8.72,138.97,0.55,0.272,0.028,0.073,0.039,0.117,0.343,-1.7,42671.85,No injected typology,0
NPI2000001790,DME Supplier,Midwest,315,7.23,385.97,0.84,0.143,0.003,0.122,0.053,0.176,0.111,-0.07,742681.73,No injected typology,0
NPI2000001791,Internal Medicine,Midwest,315,7.85,510.16,1.0,0.208,0.031,0.061,0.009,0.025,0.228,0.04,1263511.77,No injected typology,0
NPI2000001792,Orthopedics,Midwest,246,8.06,545.94,0.79,0.17,0.003,0.124,0.008,0.073,0.383,-1.93,859806.86,No injected typology,0
NPI2000001793,Cardiology,Midwest,151,7.7,152.49,1.11,0.199,0.308,0.072,0.149,0.284,0.217,-0.85,196735.68,Duplicate billing,1
NPI2000001794,Internal Medicine,Midwest,292,7.52,539.31,0.63,0.122,0.002,0.156,0.039,0.126,0.16,2.43,748764.39,No injected typology,0
NPI2000001795,Cardiology,Northeast,156,7.45,279.95,0.91,0.171,0.015,0.184,0.24,0.22,0.399,-0.01,297681.56,No injected typology,0
NPI2000001796,Lab,South,111,5.62,293.75,0.87,0.108,0.47,0.123,0.024,0.042,0.54,-0.91,158913.79,Duplicate billing,1
NPI2000001797,Orthopedics,South,241,5.46,670.74,0.69,0.236,0.047,0.144,0.071,0.092,0.206,0.27,609255.23,No injected typology,0
NPI2000001798,Orthopedics,Midwest,83,7.33,236.07,1.45,0.195,0.049,0.056,0.038,0.216,0.366,0.56,208032.92,No injected typology,0
NPI2000001799,Orthopedics,South,199,9.2,351.59,1.03,0.18,0.024,0.145,0.049,0.015,0.066,0.3,663857.9,No injected typology,0
NPI2000001800,Internal Medicine,Midwest,140,7.86,236.87,1.0,0.478,0.025,0.359,0.115,0.083,0.031,-0.2,261084.81,No injected typology,0
NPI2000001801,DME Supplier,West,173,6.41,264.97,1.09,0.026,0.032,0.03,0.088,0.048,0.398,0.32,319800.51,No injected typology,0
NPI2000001802,Orthopedics,Northeast,480,4.55,639.14,1.07,0.122,0.051,0.245,0.029,0.092,0.114,-0.03,1490397.23,No injected typology,0
NPI2000001803,Oncology,Northeast,71,7.38,350.69,0.89,0.203,0.019,0.116,0.009,0.111,0.195,-0.66,164392.41,No injected typology,0
NPI2000001804,Home Health,West,198,5.03,372.29,1.06,0.077,0.013,0.065,0.003,0.164,0.072,2.84,394734.27,No injected typology,0
NPI2000001805,Oncology,Midwest,335,8.13,297.62,0.68,0.026,0.031,0.047,0.034,0.133,0.234,-0.42,552942.84,No injected typology,0
NPI2000001806,Lab,Midwest,277,4.61,327.22,0.8,0.272,0.064,0.046,0.007,0.224,0.241,0.57,331903.8,No injected typology,0
NPI2000001807,Pain Management,Midwest,208,7.64,342.37,0.98,0.391,0.021,0.867,0.146,0.032,0.184,3.99,534309.79,Unbundling/modifier abuse,1
NPI2000001808,Internal Medicine,South,96,7.7,318.6,1.23,0.25,0.384,0.264,0.061,0.251,0.313,1.56,288466.04,Duplicate billing,1
NPI2000001809,Cardiology,South,370,6.97,204.68,1.25,0.055,0.025,0.056,0.029,0.115,0.185,0.8,662400.55,No injected typology,0
NPI2000001810,Internal Medicine,West,127,9.86,699.55,0.69,0.314,0.005,0.057,0.066,0.013,0.335,0.92,606669.53,No injected typology,0
NPI2000001811,Radiology,Northeast,533,3.18,435.82,1.09,0.204,0.077,0.091,0.016,0.092,0.631,-1.87,808228.25,No injected typology,0
NPI2000001812,Internal Medicine,West,163,7.97,387.14,0.97,0.062,0.045,0.037,0.028,0.095,0.123,-0.51,488090.89,No injected typology,0
NPI2000001813,Home Health,Northeast,300,6.59,168.61,1.28,0.193,0.098,0.059,0.654,0.064,0.649,-1.99,426107.89,Impossible frequency,1
NPI2000001814,Orthopedics,West,281,5.8,246.57,0.85,0.136,0.021,0.032,0.102,0.132,0.213,-1.34,342120.21,No injected typology,0
NPI2000001815,Pain Management,West,121,6.71,442.27,1.19,0.106,0.037,0.019,0.065,0.138,0.159,-0.12,426466.7,No injected typology,0
NPI2000001816,Radiology,West,157,5.77,209.67,1.29,0.105,0.052,0.103,0.138,0.148,0.025,0.85,245309.44,No injected typology,0
NPI2000001817,Cardiology,Midwest,326,6.13,270.67,1.2,0.168,0.041,0.304,0.028,0.036,0.202,0.71,646488.3,No injected typology,0
NPI2000001818,Internal Medicine,Midwest,128,4.66,356.42,1.17,0.034,0.018,0.108,0.051,0.097,0.208,-0.16,248600.5,No injected typology,0
NPI2000001819,Cardiology,Midwest,269,4.91,586.19,1.01,0.236,0.11,0.124,0.075,0.014,0.166,0.29,780596.19,No injected typology,0
NPI2000001820,Oncology,Midwest,141,9.06,434.9,1.44,0.169,0.005,0.213,0.047,0.075,0.08,-1.35,797649.92,No injected typology,0
NPI2000001821,DME Supplier,South,241,8.8,87.18,1.14,0.102,0.026,0.136,0.102,0.11,0.292,-1.0,210909.07,No injected typology,0
NPI2000001822,Cardiology,South,182,5.94,200.56,1.18,0.162,0.072,0.061,0.042,0.091,0.309,0.39,255401.35,No injected typology,0
NPI2000001823,Internal Medicine,West,191,6.85,474.77,1.49,0.878,0.035,0.097,0.02,0.079,0.44,3.3,927893.03,Upcoding,1
NPI2000001824,Internal Medicine,Midwest,360,3.83,339.14,0.95,0.44,0.01,0.301,0.171,0.115,0.396,-0.58,444880.6,No injected typology,0
NPI2000001825,Orthopedics,Northeast,97,8.29,461.71,1.12,0.075,0.008,0.021,0.053,0.161,0.298,-0.14,415737.2,No injected typology,0
NPI2000001826,Home Health,Northeast,92,4.77,475.31,0.94,0.276,0.017,0.018,0.033,0.008,0.299,-0.03,196476.02,No injected typology,0
NPI2000001827,Pain Management,West,54,6.32,538.14,0.97,0.402,0.058,0.026,0.036,0.164,0.05,-0.52,178205.64,No injected typology,0
NPI2000001828,Lab,South,1017,8.78,398.13,1.16,0.086,0.046,0.174,0.033,0.073,0.508,-0.54,4138890.72,No injected typology,0
NPI2000001829,Oncology,West,127,5.53,850.17,1.25,0.358,0.023,0.135,0.045,0.089,0.515,-1.48,746539.47,No injected typology,0
NPI2000001830,DME Supplier,Northeast,324,7.52,625.69,0.92,0.311,0.073,0.083,0.025,0.06,0.077,0.4,1407505.69,No injected typology,0
NPI2000001831,Orthopedics,Midwest,135,5.12,643.93,0.97,0.12,0.034,0.056,0.059,0.094,0.392,1.03,429866.33,No injected typology,0
NPI2000001832,Radiology,South,122,6.94,889.14,0.88,0.147,0.014,0.062,0.004,0.275,0.087,-1.39,663488.39,No injected typology,0
NPI2000001833,Internal Medicine,South,101,6.31,638.12,0.8,0.158,0.111,0.128,0.067,0.277,0.208,2.12,326528.47,No injected typology,0
NPI2000001834,Radiology,South,571,7.79,527.94,1.24,0.016,0.078,0.084,0.049,0.15,0.077,0.83,2908658.58,No injected typology,0
NPI2000001835,Lab,West,101,7.37,466.87,0.73,0.218,0.39,0.017,0.055,0.011,0.086,-0.15,254873.82,Duplicate billing,1
NPI2000001836,Radiology,Northeast,90,6.52,485.41,1.24,0.818,0.015,0.354,0.122,0.045,0.051,5.19,352274.91,Upcoding,1
NPI2000001837,Internal Medicine,Northeast,209,6.15,397.02,0.55,0.401,0.031,0.089,0.033,0.122,0.363,-0.71,280894.2,No injected typology,0
NPI2000001838,DME Supplier,West,235,7.23,385.94,1.0,0.052,0.029,0.027,0.06,0.095,0.406,1.46,652988.05,No injected typology,0
NPI2000001839,Lab,Midwest,205,7.3,557.8,1.17,0.158,0.085,0.098,0.059,0.044,0.068,-0.83,975057.75,No injected typology,0
NPI2000001840,Orthopedics,South,89,3.15,459.19,0.87,0.32,0.005,0.018,0.052,0.031,0.42,-0.52,112401.75,No injected typology,0
NPI2000001841,Lab,West,173,7.5,174.19,0.96,0.491,0.017,0.123,0.021,0.223,0.238,-0.39,217718.33,No injected typology,0
NPI2000001842,Internal Medicine,Northeast,272,3.85,358.07,0.88,0.103,0.013,0.013,0.179,0.018,0.227,-0.63,331181.65,No injected typology,0
NPI2000001843,DME Supplier,Midwest,107,7.28,390.81,1.03,0.3,0.041,0.288,0.054,0.043,0.173,0.71,312533.09,No injected typology,0
NPI2000001844,DME Supplier,West,429,6.09,451.94,1.18,0.186,0.098,0.174,0.094,0.021,0.391,-0.63,1386336.11,No injected typology,0
NPI2000001845,Radiology,Midwest,120,5.63,313.95,0.94,0.104,0.025,0.22,0.086,0.021,0.27,-0.17,199677.42,No injected typology,0
NPI2000001846,Orthopedics,West,218,7.03,430.73,0.94,0.368,0.066,0.077,0.022,0.18,0.22,-0.87,620682.76,No injected typology,0
NPI2000001847,Cardiology,South,185,5.42,180.92,0.74,0.335,0.032,0.119,0.038,0.112,0.029,-0.84,133632.04,No injected typology,0
NPI2000001848,Radiology,South,136,5.94,735.07,0.88,0.237,0.027,0.237,0.014,0.006,0.126,-1.41,525645.33,No injected typology,0
NPI2000001849,Internal Medicine,Northeast,306,6.41,664.52,0.72,0.219,0.13,0.195,0.03,0.168,0.559,0.75,939560.25,No injected typology,0
NPI2000001850,Orthopedics,Northeast,70,4.3,328.65,1.16,0.293,0.013,0.2,0.041,0.226,0.603,1.52,115038.03,No injected typology,0
NPI2000001851,Pain Management,South,157,6.68,559.79,1.24,0.088,0.067,0.045,0.042,0.103,0.436,-0.74,727792.84,No injected typology,0
NPI2000001852,Radiology,South,79,8.05,296.74,0.87,0.197,0.136,0.085,0.199,0.077,0.208,-0.67,164509.29,No injected typology,0
NPI2000001853,Orthopedics,Midwest,213,6.12,658.15,0.77,0.149,0.02,0.043,0.05,0.064,0.574,0.76,661826.25,No injected typology,0
NPI2000001854,DME Supplier,South,55,6.44,226.83,1.41,0.082,0.09,0.056,0.01,0.026,0.269,1.99,113598.96,No injected typology,0
NPI2000001855,Home Health,West,243,7.03,474.79,1.27,0.27,0.073,0.044,0.115,0.229,0.341,1.81,1029185.97,No injected typology,0
NPI2000001856,Home Health,Northeast,113,7.15,197.56,0.81,0.023,0.033,0.094,0.205,0.176,0.252,0.43,129508.09,No injected typology,0
NPI2000001857,Oncology,Midwest,285,5.82,527.05,1.23,0.344,0.003,0.078,0.118,0.033,0.261,0.43,1074720.65,No injected typology,0
NPI2000001858,Pain Management,West,130,6.72,411.03,0.76,0.432,0.011,0.068,0.064,0.094,0.119,-1.02,272325.57,No injected typology,0
NPI2000001859,DME Supplier,Northeast,425,9.09,575.87,0.68,0.181,0.067,0.039,0.052,0.115,0.252,-0.79,1522958.74,No injected typology,0
NPI2000001860,Internal Medicine,Midwest,143,5.59,378.7,1.06,0.09,0.046,0.0,0.008,0.002,0.327,0.85,320466.11,No injected typology,0
NPI2000001861,Internal Medicine,South,133,5.76,316.06,0.86,0.583,0.109,0.077,0.123,0.071,0.224,0.26,207534.65,No injected typology,0
NPI2000001862,Cardiology,West,115,4.99,135.3,1.52,0.19,0.008,0.061,0.004,0.087,0.327,-1.05,118057.41,No injected typology,0
NPI2000001863,Cardiology,South,127,6.61,304.41,0.83,0.336,0.094,0.176,0.055,0.169,0.265,0.48,211332.96,No injected typology,0
NPI2000001864,DME Supplier,Northeast,68,8.04,307.28,1.19,0.224,0.011,0.137,0.056,0.008,0.244,-0.84,199997.16,No injected typology,0
NPI2000001865,Internal Medicine,Midwest,179,9.41,165.09,1.26,0.182,0.001,0.095,0.083,0.257,0.206,-0.32,350018.94,No injected typology,0
NPI2000001866,DME Supplier,Northeast,57,5.18,381.6,1.13,0.109,0.078,0.101,0.042,0.251,0.189,0.12,127487.69,No injected typology,0
NPI2000001867,Lab,Northeast,152,5.18,582.13,1.27,0.217,0.062,0.12,0.005,0.06,0.339,0.38,581232.27,No injected typology,0
NPI2000001868,Internal Medicine,Midwest,119,5.24,386.22,1.02,0.249,0.016,0.004,0.025,0.078,0.47,-0.77,245331.41,No injected typology,0
NPI2000001869,Cardiology,Midwest,130,6.26,400.61,1.17,0.335,0.024,0.098,0.073,0.11,0.055,-0.55,383277.83,No injected typology,0
NPI2000001870,Pain Management,South,97,7.6,289.33,0.96,0.249,0.038,0.239,0.093,0.093,0.407,0.26,205602.58,No injected typology,0
NPI2000001871,Internal Medicine,South,134,4.94,372.57,1.06,0.148,0.035,0.104,0.037,0.029,0.241,1.05,262384.42,No injected typology,0
NPI2000001872,Internal Medicine,Midwest,149,6.59,379.86,1.28,0.347,0.01,0.069,0.08,0.04,0.203,-0.73,479553.45,No injected typology,0
NPI2000001873,DME Supplier,South,179,6.28,930.92,0.72,0.145,0.046,0.302,0.187,0.096,0.118,0.88,758398.32,No injected typology,0
NPI2000001874,Orthopedics,Midwest,384,5.25,1147.94,1.33,0.191,0.081,1.0,0.025,0.125,0.22,4.68,3069981.89,Unbundling/modifier abuse,1
NPI2000001875,Lab,Midwest,132,6.3,232.58,0.95,0.113,0.005,0.073,0.016,0.325,0.217,0.46,182876.0,No injected typology,0
NPI2000001876,DME Supplier,South,251,7.14,185.79,0.66,0.275,0.057,0.021,0.005,0.253,0.191,-0.69,219050.43,No injected typology,0
NPI2000001877,Radiology,Northeast,273,7.11,355.18,1.21,0.278,0.053,0.117,0.119,0.367,0.333,-0.06,834521.27,No injected typology,0
NPI2000001878,Orthopedics,Northeast,263,6.27,252.91,1.11,0.252,0.081,0.061,0.021,0.037,0.427,1.19,463620.45,No injected typology,0
NPI2000001879,Orthopedics,Northeast,143,6.57,313.77,1.35,0.214,0.033,0.102,0.019,0.042,0.36,1.36,398375.62,No injected typology,0
NPI2000001880,Lab,Midwest,539,3.79,742.79,1.3,0.066,0.037,0.051,0.031,0.374,0.484,1.42,1974485.94,No injected typology,0
NPI2000001881,Home Health,South,68,4.11,591.74,1.11,0.783,0.079,0.123,0.101,0.38,0.197,5.78,184025.16,Upcoding,1
NPI2000001882,Oncology,West,114,6.72,624.87,1.0,0.164,0.048,0.041,0.03,0.085,0.06,0.21,480276.65,No injected typology,0
NPI2000001883,Cardiology,West,195,6.29,322.9,1.26,0.197,0.021,0.162,0.054,0.033,0.255,1.17,500187.65,No injected typology,0
NPI2000001884,Internal Medicine,Northeast,109,7.25,586.38,1.08,0.114,0.021,0.093,0.025,0.117,0.158,-1.42,500735.76,No injected typology,0
NPI2000001885,Home Health,South,177,7.34,543.87,0.69,0.328,0.026,0.128,0.161,0.059,0.176,0.24,488019.53,No injected typology,0
NPI2000001886,Internal Medicine,Northeast,238,5.12,394.96,1.08,0.468,0.022,0.027,0.069,0.213,0.331,-0.4,521381.12,No injected typology,0
NPI2000001887,Internal Medicine,South,157,7.19,429.2,0.65,0.298,0.026,0.092,0.076,0.227,0.454,2.95,315623.37,No injected typology,0
NPI2000001888,Orthopedics,West,134,4.11,182.05,1.16,0.143,0.051,0.092,0.004,0.111,0.057,-0.33,116650.56,No injected typology,0
NPI2000001889,Home Health,South,217,5.41,368.26,1.09,0.037,0.037,0.137,0.047,0.108,0.532,-0.38,471587.51,No injected typology,0
NPI2000001890,Orthopedics,South,131,5.86,590.15,0.79,0.167,0.027,0.268,0.037,0.059,0.255,0.45,356244.86,No injected typology,0
NPI2000001891,Radiology,South,115,7.15,294.57,1.12,0.326,0.053,0.138,0.082,0.161,0.132,-1.55,271743.25,No injected typology,0
NPI2000001892,Pain Management,Northeast,57,3.7,329.7,1.05,0.265,0.012,0.212,0.145,0.021,0.26,-1.3,73116.36,No injected typology,0
NPI2000001893,Cardiology,Midwest,238,7.56,326.65,1.17,0.327,0.021,0.101,0.01,0.01,0.186,-1.46,687508.7,No injected typology,0
NPI2000001894,DME Supplier,Midwest,447,3.9,387.19,0.95,0.097,0.035,0.099,0.053,0.269,0.124,-0.66,643105.92,No injected typology,0
NPI2000001895,Home Health,South,88,5.57,341.55,1.45,0.09,0.055,0.275,0.024,0.152,0.111,-1.17,242920.87,No injected typology,0
NPI2000001896,Internal Medicine,South,111,6.03,291.73,1.17,0.304,0.022,0.216,0.077,0.085,0.306,-1.04,227919.68,No injected typology,0
NPI2000001897,DME Supplier,South,352,10.75,345.04,0.69,0.234,0.042,0.194,0.074,0.116,0.166,0.13,897411.26,No injected typology,0
NPI2000001898,Internal Medicine,Midwest,77,4.79,364.45,0.93,0.189,0.039,0.053,0.082,0.039,0.365,-0.22,125230.4,No injected typology,0
NPI2000001899,Oncology,Midwest,89,7.0,356.94,1.13,0.077,0.02,0.059,0.126,0.036,0.474,0.96,251965.15,No injected typology,0
NPI2000001900,DME Supplier,South,216,8.0,247.29,0.82,0.855,0.08,0.293,0.239,0.175,0.165,3.61,350255.81,Upcoding,1
NPI2000001901,Cardiology,Northeast,164,6.39,911.04,1.23,0.236,0.014,0.199,0.059,0.078,0.213,0.68,1174310.23,No injected typology,0
NPI2000001902,Internal Medicine,Northeast,236,4.45,195.59,1.12,0.106,0.033,0.252,0.038,0.028,0.398,-0.92,229220.65,No injected typology,0
NPI2000001903,Cardiology,South,68,6.15,354.79,0.95,0.049,0.031,0.037,0.039,0.201,0.228,1.09,141144.36,No injected typology,0
NPI2000001904,Cardiology,Midwest,254,6.45,711.67,1.09,0.124,0.051,0.692,0.027,0.05,0.176,3.33,1264658.05,Unbundling/modifier abuse,1
NPI2000001905,DME Supplier,Midwest,107,6.49,181.24,1.12,0.062,0.053,0.034,0.053,0.246,0.107,-0.44,140383.37,No injected typology,0
NPI2000001906,Home Health,Midwest,319,7.16,274.99,1.08,0.34,0.132,0.203,0.165,0.085,0.131,0.12,675947.63,No injected typology,0
NPI2000001907,Radiology,West,263,4.19,475.62,0.95,0.289,0.026,0.258,0.086,0.109,0.064,0.71,495926.48,No injected typology,0
NPI2000001908,Pain Management,South,118,2.85,370.44,1.09,0.021,0.045,0.088,0.023,0.209,0.052,-0.93,136530.71,No injected typology,0
NPI2000001909,Home Health,Northeast,314,8.15,287.05,1.14,0.261,0.087,0.24,0.112,0.131,0.385,-0.38,838791.2,No injected typology,0
NPI2000001910,DME Supplier,Midwest,142,3.11,193.84,1.07,0.27,0.009,0.058,0.043,0.251,0.135,0.07,91872.15,No injected typology,0
NPI2000001911,Cardiology,Midwest,88,6.74,260.51,1.23,0.062,0.006,0.168,0.099,0.066,0.327,-0.15,190295.19,No injected typology,0
NPI2000001912,Cardiology,Midwest,125,6.7,179.88,0.85,0.016,0.032,0.036,0.021,0.028,0.327,-1.5,127817.56,No injected typology,0
NPI2000001913,Orthopedics,Midwest,71,5.88,353.9,0.98,0.151,0.064,0.061,0.113,0.086,0.211,-0.71,144653.2,No injected typology,0
NPI2000001914,Home Health,South,140,5.42,631.43,0.85,0.058,0.021,0.005,0.028,0.179,0.157,0.11,406213.15,No injected typology,0
NPI2000001915,Internal Medicine,Northeast,90,5.72,972.66,0.98,0.088,0.012,0.03,0.035,0.073,0.104,2.04,493202.19,No injected typology,0
NPI2000001916,Home Health,Midwest,324,6.19,657.38,1.09,0.065,0.012,0.016,0.029,0.058,0.151,-0.31,1442787.45,No injected typology,0
NPI2000001917,Internal Medicine,South,87,5.32,385.76,1.23,0.034,0.023,0.184,0.118,0.201,0.115,-0.58,219517.66,No injected typology,0
NPI2000001918,Internal Medicine,Midwest,340,6.02,303.85,0.78,0.169,0.096,0.088,0.075,0.242,0.252,-0.92,486884.01,No injected typology,0
NPI2000001919,Home Health,South,253,8.49,396.83,0.72,0.282,0.012,0.103,0.038,0.021,0.458,-0.98,616080.79,No injected typology,0
NPI2000001920,Lab,Midwest,60,6.01,343.68,1.24,0.004,0.44,0.348,0.003,0.061,0.268,-1.1,153877.89,Duplicate billing,1
NPI2000001921,Radiology,Midwest,149,8.07,525.29,1.04,0.146,0.006,0.034,0.074,0.233,0.397,-1.22,659580.9,No injected typology,0
NPI2000001922,Home Health,Midwest,138,7.15,355.44,0.99,0.317,0.009,0.113,0.083,0.121,0.353,-0.2,346890.35,No injected typology,0
NPI2000001923,Cardiology,West,113,8.19,441.6,1.14,0.07,0.042,0.073,0.013,0.233,0.036,-0.85,465196.49,No injected typology,0
NPI2000001924,Oncology,West,144,7.31,273.64,0.91,0.369,0.114,0.033,0.081,0.148,0.339,0.18,262139.93,No injected typology,0
NPI2000001925,Home Health,South,542,8.55,476.85,0.91,0.302,0.034,0.086,0.021,0.052,0.178,-0.11,2004201.52,No injected typology,0
NPI2000001926,Oncology,South,147,7.59,238.0,0.89,0.099,0.051,0.361,0.083,0.144,0.154,0.01,236255.57,No injected typology,0
NPI2000001927,Oncology,South,79,5.67,593.97,1.41,0.117,0.017,0.146,0.033,0.175,0.156,0.22,376283.42,No injected typology,0
NPI2000001928,Cardiology,South,94,6.32,754.71,1.12,0.11,0.002,0.316,0.039,0.136,0.579,-0.13,504451.15,No injected typology,0
NPI2000001929,Oncology,Midwest,119,9.2,634.74,0.99,0.31,0.024,0.021,0.005,0.147,0.065,1.87,687022.09,No injected typology,0
NPI2000001930,Internal Medicine,South,626,5.58,352.02,1.15,0.151,0.09,0.058,0.045,0.271,0.371,0.72,1415232.82,No injected typology,0
NPI2000001931,Home Health,South,120,9.03,667.32,1.07,0.198,0.051,0.112,0.05,0.216,0.1,-0.67,774792.3,No injected typology,0
NPI2000001932,Cardiology,West,384,5.42,266.49,0.9,0.112,0.005,0.069,0.063,0.283,0.069,-0.3,497680.9,No injected typology,0
NPI2000001933,Internal Medicine,Midwest,67,6.77,707.0,0.96,0.161,0.016,0.208,0.101,0.032,0.424,0.82,308081.46,No injected typology,0
NPI2000001934,DME Supplier,West,121,9.71,738.76,0.85,0.203,0.069,0.494,0.052,0.135,0.211,4.76,733523.5,Unbundling/modifier abuse,1
NPI2000001935,Cardiology,South,127,7.29,612.7,0.82,0.081,0.044,0.369,0.125,0.067,0.225,1.14,463635.68,No injected typology,0
NPI2000001936,Radiology,Northeast,124,5.79,478.8,1.26,0.359,0.1,0.465,0.117,0.085,0.387,3.07,434538.23,Unbundling/modifier abuse,1
NPI2000001937,Pain Management,Midwest,190,3.38,237.92,0.68,0.073,0.043,0.296,0.021,0.071,0.189,0.61,103112.85,No injected typology,0
NPI2000001938,Cardiology,West,207,7.36,395.1,1.16,0.233,0.368,0.123,0.043,0.149,0.158,-1.67,701072.56,Duplicate billing,1
NPI2000001939,Internal Medicine,Midwest,146,6.42,281.88,0.88,0.16,0.024,0.122,0.028,0.081,0.059,1.19,231698.89,No injected typology,0
NPI2000001940,Home Health,South,72,8.63,302.6,0.89,0.473,0.061,0.052,0.025,0.02,0.289,-0.33,166938.18,No injected typology,0
NPI2000001941,Home Health,West,180,5.34,395.9,1.11,0.329,0.012,0.029,0.081,0.146,0.368,0.95,423050.66,No injected typology,0
NPI2000001942,Lab,South,157,6.32,427.95,1.32,0.031,0.038,0.059,0.136,0.083,0.08,0.27,560828.56,No injected typology,0
NPI2000001943,Orthopedics,South,239,7.04,213.68,1.22,0.145,0.015,0.255,0.191,0.062,0.036,-1.07,440215.65,No injected typology,0
NPI2000001944,Oncology,West,93,7.66,192.77,1.11,0.43,0.012,0.105,0.109,0.036,0.39,-0.55,152570.11,No injected typology,0
NPI2000001945,Internal Medicine,Northeast,346,3.05,298.71,0.73,0.403,0.017,0.045,0.131,0.1,0.152,0.44,229368.72,No injected typology,0
NPI2000001946,Oncology,Midwest,195,7.67,337.65,0.55,0.062,0.001,0.078,0.036,0.085,0.67,0.8,277877.52,No injected typology,0
NPI2000001947,Radiology,West,77,7.3,450.02,1.04,0.083,0.036,0.02,0.035,0.132,0.388,0.75,263293.64,No injected typology,0
NPI2000001948,Internal Medicine,West,262,5.36,328.31,0.96,0.086,0.036,0.023,0.01,0.292,0.363,-0.53,440743.43,No injected typology,0
NPI2000001949,Oncology,Northeast,88,6.52,222.8,0.72,0.183,0.008,0.062,0.21,0.073,0.12,-0.03,92047.38,No injected typology,0
NPI2000001950,Internal Medicine,Midwest,105,4.63,164.91,1.26,0.158,0.043,0.029,0.004,0.262,0.287,0.85,100945.11,No injected typology,0
NPI2000001951,Radiology,South,135,4.24,1095.24,0.82,0.056,0.048,0.107,0.058,0.27,0.184,2.54,516374.02,No injected typology,0
NPI2000001952,Cardiology,Northeast,191,8.17,359.42,1.05,0.278,0.019,0.043,0.026,0.199,0.205,-1.13,588381.21,No injected typology,0
NPI2000001953,Home Health,Northeast,643,5.19,382.21,0.7,0.18,0.009,0.109,0.186,0.043,0.11,-1.7,896363.11,No injected typology,0
NPI2000001954,Lab,Northeast,140,7.36,396.02,1.15,0.14,0.073,0.07,0.007,0.1,0.38,-0.57,468425.71,No injected typology,0
NPI2000001955,Internal Medicine,Northeast,221,5.94,417.89,1.11,0.204,0.05,0.042,0.028,0.154,0.318,-1.35,608900.06,No injected typology,0
NPI2000001956,Orthopedics,Northeast,212,7.14,275.55,0.59,0.015,0.018,0.217,0.043,0.041,0.463,1.23,245962.31,No injected typology,0
NPI2000001957,Lab,Midwest,138,5.74,394.73,1.15,0.039,0.034,0.013,0.054,0.144,0.138,0.76,358863.31,No injected typology,0
NPI2000001958,Pain Management,West,64,8.67,561.11,1.14,0.081,0.015,0.021,0.401,0.075,0.109,0.4,354099.6,No injected typology,0
NPI2000001959,Internal Medicine,Northeast,165,3.89,258.83,1.25,0.152,0.432,0.072,0.109,0.091,0.269,0.41,208246.11,Duplicate billing,1
NPI2000001960,Internal Medicine,South,47,7.32,192.59,1.32,0.306,0.003,0.059,0.045,0.064,0.209,-0.03,87508.78,No injected typology,0
NPI2000001961,Internal Medicine,West,202,8.84,725.54,0.76,0.031,0.061,0.336,0.272,0.101,0.187,1.68,980614.44,No injected typology,0
NPI2000001962,Internal Medicine,West,67,4.77,724.02,1.15,0.205,0.019,0.042,0.034,0.092,0.429,1.0,266996.07,No injected typology,0
NPI2000001963,Orthopedics,Northeast,193,4.26,535.74,0.89,0.104,0.069,0.052,0.028,0.183,0.189,0.78,390539.44,No injected typology,0
NPI2000001964,Radiology,South,301,7.9,249.8,1.06,0.117,0.075,0.102,0.106,0.078,0.152,-1.75,628733.91,No injected typology,0
NPI2000001965,Pain Management,Northeast,104,6.81,590.02,1.06,0.19,0.072,0.089,0.007,0.188,0.398,-0.1,442450.39,No injected typology,0
NPI2000001966,Internal Medicine,Northeast,231,6.04,134.45,0.99,0.143,0.028,0.075,0.023,0.302,0.097,-2.1,185284.01,No injected typology,0
NPI2000001967,Orthopedics,West,324,8.25,565.98,0.55,0.076,0.038,0.103,0.076,0.105,0.501,0.96,832306.52,No injected typology,0
NPI2000001968,Pain Management,West,84,6.68,522.31,1.05,0.331,0.019,0.098,0.035,0.101,0.129,1.57,307721.05,No injected typology,0
NPI2000001969,Pain Management,West,45,7.77,343.62,1.0,0.208,0.031,0.093,0.126,0.042,0.143,0.13,120565.07,No injected typology,0
NPI2000001970,Home Health,West,111,6.24,161.95,0.9,0.153,0.001,0.1,0.019,0.078,0.305,0.12,100669.5,No injected typology,0
NPI2000001971,Home Health,Midwest,190,5.99,221.54,1.04,0.234,0.019,0.127,0.011,0.025,0.36,-1.45,261063.44,No injected typology,0
NPI2000001972,Radiology,South,87,7.11,563.38,0.91,0.197,0.046,0.141,0.1,0.083,0.334,-0.33,318370.86,No injected typology,0
NPI2000001973,DME Supplier,West,160,5.71,270.73,1.23,0.276,0.027,0.259,0.123,0.104,0.26,-2.87,303303.41,No injected typology,0
NPI2000001974,Internal Medicine,South,184,8.65,398.18,0.55,0.729,0.009,0.024,0.174,0.082,0.567,4.49,348639.58,Upcoding,1
NPI2000001975,Radiology,Midwest,248,6.61,302.74,0.65,0.182,0.106,0.198,0.173,0.073,0.267,1.68,324554.65,No injected typology,0
NPI2000001976,Radiology,Northeast,325,5.69,333.54,0.92,0.027,0.009,0.111,0.034,0.162,0.431,-0.7,565687.35,No injected typology,0
NPI2000001977,Radiology,South,205,5.18,454.29,0.98,0.09,0.177,0.101,0.045,0.059,0.219,-1.56,472789.7,No injected typology,0
NPI2000001978,Pain Management,Midwest,98,3.82,521.85,0.85,0.295,0.02,0.099,0.05,0.149,0.379,-1.41,165580.54,No injected typology,0
NPI2000001979,Lab,West,135,7.47,597.94,1.13,0.355,0.067,0.018,0.051,0.044,0.075,-1.14,680693.56,No injected typology,0
NPI2000001980,Internal Medicine,South,61,5.7,881.02,0.97,0.868,0.12,0.11,0.057,0.049,0.285,4.6,296524.0,Upcoding,1
NPI2000001981,Radiology,South,241,6.33,699.47,1.22,0.101,0.002,0.077,0.014,0.062,0.123,2.24,1297851.4,No injected typology,0
NPI2000001982,DME Supplier,Midwest,558,6.56,770.77,1.03,0.026,0.024,0.287,0.094,0.175,0.113,-0.23,2921264.36,No injected typology,0
NPI2000001983,Radiology,South,72,8.04,444.16,0.65,0.196,0.028,0.127,0.061,0.012,0.05,-0.14,166185.97,No injected typology,0
NPI2000001984,Internal Medicine,South,222,6.57,655.58,1.2,0.328,0.029,0.045,0.007,0.196,0.147,0.27,1147889.8,No injected typology,0
NPI2000001985,Oncology,Midwest,250,5.18,661.08,1.25,0.438,0.038,0.133,0.071,0.05,0.361,0.12,1066502.9,No injected typology,0
NPI2000001986,Internal Medicine,Midwest,980,5.29,379.83,1.12,0.275,0.073,0.217,0.07,0.033,0.07,-0.47,2204487.65,No injected typology,0
NPI2000001987,Internal Medicine,South,554,6.3,191.62,1.21,0.101,0.036,0.102,0.077,0.221,0.228,-1.39,812347.37,No injected typology,0
NPI2000001988,DME Supplier,South,129,5.06,490.4,1.13,0.117,0.108,0.183,0.112,0.204,0.13,0.02,361438.34,No injected typology,0
NPI2000001989,DME Supplier,Northeast,299,8.24,492.58,1.2,0.184,0.011,0.119,0.042,0.068,0.476,-0.94,1450873.89,No injected typology,0
NPI2000001990,Internal Medicine,Northeast,260,5.3,1013.97,1.08,0.455,0.035,0.129,0.089,0.152,0.085,-0.8,1511776.42,No injected typology,0
NPI2000001991,Cardiology,Northeast,57,4.89,210.38,0.91,0.708,0.023,0.024,0.043,0.273,0.074,-0.3,53479.18,No injected typology,0
NPI2000001992,Oncology,Midwest,179,5.93,801.92,0.68,0.181,0.056,0.058,0.0,0.037,0.346,-0.03,580539.25,No injected typology,0
NPI2000001993,Orthopedics,West,140,6.9,558.78,1.35,0.167,0.018,0.091,0.016,0.171,0.513,0.01,728399.07,No injected typology,0
NPI2000001994,Pain Management,West,446,7.36,426.3,1.01,0.245,0.08,0.031,0.057,0.16,0.394,0.55,1418720.36,No injected typology,0
NPI2000001995,Internal Medicine,Midwest,142,4.23,322.27,0.82,0.096,0.046,0.037,0.016,0.214,0.431,0.94,158729.79,No injected typology,0
NPI2000001996,DME Supplier,West,219,7.35,648.26,0.55,1.0,0.208,0.12,0.021,0.113,0.135,5.85,573915.31,Upcoding,1
NPI2000001997,Radiology,Midwest,398,7.54,196.43,0.94,0.261,0.065,0.143,0.098,0.066,0.315,0.57,554239.24,No injected typology,0
NPI2000001998,Radiology,Midwest,302,6.19,321.87,1.02,0.148,0.059,0.128,0.024,0.065,0.149,0.56,611568.48,No injected typology,0
NPI2000001999,Cardiology,West,77,6.7,432.96,0.92,0.048,0.03,0.047,0.046,0.224,0.141,1.34,205001.56,No injected typology,0
NPI2000002000,Orthopedics,South,162,7.08,242.81,0.86,0.195,0.012,0.045,0.122,0.063,0.17,-1.79,240339.75,No injected typology,0
NPI2000002001,Home Health,Midwest,205,2.42,464.55,1.08,0.202,0.019,0.123,0.085,0.054,0.186,-1.47,249429.17,No injected typology,0
NPI2000002002,Oncology,South,225,7.99,536.73,1.23,0.082,0.052,0.194,0.066,0.141,0.431,0.29,1189602.98,No injected typology,0
NPI2000002003,Radiology,Northeast,141,6.87,440.68,0.97,0.313,0.024,0.067,0.013,0.049,0.391,1.81,412659.81,No injected typology,0
NPI2000002004,Cardiology,South,294,5.84,686.86,0.8,0.196,0.061,0.735,0.1,0.025,0.136,2.58,942043.68,Unbundling/modifier abuse,1
NPI2000002005,Internal Medicine,Midwest,106,6.78,332.85,0.86,0.754,0.08,0.148,0.056,0.102,0.427,2.77,206556.68,Upcoding,1
NPI2000002006,Orthopedics,Midwest,127,7.47,838.02,1.21,0.924,0.019,0.124,0.039,0.095,0.485,6.0,961784.91,Upcoding,1
NPI2000002007,DME Supplier,Northeast,396,7.05,286.03,1.02,0.411,0.065,0.072,0.03,0.09,0.295,-0.71,817999.74,No injected typology,0
NPI2000002008,Cardiology,South,139,5.8,361.54,0.98,0.195,0.001,0.106,0.002,0.02,0.114,0.44,284112.24,No injected typology,0
NPI2000002009,Radiology,South,71,6.16,162.14,0.83,0.275,0.008,0.075,0.192,0.2,0.054,0.22,58639.52,No injected typology,0
NPI2000002010,Cardiology,South,386,5.23,442.53,1.23,0.224,0.029,0.046,0.032,0.015,0.236,0.77,1096718.36,No injected typology,0
NPI2000002011,Internal Medicine,Northeast,75,8.24,200.22,0.74,0.19,0.014,0.127,0.029,0.201,0.199,0.83,91126.96,No injected typology,0
NPI2000002012,Home Health,Midwest,108,4.8,599.3,1.1,0.144,0.074,0.17,0.018,0.139,0.32,-0.97,341824.47,No injected typology,0
NPI2000002013,Radiology,Midwest,191,7.26,339.36,1.29,0.082,0.03,0.12,0.025,0.093,0.635,0.15,606863.14,No injected typology,0
NPI2000002014,Cardiology,South,267,5.48,302.67,1.11,0.117,0.454,0.179,0.258,0.041,0.372,0.35,493109.83,Duplicate billing,1
NPI2000002015,Orthopedics,West,262,4.4,183.62,0.65,0.099,0.031,0.045,0.052,0.095,0.204,-1.07,138044.5,No injected typology,0
NPI2000002016,Cardiology,South,300,5.82,219.95,0.96,0.139,0.03,0.105,0.115,0.047,0.413,-1.41,370181.97,No injected typology,0
NPI2000002017,Internal Medicine,South,264,6.19,359.53,1.29,0.261,0.004,0.037,0.033,0.261,0.081,0.77,759176.24,No injected typology,0
NPI2000002018,Home Health,Northeast,236,7.76,406.67,0.72,0.087,0.011,0.119,0.119,0.163,0.096,1.19,534738.0,No injected typology,0
NPI2000002019,Internal Medicine,Midwest,172,8.21,529.82,1.21,0.231,0.058,0.03,0.006,0.048,0.345,-1.75,906947.81,No injected typology,0
NPI2000002020,Home Health,Midwest,138,4.37,266.48,1.23,0.112,0.005,0.043,0.024,0.33,0.367,0.12,197585.18,No injected typology,0
NPI2000002021,Home Health,South,119,3.87,225.44,1.08,0.048,0.028,0.013,0.101,0.106,0.217,-1.03,111859.38,No injected typology,0
NPI2000002022,DME Supplier,Northeast,653,6.92,250.46,1.32,0.236,0.032,0.235,0.028,0.183,0.36,-0.59,1492031.19,No injected typology,0
NPI2000002023,Internal Medicine,South,284,5.65,294.18,1.11,0.071,0.03,0.072,0.009,0.102,0.052,0.88,525844.59,No injected typology,0
NPI2000002024,Internal Medicine,South,196,5.8,450.84,1.46,0.412,0.061,0.196,0.256,0.05,0.055,1.36,747119.17,No injected typology,0
NPI2000002025,DME Supplier,South,339,6.04,207.41,0.9,0.298,0.03,0.136,0.027,0.114,0.173,-0.03,383502.28,No injected typology,0
NPI2000002026,Pain Management,South,230,5.93,149.78,1.11,0.1,0.067,0.175,0.019,0.044,0.55,-1.17,226907.55,No injected typology,0
NPI2000002027,Internal Medicine,Northeast,239,7.5,213.52,1.09,0.215,0.038,0.22,0.056,0.312,0.05,0.28,416888.93,No injected typology,0
NPI2000002028,Internal Medicine,Midwest,193,5.73,226.38,0.55,0.092,0.054,0.195,0.025,0.13,0.178,0.41,137748.04,No injected typology,0
NPI2000002029,Radiology,West,238,6.75,415.13,0.98,0.208,0.044,0.808,0.138,0.073,0.259,3.84,653804.58,Unbundling/modifier abuse,1
NPI2000002030,Orthopedics,Midwest,186,8.1,469.58,0.98,0.073,0.033,0.067,0.038,0.089,0.114,-0.55,694058.23,No injected typology,0
NPI2000002031,Radiology,Northeast,77,6.04,79.85,0.84,0.235,0.066,0.057,0.052,0.01,0.544,-1.2,31331.82,No injected typology,0
NPI2000002032,Internal Medicine,West,195,6.49,501.21,0.84,0.09,0.002,0.074,0.083,0.02,0.054,0.73,530406.66,No injected typology,0
NPI2000002033,Cardiology,Northeast,242,7.4,378.45,1.18,0.178,0.023,0.081,0.035,0.015,0.206,-0.14,798061.59,No injected typology,0
NPI2000002034,Lab,South,171,4.54,800.63,1.01,0.081,0.036,0.018,0.035,0.1,0.186,2.65,631061.23,No injected typology,0
NPI2000002035,Internal Medicine,Northeast,145,6.81,466.66,0.55,0.232,0.069,0.089,0.066,0.203,0.078,0.88,253318.89,No injected typology,0
NPI2000002036,Orthopedics,West,191,5.36,369.73,1.27,0.108,0.006,0.691,0.098,0.105,0.496,3.15,482010.34,Unbundling/modifier abuse,1
NPI2000002037,Pain Management,Midwest,163,3.77,1114.61,1.09,0.032,0.042,0.651,0.007,0.211,0.157,5.12,744466.54,Unbundling/modifier abuse,1
NPI2000002038,Radiology,Northeast,85,4.44,569.01,0.97,0.202,0.009,0.347,0.112,0.031,0.58,-0.23,209174.72,No injected typology,0
NPI2000002039,Orthopedics,South,161,7.67,319.14,1.0,0.371,0.033,0.266,0.046,0.037,0.405,-0.87,396116.92,No injected typology,0
NPI2000002040,Home Health,Midwest,106,5.43,749.25,0.85,0.122,0.086,0.063,0.221,0.166,0.167,1.52,364750.93,No injected typology,0
NPI2000002041,Cardiology,Midwest,78,6.78,409.65,0.86,0.191,0.009,0.109,0.052,0.135,0.294,-0.57,187319.19,No injected typology,0
NPI2000002042,Home Health,West,213,7.67,281.79,0.96,0.502,0.056,0.083,0.15,0.145,0.336,1.04,442091.73,No injected typology,0
NPI2000002043,Internal Medicine,Northeast,196,7.55,279.62,0.97,0.289,0.048,0.176,0.097,0.329,0.796,0.16,401338.74,No injected typology,0
NPI2000002044,Internal Medicine,Northeast,279,3.13,217.09,0.9,0.106,0.008,0.033,0.003,0.072,0.277,-0.97,170204.51,No injected typology,0
NPI2000002045,Internal Medicine,Midwest,141,6.43,348.35,0.69,0.326,0.039,0.111,0.1,0.044,0.152,1.04,219379.48,No injected typology,0
NPI2000002046,Internal Medicine,Northeast,219,6.46,567.11,0.8,0.11,0.012,0.183,0.126,0.139,0.147,0.26,641342.3,No injected typology,0
NPI2000002047,Radiology,West,180,7.54,128.79,1.13,0.272,0.352,0.097,0.012,0.067,0.523,0.3,197946.38,Duplicate billing,1
NPI2000002048,Pain Management,Northeast,235,7.56,304.2,1.03,0.499,0.016,0.104,0.088,0.257,0.17,0.25,556279.96,No injected typology,0
NPI2000002049,Radiology,West,103,3.56,334.29,1.02,0.012,0.025,0.126,0.105,0.061,0.023,0.42,125093.42,No injected typology,0
NPI2000002050,Oncology,Northeast,290,5.28,782.76,1.15,0.507,0.017,0.045,0.053,0.067,0.515,0.52,1377340.97,No injected typology,0
NPI2000002051,Internal Medicine,Midwest,109,3.84,286.83,0.98,0.249,0.011,0.032,0.094,0.179,0.196,-1.78,117189.07,No injected typology,0
NPI2000002052,Radiology,Northeast,50,7.63,402.94,1.01,1.0,0.031,0.051,0.017,0.054,0.086,4.04,154599.05,Upcoding,1
NPI2000002053,Oncology,Northeast,159,8.58,210.08,1.17,0.159,0.023,0.03,0.199,0.066,0.117,-0.45,334717.99,No injected typology,0
NPI2000002054,Cardiology,Midwest,67,5.26,239.72,1.23,0.14,0.019,0.014,0.059,0.077,0.097,0.25,103852.51,No injected typology,0
NPI2000002055,Internal Medicine,Midwest,297,7.0,219.79,1.28,0.314,0.064,0.071,0.039,0.115,0.321,0.49,585672.9,No injected typology,0
NPI2000002056,Pain Management,Northeast,79,4.44,270.33,1.03,0.125,0.063,0.147,0.031,0.09,0.152,-0.81,97902.42,No injected typology,0
NPI2000002057,DME Supplier,Northeast,173,3.28,1212.89,0.55,0.071,0.028,0.613,0.067,0.153,0.077,5.64,378726.63,Unbundling/modifier abuse,1
NPI2000002058,Home Health,Midwest,61,8.97,433.43,1.09,0.189,0.084,0.107,0.24,0.131,0.247,0.16,259030.83,No injected typology,0
NPI2000002059,DME Supplier,Northeast,209,5.78,505.96,1.0,0.152,0.036,0.236,0.093,0.102,0.264,-1.48,613616.42,No injected typology,0
NPI2000002060,Cardiology,West,389,9.19,237.41,1.13,0.123,0.018,0.043,0.048,0.184,0.254,-1.42,955367.07,No injected typology,0
NPI2000002061,Internal Medicine,West,135,8.87,253.46,0.83,0.199,0.011,0.145,0.119,0.292,0.728,0.21,251698.61,No injected typology,0
NPI2000002062,Orthopedics,Northeast,338,5.19,401.6,1.25,0.263,0.057,0.085,0.077,0.165,0.258,1.01,877454.63,No injected typology,0
NPI2000002063,Pain Management,Midwest,150,6.82,130.13,0.95,0.199,0.075,0.204,0.031,0.206,0.067,0.37,126966.68,No injected typology,0
NPI2000002064,Internal Medicine,Midwest,84,5.15,260.69,0.91,0.132,0.067,0.105,0.047,0.221,0.265,0.26,102403.64,No injected typology,0
NPI2000002065,Cardiology,South,140,7.49,323.89,0.71,0.181,0.055,0.15,0.021,0.063,0.814,1.42,241371.4,No injected typology,0
NPI2000002066,Lab,South,102,6.66,332.69,1.41,0.305,0.002,0.054,0.035,0.065,0.137,-0.75,319024.99,No injected typology,0
NPI2000002067,Orthopedics,Northeast,237,6.27,147.61,0.85,0.093,0.044,0.06,0.035,0.31,0.302,-1.04,185433.81,No injected typology,0
NPI2000002068,Internal Medicine,South,229,6.7,448.0,0.76,0.915,0.067,0.184,0.022,0.034,0.279,4.33,519523.0,Upcoding,1
NPI2000002069,Home Health,Northeast,454,6.39,453.47,0.68,0.054,0.047,0.696,0.013,0.024,0.528,4.45,898504.18,Unbundling/modifier abuse,1
NPI2000002070,Orthopedics,Northeast,102,8.94,158.52,1.29,0.174,0.04,0.219,0.049,0.199,0.263,-0.18,186304.8,No injected typology,0
NPI2000002071,DME Supplier,South,153,5.36,345.86,1.07,0.282,0.025,0.073,0.064,0.029,0.172,-0.83,304076.76,No injected typology,0
NPI2000002072,Orthopedics,Northeast,115,5.07,658.71,0.99,0.292,0.015,0.145,0.044,0.029,0.149,0.06,380426.06,No injected typology,0
NPI2000002073,Internal Medicine,Northeast,102,7.13,309.02,0.92,0.174,0.035,0.022,0.021,0.069,0.511,-0.7,207032.08,No injected typology,0
NPI2000002074,Radiology,West,135,4.47,159.41,1.05,0.288,0.103,0.085,0.023,0.148,0.067,-1.03,100753.34,No injected typology,0
NPI2000002075,DME Supplier,South,229,6.68,85.99,1.15,0.019,0.036,0.108,0.04,0.114,0.172,-0.46,150824.41,No injected typology,0
NPI2000002076,Oncology,South,244,6.6,427.07,1.39,0.127,0.058,0.059,0.088,0.165,0.18,1.52,953312.25,No injected typology,0
NPI2000002077,Internal Medicine,Northeast,310,6.96,333.49,0.8,0.762,0.008,0.183,0.052,0.128,0.005,5.73,577461.87,Upcoding,1
NPI2000002078,DME Supplier,South,136,8.34,547.62,1.49,0.044,0.027,0.088,0.248,0.323,0.567,1.05,925847.42,No injected typology,0
NPI2000002079,Orthopedics,Northeast,151,5.53,293.98,1.3,0.263,0.045,0.022,0.067,0.144,0.283,-1.23,318584.11,No injected typology,0
NPI2000002080,Pain Management,West,127,5.3,346.77,0.87,0.066,0.033,0.003,0.121,0.134,0.238,-0.71,203277.27,No injected typology,0
NPI2000002081,Radiology,South,30,6.04,301.24,1.04,0.374,0.049,0.081,0.023,0.067,0.171,-1.36,56993.71,No injected typology,0
NPI2000002082,Cardiology,Midwest,166,8.05,321.34,1.51,0.059,0.062,0.096,0.016,0.116,0.326,0.18,648337.73,No injected typology,0
NPI2000002083,Orthopedics,Midwest,169,6.52,636.79,1.06,0.357,0.08,0.122,0.033,0.047,0.308,-0.12,744811.69,No injected typology,0
NPI2000002084,Internal Medicine,South,119,5.88,81.61,1.05,0.118,0.009,0.072,0.004,0.095,0.26,-0.98,60013.85,No injected typology,0
NPI2000002085,DME Supplier,Northeast,183,5.2,751.81,1.27,0.338,0.003,0.162,0.037,0.13,0.161,0.91,907328.85,No injected typology,0
NPI2000002086,Pain Management,South,316,6.59,382.65,1.15,0.43,0.061,0.009,0.08,0.068,0.205,-0.47,916464.25,No injected typology,0
NPI2000002087,Internal Medicine,West,78,6.58,433.12,0.57,0.305,0.074,0.337,0.068,0.025,0.41,0.8,126088.86,No injected typology,0
NPI2000002088,Cardiology,South,207,6.9,631.43,0.88,0.269,0.022,0.166,0.069,0.129,0.3,-0.37,792827.45,No injected typology,0
NPI2000002089,Orthopedics,Northeast,111,7.38,161.6,0.98,0.473,0.028,0.14,0.027,0.055,0.08,0.78,130052.88,No injected typology,0
NPI2000002090,DME Supplier,West,149,3.77,316.52,1.24,0.204,0.041,0.306,0.054,0.239,0.261,-1.14,220297.09,No injected typology,0
NPI2000002091,Internal Medicine,West,146,7.24,303.08,0.71,0.23,0.017,0.859,0.154,0.012,0.3,2.33,228053.63,Unbundling/modifier abuse,1
NPI2000002092,Home Health,West,141,8.67,493.66,0.99,0.206,0.013,0.238,0.012,0.052,0.209,0.89,596144.97,No injected typology,0
NPI2000002093,Lab,Northeast,404,6.92,290.4,1.38,0.38,0.039,0.033,0.647,0.081,0.189,-0.21,1122182.97,Impossible frequency,1
NPI2000002094,Orthopedics,Northeast,153,5.14,295.62,0.89,0.167,0.039,0.108,0.074,0.178,0.133,-1.22,207246.42,No injected typology,0
NPI2000002095,Internal Medicine,Midwest,141,7.85,472.84,0.76,0.385,0.014,0.111,0.156,0.089,0.144,0.24,400058.72,No injected typology,0
NPI2000002096,Internal Medicine,Midwest,85,3.2,294.99,0.99,0.231,0.056,0.023,0.182,0.195,0.303,-1.32,79735.15,No injected typology,0
NPI2000002097,Radiology,Northeast,435,7.44,273.39,1.34,0.231,0.063,0.054,0.011,0.099,0.029,-0.45,1181823.98,No injected typology,0
NPI2000002098,DME Supplier,South,217,8.08,563.18,1.01,0.277,0.058,0.126,0.05,0.144,0.183,0.15,995016.27,No injected typology,0
NPI2000002099,Internal Medicine,Midwest,167,5.45,153.0,0.64,0.216,0.022,0.058,0.012,0.068,0.105,-0.72,89170.56,No injected typology,0
NPI2000002100,Internal Medicine,Midwest,99,5.71,234.03,1.06,0.318,0.021,0.099,0.062,0.133,0.405,0.12,140199.51,No injected typology,0
NPI2000002101,Lab,South,134,7.12,167.92,0.77,0.268,0.11,0.096,0.105,0.074,0.101,-0.17,123193.23,No injected typology,0
NPI2000002102,Home Health,South,442,4.47,749.46,0.76,0.016,0.022,0.072,0.03,0.044,0.326,1.85,1128026.22,No injected typology,0
NPI2000002103,Home Health,West,98,7.36,288.42,1.3,0.27,0.004,0.113,0.139,0.134,0.279,0.59,270848.98,No injected typology,0
NPI2000002104,Internal Medicine,Northeast,91,4.81,418.0,1.06,0.193,0.006,0.177,0.051,0.156,0.243,0.32,193841.08,No injected typology,0
NPI2000002105,Oncology,Midwest,379,8.11,324.53,1.27,0.033,0.025,0.202,0.086,0.039,0.505,-0.05,1264918.86,No injected typology,0
NPI2000002106,Cardiology,West,90,2.46,533.29,1.32,0.161,0.029,0.009,0.105,0.166,0.157,-0.96,156297.58,No injected typology,0
NPI2000002107,Orthopedics,Northeast,250,6.11,204.25,1.23,0.114,0.009,0.05,0.002,0.061,0.244,-1.95,382219.58,No injected typology,0
NPI2000002108,Cardiology,West,526,6.43,590.52,1.26,0.203,0.028,0.202,0.076,0.05,0.2,-0.94,2511290.99,No injected typology,0
NPI2000002109,Oncology,Midwest,78,7.48,280.81,1.3,0.121,0.057,0.119,0.102,0.163,0.397,-0.6,212924.1,No injected typology,0
NPI2000002110,Home Health,West,90,7.44,138.83,1.31,0.166,0.012,0.048,0.052,0.058,0.212,0.16,121502.57,No injected typology,0
NPI2000002111,DME Supplier,Midwest,355,6.63,333.46,0.76,0.271,0.163,0.133,0.014,0.039,0.593,-0.05,600486.98,No injected typology,0
NPI2000002112,Orthopedics,West,366,4.69,707.93,1.16,0.212,0.022,0.056,0.009,0.016,0.218,0.63,1413282.38,No injected typology,0
NPI2000002113,Radiology,South,554,7.31,546.95,1.03,0.226,0.057,0.12,0.063,0.134,0.03,1.23,2291781.88,No injected typology,0
NPI2000002114,Pain Management,Northeast,193,5.11,292.87,0.91,0.031,0.092,0.13,0.031,0.12,0.105,-0.15,264288.99,No injected typology,0
NPI2000002115,Pain Management,Midwest,185,6.88,433.31,1.02,0.231,0.045,0.201,0.031,0.022,0.044,-0.9,562366.79,No injected typology,0
NPI2000002116,Internal Medicine,Midwest,83,4.24,384.93,1.39,0.395,0.053,0.308,0.066,0.119,0.066,0.68,187809.81,No injected typology,0
NPI2000002117,Lab,South,141,5.81,787.23,1.1,0.219,0.047,0.064,0.107,0.171,0.165,0.9,708914.41,No injected typology,0
NPI2000002118,Internal Medicine,South,162,7.48,403.8,1.45,0.236,0.137,0.236,0.069,0.203,0.067,0.78,711776.76,No injected typology,0
NPI2000002119,Lab,Midwest,198,8.51,223.46,1.06,0.076,0.033,0.074,0.001,0.075,0.264,-1.08,400069.17,No injected typology,0
NPI2000002120,Oncology,South,98,6.1,518.29,0.89,0.271,0.038,0.038,0.073,0.128,0.242,-2.18,275184.68,No injected typology,0
NPI2000002121,DME Supplier,Northeast,143,5.03,164.48,1.14,0.458,0.056,0.128,0.046,0.283,0.312,-1.21,134521.68,No injected typology,0
NPI2000002122,Internal Medicine,West,301,6.13,417.71,1.0,0.076,0.035,0.054,0.114,0.074,0.493,-0.94,772602.64,No injected typology,0
NPI2000002123,Cardiology,South,431,6.86,209.3,1.18,0.115,0.094,0.058,0.205,0.046,0.119,0.05,732422.27,No injected typology,0
NPI2000002124,Internal Medicine,Midwest,238,9.31,495.65,1.23,0.067,0.013,0.215,0.063,0.156,0.324,0.05,1352069.25,No injected typology,0
NPI2000002125,Radiology,Northeast,272,6.1,263.23,0.96,0.158,0.012,0.104,0.165,0.028,0.481,0.44,417959.18,No injected typology,0
NPI2000002126,Orthopedics,South,416,3.9,583.75,1.08,0.229,0.087,0.076,0.012,0.074,0.013,1.08,1019701.18,No injected typology,0
NPI2000002127,Oncology,South,50,5.42,251.99,1.0,0.369,0.023,0.054,0.158,0.277,0.357,1.32,68595.28,No injected typology,0
NPI2000002128,Orthopedics,South,525,5.24,415.32,1.36,0.151,0.021,0.156,0.019,0.038,0.269,-1.06,1553968.71,No injected typology,0
NPI2000002129,Orthopedics,West,163,4.36,213.84,1.11,0.145,0.025,0.026,0.014,0.068,0.201,0.05,169325.67,No injected typology,0
NPI2000002130,Home Health,Northeast,61,8.83,269.55,0.82,0.136,0.009,0.02,0.14,0.078,0.111,-2.31,118491.39,No injected typology,0
NPI2000002131,Lab,Midwest,201,6.33,768.84,0.9,0.103,0.055,0.764,0.023,0.126,0.254,3.7,880643.03,Unbundling/modifier abuse,1
NPI2000002132,DME Supplier,South,256,8.17,536.75,0.84,0.833,0.049,0.187,0.058,0.173,0.411,5.69,941903.09,Upcoding,1
NPI2000002133,Internal Medicine,Midwest,117,8.36,312.01,1.01,0.19,0.096,0.086,0.032,0.033,0.204,2.59,307952.59,No injected typology,0
NPI2000002134,Internal Medicine,West,344,5.56,207.32,0.68,0.134,0.01,0.245,0.088,0.16,0.351,-0.14,269706.1,No injected typology,0
NPI2000002135,Radiology,Midwest,286,6.68,302.54,1.34,0.072,0.024,0.029,0.086,0.141,0.062,0.55,777323.25,No injected typology,0
NPI2000002136,Radiology,South,673,7.07,158.87,0.99,0.243,0.004,0.044,0.067,0.303,0.17,1.38,748083.46,No injected typology,0
NPI2000002137,Oncology,Northeast,162,6.46,302.68,0.9,0.159,0.013,0.171,0.084,0.069,0.122,-1.25,285630.16,No injected typology,0
NPI2000002138,DME Supplier,West,167,5.53,463.44,0.85,0.065,0.046,0.169,0.057,0.318,0.346,1.09,363311.28,No injected typology,0
NPI2000002139,Radiology,Northeast,124,6.73,299.15,1.05,0.278,0.033,0.277,0.046,0.05,0.188,2.35,262686.86,No injected typology,0
NPI2000002140,Home Health,South,88,6.59,208.63,0.91,0.211,0.064,0.126,0.091,0.102,0.409,-0.98,110470.91,No injected typology,0
NPI2000002141,DME Supplier,Midwest,209,7.09,512.88,0.97,0.022,0.085,0.088,0.099,0.143,0.041,1.84,739302.7,No injected typology,0
NPI2000002142,Lab,Midwest,612,3.97,394.4,0.92,0.178,0.025,0.142,0.05,0.353,0.327,0.11,880606.24,No injected typology,0
NPI2000002143,Cardiology,South,114,7.21,296.28,1.01,0.1,0.134,0.001,0.11,0.126,0.282,-0.21,246229.48,No injected typology,0
NPI2000002144,Internal Medicine,West,101,8.01,477.19,1.24,0.048,0.032,0.057,0.185,0.035,0.587,-0.39,478169.3,No injected typology,0
NPI2000002145,Cardiology,Midwest,181,5.67,338.25,1.31,0.157,0.089,0.02,0.227,0.09,0.177,-0.16,453607.46,No injected typology,0
NPI2000002146,Orthopedics,Midwest,109,6.55,351.92,1.11,0.32,0.009,0.044,0.075,0.045,0.165,-1.34,279856.97,No injected typology,0
NPI2000002147,Oncology,Northeast,225,9.51,511.99,0.91,0.241,0.086,0.105,0.011,0.213,0.292,3.04,996853.39,No injected typology,0
NPI2000002148,Lab,Midwest,142,8.02,820.53,1.08,0.446,0.052,0.087,0.053,0.224,0.402,0.65,1009642.81,No injected typology,0
NPI2000002149,Radiology,South,122,3.29,251.27,1.25,0.427,0.047,0.037,0.121,0.027,0.441,0.23,125789.79,No injected typology,0
NPI2000002150,Lab,South,121,7.75,772.29,0.96,0.227,0.007,0.152,0.088,0.02,0.602,-0.4,693485.76,No injected typology,0
NPI2000002151,Orthopedics,Northeast,171,8.8,245.84,0.99,0.451,0.111,0.094,0.077,0.052,0.416,-0.79,365956.62,No injected typology,0
NPI2000002152,Oncology,Northeast,394,7.05,430.47,0.92,0.193,0.007,0.017,0.035,0.051,0.068,1.02,1100861.06,No injected typology,0
NPI2000002153,Lab,South,51,7.2,181.62,1.09,0.33,0.083,0.061,0.05,0.112,0.25,-0.49,73046.86,No injected typology,0
NPI2000002154,Internal Medicine,Northeast,517,6.23,241.7,0.85,0.174,0.026,0.324,0.103,0.15,0.411,-1.28,664045.94,No injected typology,0
NPI2000002155,Orthopedics,West,207,6.71,113.51,0.85,0.093,0.043,0.074,0.113,0.13,0.391,-0.66,134468.35,No injected typology,0
NPI2000002156,Cardiology,West,395,5.71,632.72,1.1,0.228,0.008,0.131,0.048,0.083,0.132,-0.3,1573244.76,No injected typology,0
NPI2000002157,Internal Medicine,South,285,7.89,179.74,0.96,0.116,0.015,0.129,0.251,0.2,0.144,-0.55,389661.86,No injected typology,0
NPI2000002158,Oncology,Northeast,237,8.51,610.33,1.29,0.135,0.051,0.192,0.035,0.076,0.081,1.28,1592992.15,No injected typology,0
NPI2000002159,Orthopedics,South,99,8.66,456.87,0.89,0.295,0.044,0.052,0.002,0.266,0.205,-0.52,347804.39,No injected typology,0
NPI2000002160,Lab,South,99,8.08,849.4,0.9,0.058,0.01,0.039,0.207,0.136,0.143,1.24,613711.19,No injected typology,0
NPI2000002161,DME Supplier,Midwest,268,5.91,185.26,1.05,0.243,0.037,0.111,0.028,0.007,0.246,0.3,306866.89,No injected typology,0
NPI2000002162,Internal Medicine,South,232,5.58,334.01,1.19,0.134,0.081,0.113,0.086,0.126,0.456,-0.84,512879.8,No injected typology,0
NPI2000002163,Pain Management,Midwest,576,6.09,317.0,0.89,0.182,0.115,0.358,0.732,0.062,0.034,1.46,987529.44,Impossible frequency,1
NPI2000002164,Radiology,South,30,6.83,339.95,1.01,0.239,0.039,0.076,0.033,0.101,0.014,0.74,70648.34,No injected typology,0
NPI2000002165,Cardiology,West,114,6.41,363.98,1.12,0.136,0.19,0.21,0.1,0.139,0.076,0.21,297126.6,No injected typology,0
NPI2000002166,Cardiology,Midwest,34,6.92,463.19,1.08,0.064,0.025,0.1,0.136,0.011,0.269,1.43,117500.44,No injected typology,0
NPI2000002167,Internal Medicine,Northeast,544,4.68,891.74,1.34,0.271,0.035,0.1,0.117,0.083,0.077,1.34,3033294.55,No injected typology,0
NPI2000002168,Pain Management,South,107,7.15,419.53,0.55,0.234,0.082,0.233,0.273,0.056,0.202,-1.88,176569.96,No injected typology,0
NPI2000002169,Oncology,Midwest,67,5.17,206.2,1.2,0.121,0.008,0.065,0.086,0.137,0.178,-2.76,85934.63,No injected typology,0
NPI2000002170,Internal Medicine,Northeast,243,6.07,290.24,1.16,0.065,0.037,0.095,0.001,0.188,0.124,0.85,497878.88,No injected typology,0
NPI2000002171,Lab,Midwest,256,6.79,272.45,0.78,0.069,0.017,0.097,0.069,0.158,0.206,0.35,368806.51,No injected typology,0
NPI2000002172,DME Supplier,Midwest,76,7.56,423.41,0.61,0.21,0.032,0.568,0.176,0.1,0.294,2.94,147579.8,Unbundling/modifier abuse,1
NPI2000002173,Cardiology,Midwest,106,5.98,251.86,1.22,0.067,0.025,0.087,0.047,0.19,0.41,0.25,194887.4,No injected typology,0
NPI2000002174,Lab,South,143,6.65,760.37,0.71,0.183,0.025,0.049,0.16,0.066,0.055,-1.01,512827.47,No injected typology,0
NPI2000002175,Oncology,West,410,7.75,493.83,1.3,0.11,0.074,0.02,0.087,0.054,0.409,-1.67,2042237.84,No injected typology,0
NPI2000002176,Oncology,Midwest,102,6.81,265.35,0.96,0.291,0.241,0.063,0.025,0.049,0.2,-2.16,177584.17,No injected typology,0
NPI2000002177,Pain Management,Midwest,157,4.92,178.52,1.06,0.107,0.027,0.049,0.014,0.278,0.196,0.01,146315.51,No injected typology,0
NPI2000002178,Orthopedics,Northeast,296,7.9,453.71,1.34,0.142,0.048,0.153,0.034,0.058,0.37,0.92,1420988.51,No injected typology,0
NPI2000002179,Home Health,Northeast,175,2.5,378.81,1.23,0.088,0.029,0.129,0.02,0.069,0.372,-0.48,204097.75,No injected typology,0
NPI2000002180,Lab,West,129,5.54,360.79,0.75,0.134,0.059,0.165,0.003,0.071,0.437,-0.78,193300.84,No injected typology,0
NPI2000002181,Orthopedics,South,172,8.4,371.07,0.98,0.07,0.005,0.177,0.069,0.142,0.173,-1.82,523268.41,No injected typology,0
NPI2000002182,Orthopedics,Midwest,361,8.5,296.66,1.15,0.159,0.012,0.012,0.145,0.074,0.336,0.32,1050695.83,No injected typology,0
NPI2000002183,Orthopedics,Midwest,162,4.53,328.56,0.74,0.208,0.007,0.074,0.005,0.152,0.237,0.82,178761.16,No injected typology,0
NPI2000002184,Internal Medicine,West,299,6.84,382.38,1.02,0.303,0.041,0.078,0.069,0.045,0.171,0.38,794780.16,No injected typology,0
NPI2000002185,Lab,Midwest,89,3.81,182.72,1.44,0.203,0.007,0.241,0.033,0.05,0.371,-0.01,89294.36,No injected typology,0
NPI2000002186,Pain Management,Northeast,135,9.72,361.04,0.9,0.187,0.036,0.153,0.019,0.128,0.133,0.27,426241.03,No injected typology,0
NPI2000002187,Pain Management,South,110,5.57,366.14,1.49,0.172,0.016,0.113,0.014,0.228,0.244,1.77,334530.27,No injected typology,0
NPI2000002188,Home Health,West,302,4.82,419.17,0.94,0.285,0.022,0.576,0.031,0.14,0.252,2.45,571946.48,Unbundling/modifier abuse,1
NPI2000002189,Lab,Midwest,83,5.25,344.55,0.93,0.025,0.144,0.042,0.112,0.203,0.214,-1.19,139170.95,No injected typology,0
NPI2000002190,Radiology,West,59,6.67,277.19,0.92,0.137,0.046,0.107,0.159,0.154,0.271,0.27,100697.18,No injected typology,0
NPI2000002191,Orthopedics,South,212,4.43,181.27,1.15,0.383,0.036,0.018,0.09,0.145,0.429,0.69,195657.37,No injected typology,0
NPI2000002192,Cardiology,South,319,8.17,125.57,1.19,0.109,0.044,0.168,0.063,0.148,0.126,-1.9,390146.88,No injected typology,0
NPI2000002193,Orthopedics,Northeast,589,7.27,308.77,1.16,0.035,0.02,0.077,0.017,0.072,0.208,-0.45,1536355.86,No injected typology,0
NPI2000002194,DME Supplier,Northeast,60,4.93,714.14,1.09,0.844,0.021,0.145,0.227,0.15,0.464,4.47,229134.81,Upcoding,1
NPI2000002195,Lab,South,75,8.7,475.1,0.84,0.084,0.005,0.057,0.002,0.005,0.503,-0.07,259566.48,No injected typology,0
NPI2000002196,Internal Medicine,South,355,5.48,668.93,1.25,0.215,0.056,0.108,0.135,0.018,0.197,-1.14,1621552.89,No injected typology,0
NPI2000002197,Home Health,West,240,4.99,195.99,0.89,0.264,0.079,0.01,0.059,0.181,0.298,1.22,208282.29,No injected typology,0
NPI2000002198,Lab,Northeast,122,4.89,672.74,1.12,0.205,0.055,0.217,0.242,0.134,0.479,-1.37,451504.62,No injected typology,0
NPI2000002199,DME Supplier,Midwest,192,7.77,310.02,1.27,0.273,0.0,0.246,0.043,0.265,0.556,-0.36,586523.76,No injected typology,0
NPI2000002200,Orthopedics,West,322,6.92,210.66,1.27,0.267,0.015,0.044,0.025,0.042,0.25,-2.06,595951.57,No injected typology,0
NPI2000002201,Pain Management,Midwest,235,5.91,632.72,0.69,0.204,0.055,0.035,0.103,0.078,0.122,0.25,606031.22,No injected typology,0
NPI2000002202,DME Supplier,South,55,6.12,591.37,0.98,0.272,0.023,0.069,0.012,0.033,0.343,-1.32,195127.99,No injected typology,0
NPI2000002203,Home Health,West,160,5.4,244.72,1.25,0.16,0.063,0.098,0.071,0.054,0.299,-1.07,264236.63,No injected typology,0
NPI2000002204,Internal Medicine,South,183,8.22,427.31,1.0,0.255,0.002,0.221,0.01,0.005,0.12,1.46,640512.67,No injected typology,0
NPI2000002205,Radiology,Northeast,322,6.96,341.1,1.37,0.275,0.137,0.01,0.018,0.174,0.184,-0.22,1048030.13,No injected typology,0
NPI2000002206,DME Supplier,West,345,4.78,665.62,0.79,0.235,0.018,0.022,0.003,0.366,0.49,4.53,863667.13,DME aberrancy,1
NPI2000002207,Cardiology,West,177,7.02,179.29,0.74,0.227,0.025,0.202,0.011,0.176,0.096,-0.6,165534.59,No injected typology,0
NPI2000002208,Oncology,South,227,7.4,414.61,0.92,0.288,0.007,0.073,0.164,0.146,0.385,-0.19,638093.05,No injected typology,0
NPI2000002209,Orthopedics,Midwest,130,7.2,335.97,1.07,0.175,0.042,0.389,0.02,0.117,0.14,0.66,335340.79,No injected typology,0
NPI2000002210,Radiology,Midwest,96,6.86,158.9,1.08,0.236,0.018,0.085,0.067,0.121,0.161,-1.94,113430.61,No injected typology,0
NPI2000002211,Cardiology,Midwest,188,7.16,219.8,0.69,0.155,0.019,0.046,0.013,0.038,0.067,0.35,203393.67,No injected typology,0
NPI2000002212,DME Supplier,Northeast,68,4.64,401.53,1.03,0.173,0.008,0.052,0.066,0.211,0.383,0.89,130034.14,No injected typology,0
NPI2000002213,Internal Medicine,South,46,5.02,711.55,0.7,0.211,0.022,0.766,0.059,0.094,0.048,4.7,114274.11,Unbundling/modifier abuse,1
NPI2000002214,Cardiology,West,71,5.5,246.58,0.72,0.155,0.057,0.103,0.082,0.068,0.444,0.86,69393.02,No injected typology,0
NPI2000002215,Orthopedics,South,232,6.7,261.42,0.91,0.269,0.081,0.072,0.076,0.074,0.103,-0.39,368003.83,No injected typology,0
NPI2000002216,Internal Medicine,West,172,8.89,246.1,1.24,0.229,0.018,0.048,0.103,0.04,0.32,0.94,465359.88,No injected typology,0
NPI2000002217,Radiology,South,153,5.22,747.1,1.21,0.067,0.044,0.053,0.002,0.195,0.414,2.16,720441.54,No injected typology,0
NPI2000002218,Pain Management,Northeast,414,8.35,351.41,0.97,0.181,0.034,0.073,0.045,0.045,0.203,0.29,1177883.31,No injected typology,0
NPI2000002219,Orthopedics,Northeast,203,6.5,165.99,0.81,0.148,0.021,0.199,0.046,0.012,0.244,0.24,176535.11,No injected typology,0
NPI2000002220,DME Supplier,Northeast,133,4.6,695.32,0.85,0.483,0.048,0.043,0.007,0.038,0.389,0.72,363665.76,No injected typology,0
NPI2000002221,Cardiology,South,339,8.69,162.71,0.87,0.125,0.083,0.135,0.152,0.112,0.141,-0.35,417422.29,No injected typology,0
NPI2000002222,Pain Management,Midwest,161,5.58,276.85,0.99,0.486,0.078,0.072,0.08,0.012,0.501,0.72,245043.55,No injected typology,0
NPI2000002223,DME Supplier,Midwest,60,6.89,316.93,0.78,0.697,0.005,0.05,0.021,0.141,0.142,-0.63,102425.13,No injected typology,0
NPI2000002224,Home Health,West,111,4.32,612.92,0.75,0.287,0.005,0.067,0.006,0.231,0.284,1.0,221451.74,No injected typology,0
NPI2000002225,Orthopedics,South,116,5.72,579.57,0.55,0.289,0.005,0.306,0.085,0.113,0.376,-1.83,211600.78,No injected typology,0
NPI2000002226,Radiology,South,191,6.19,244.39,0.76,0.379,0.051,0.112,0.159,0.135,0.096,0.56,219294.09,No injected typology,0
NPI2000002227,Lab,Northeast,151,6.15,295.64,0.65,0.132,0.037,0.305,0.063,0.078,0.316,0.96,178184.64,No injected typology,0
NPI2000002228,Oncology,West,221,7.13,463.12,0.95,0.171,0.018,0.013,0.125,0.191,0.491,-0.28,691434.51,No injected typology,0
NPI2000002229,DME Supplier,Northeast,162,5.33,138.13,0.82,0.126,0.018,0.24,0.005,0.171,0.035,0.27,97317.13,No injected typology,0
NPI2000002230,Oncology,South,137,7.23,681.48,1.09,0.348,0.017,0.359,0.051,0.09,0.356,2.21,733150.28,No injected typology,0
NPI2000002231,Oncology,Midwest,132,4.18,598.13,1.32,0.398,0.113,0.182,0.044,0.275,0.166,2.66,434930.7,No injected typology,0
NPI2000002232,Home Health,Midwest,145,7.14,134.55,1.37,0.169,0.033,0.196,0.027,0.027,0.134,0.13,191479.88,No injected typology,0
NPI2000002233,Internal Medicine,South,126,6.95,269.04,1.13,0.284,0.062,0.121,0.216,0.195,0.083,0.19,265542.58,No injected typology,0
NPI2000002234,Home Health,West,67,7.31,289.46,1.19,0.142,0.066,0.153,0.084,0.113,0.087,1.03,169099.8,No injected typology,0
NPI2000002235,DME Supplier,Northeast,98,6.93,331.41,1.18,0.453,0.003,0.079,0.061,0.343,0.325,-0.52,265667.1,No injected typology,0
NPI2000002236,Radiology,South,225,7.44,847.72,0.77,0.109,0.012,0.091,0.037,0.342,0.111,0.93,1087332.88,No injected typology,0
NPI2000002237,Cardiology,South,81,5.38,356.28,1.18,0.187,0.05,0.094,0.208,0.137,0.49,0.6,182688.71,No injected typology,0
NPI2000002238,Oncology,South,366,5.2,284.8,1.09,0.108,0.008,0.029,0.079,0.111,0.144,-0.76,591367.66,No injected typology,0
NPI2000002239,Orthopedics,Midwest,202,5.62,385.46,0.93,0.131,0.038,0.143,0.037,0.085,0.248,-0.72,405808.39,No injected typology,0
NPI2000002240,Oncology,South,145,4.14,407.23,1.47,0.069,0.075,0.069,0.026,0.076,0.224,0.42,360183.4,No injected typology,0
NPI2000002241,Cardiology,West,62,8.37,256.17,0.88,0.108,0.099,0.057,0.27,0.03,0.102,-0.47,116752.36,No injected typology,0
NPI2000002242,Pain Management,South,144,4.42,243.25,1.32,0.062,0.195,0.042,0.048,0.119,0.06,-1.78,203772.62,No injected typology,0
NPI2000002243,Home Health,Northeast,132,7.29,388.09,1.01,0.372,0.043,0.025,0.007,0.164,0.192,0.37,376073.01,No injected typology,0
NPI2000002244,Cardiology,West,223,3.72,450.56,0.98,0.177,0.063,0.068,0.077,0.03,0.281,-0.1,365172.65,No injected typology,0
NPI2000002245,Orthopedics,South,331,3.96,155.97,1.1,0.298,0.01,0.193,0.734,0.156,0.152,-0.2,224577.42,Impossible frequency,1
NPI2000002246,Home Health,Northeast,300,5.31,242.95,1.35,0.195,0.045,0.069,0.002,0.021,0.32,-0.79,523614.85,No injected typology,0
NPI2000002247,Radiology,Midwest,251,6.59,319.22,1.03,0.333,0.043,0.078,0.057,0.023,0.118,0.25,544036.08,No injected typology,0
NPI2000002248,Oncology,South,282,7.44,694.92,1.43,0.293,0.049,0.052,0.088,0.095,0.502,0.72,2088042.23,No injected typology,0
NPI2000002249,DME Supplier,South,475,6.27,347.19,1.06,0.345,0.044,0.066,0.148,0.038,0.364,-0.15,1091734.01,No injected typology,0
NPI2000002250,Oncology,Midwest,250,4.05,322.29,1.23,0.121,0.042,0.093,0.005,0.119,0.469,-0.45,401088.19,No injected typology,0
NPI2000002251,Cardiology,South,238,6.17,516.88,1.19,0.266,0.011,0.481,0.26,0.069,0.196,1.26,900847.71,No injected typology,0
NPI2000002252,Home Health,West,116,6.74,462.43,1.41,0.015,0.044,0.248,0.116,0.116,0.055,-1.87,509126.11,No injected typology,0
NPI2000002253,Radiology,South,174,5.8,762.48,0.79,0.477,0.005,0.07,0.089,0.097,0.204,0.08,606960.02,No injected typology,0
NPI2000002254,Internal Medicine,South,233,7.01,289.8,0.95,0.129,0.46,0.048,0.113,0.062,0.143,0.31,451510.79,Duplicate billing,1
NPI2000002255,Radiology,Midwest,59,5.67,300.94,1.22,0.177,0.047,0.247,0.019,0.071,0.029,-0.41,122861.97,No injected typology,0
NPI2000002256,Lab,Northeast,528,4.94,519.87,0.77,0.139,0.041,0.071,0.03,0.068,0.344,-1.22,1041835.67,No injected typology,0
NPI2000002257,DME Supplier,Midwest,150,7.09,305.36,0.93,0.585,0.092,0.058,0.031,0.253,0.426,0.98,302901.22,No injected typology,0
NPI2000002258,Oncology,South,246,6.16,404.08,0.55,0.042,0.106,0.179,0.003,0.071,0.068,-0.57,336685.25,No injected typology,0
NPI2000002259,Home Health,Northeast,43,4.97,347.0,1.08,0.277,0.02,0.064,0.184,0.081,0.491,-0.78,79800.67,No injected typology,0
NPI2000002260,Orthopedics,South,176,7.59,387.81,1.28,0.093,0.047,0.185,0.037,0.212,0.09,-1.54,664677.04,No injected typology,0
NPI2000002261,Lab,West,82,9.41,395.36,1.16,0.229,0.022,0.158,0.115,0.101,0.088,1.4,353992.2,No injected typology,0
NPI2000002262,DME Supplier,South,153,4.94,240.57,1.28,0.27,0.368,0.16,0.034,0.235,0.196,-0.77,233307.57,Duplicate billing,1
NPI2000002263,Home Health,South,82,2.61,432.45,0.74,0.181,0.011,0.564,0.028,0.094,0.5,4.69,68103.26,Unbundling/modifier abuse,1
NPI2000002264,Oncology,South,84,5.47,178.13,1.45,0.128,0.022,0.201,0.022,0.022,0.624,-3.0,118842.97,No injected typology,0
NPI2000002265,Home Health,Midwest,58,7.09,271.37,0.96,0.313,0.026,0.074,0.024,0.023,0.333,-0.21,106867.08,No injected typology,0
NPI2000002266,Radiology,Midwest,348,4.61,337.29,0.93,0.2,0.006,0.138,0.122,0.06,0.259,-0.42,501124.89,No injected typology,0
NPI2000002267,Lab,South,104,6.92,233.93,1.03,0.253,0.024,0.537,0.021,0.068,0.583,2.8,172881.69,Unbundling/modifier abuse,1
NPI2000002268,Cardiology,Midwest,82,6.76,281.41,1.32,0.733,0.351,0.188,0.184,0.278,0.404,5.03,206602.02,Upcoding,1
NPI2000002269,Internal Medicine,Northeast,64,8.34,456.22,0.66,0.281,0.015,0.096,0.145,0.066,0.28,-0.63,161827.88,No injected typology,0
NPI2000002270,Internal Medicine,Northeast,147,6.47,376.82,1.31,0.137,0.028,0.159,0.036,0.276,0.095,-0.47,469901.5,No injected typology,0
NPI2000002271,Pain Management,Midwest,421,3.98,276.87,1.13,0.177,0.043,0.148,0.04,0.116,0.093,-0.59,523697.9,No injected typology,0
NPI2000002272,Oncology,South,153,7.06,424.32,0.85,0.176,0.008,0.582,0.035,0.118,0.253,2.97,388096.83,Unbundling/modifier abuse,1
NPI2000002273,Pain Management,Northeast,93,2.89,583.8,0.8,0.083,0.026,0.074,0.039,0.131,0.363,0.29,126370.69,No injected typology,0
NPI2000002274,Oncology,South,149,4.98,254.6,0.84,0.155,0.02,0.07,0.063,0.202,0.474,0.39,158184.51,No injected typology,0
NPI2000002275,Cardiology,West,106,6.57,483.79,1.33,0.095,0.016,0.154,0.055,0.179,0.249,1.1,447744.29,No injected typology,0
NPI2000002276,Internal Medicine,Northeast,139,5.81,352.42,1.11,0.494,0.015,0.036,0.711,0.071,0.299,-0.83,316341.57,Impossible frequency,1
NPI2000002277,Orthopedics,West,102,5.53,106.65,1.12,0.348,0.095,0.119,0.069,0.041,0.31,0.48,67162.25,No injected typology,0
NPI2000002278,Lab,South,381,6.36,283.83,1.06,0.14,0.025,0.162,0.065,0.1,0.577,-0.24,726307.87,No injected typology,0
NPI2000002279,Oncology,South,606,5.01,359.33,0.94,0.257,0.041,0.066,0.049,0.132,0.263,-0.24,1030721.63,No injected typology,0
NPI2000002280,DME Supplier,Northeast,129,6.49,248.29,1.02,0.182,0.034,0.054,0.097,0.119,0.171,-0.87,211759.58,No injected typology,0
NPI2000002281,Orthopedics,Midwest,91,6.73,321.68,0.77,0.091,0.022,0.182,0.077,0.23,0.177,-0.02,152043.98,No injected typology,0
NPI2000002282,Radiology,South,185,7.36,293.1,1.09,0.043,0.029,0.131,0.099,0.071,0.487,-1.3,433127.08,No injected typology,0
NPI2000002283,Orthopedics,Northeast,174,5.83,295.16,1.31,0.417,0.08,0.019,0.137,0.147,0.424,0.76,392778.92,No injected typology,0
NPI2000002284,Cardiology,South,295,3.95,216.43,1.35,0.309,0.006,0.004,0.008,0.055,0.182,1.38,340647.61,No injected typology,0
NPI2000002285,Radiology,South,117,8.22,547.69,1.0,0.1,0.047,0.062,0.085,0.073,0.026,0.22,528296.31,No injected typology,0
NPI2000002286,Internal Medicine,Midwest,146,6.07,263.39,1.03,0.12,0.029,0.015,0.046,0.111,0.136,-0.01,241186.05,No injected typology,0
NPI2000002287,Radiology,South,163,4.28,395.74,0.77,0.051,0.038,0.271,0.049,0.151,0.073,-0.42,211584.78,No injected typology,0
NPI2000002288,Oncology,Northeast,148,6.78,325.81,1.02,0.414,0.093,0.198,0.01,0.096,0.195,1.39,332806.06,No injected typology,0
NPI2000002289,Internal Medicine,Northeast,207,6.23,256.15,0.82,0.126,0.005,0.04,0.017,0.051,0.18,0.79,271304.18,No injected typology,0
NPI2000002290,Radiology,Midwest,219,6.33,608.54,0.78,0.11,0.025,0.071,0.066,0.097,0.178,-1.31,658959.32,No injected typology,0
NPI2000002291,Internal Medicine,Midwest,213,4.67,218.42,1.22,0.096,0.036,0.005,0.062,0.134,0.312,-0.48,265808.0,No injected typology,0
NPI2000002292,Internal Medicine,South,55,4.96,448.93,1.05,0.086,0.011,0.272,0.485,0.33,0.185,1.73,129033.92,Impossible frequency,1
NPI2000002293,Cardiology,South,227,4.72,501.06,0.87,0.097,0.043,0.065,0.015,0.111,0.512,-0.27,466860.22,No injected typology,0
NPI2000002294,Oncology,South,184,6.99,543.49,1.08,0.775,0.183,0.069,0.084,0.141,0.118,2.05,755664.1,Upcoding,1
NPI2000002295,Internal Medicine,Midwest,51,4.69,322.07,1.08,0.07,0.054,0.116,0.095,0.161,0.15,-0.87,83490.32,No injected typology,0
NPI2000002296,Pain Management,West,170,4.87,218.16,1.07,0.12,0.019,0.084,0.089,0.227,0.272,-0.18,193277.84,No injected typology,0
NPI2000002297,Pain Management,West,107,5.15,781.48,1.13,0.519,0.039,0.215,0.084,0.051,0.295,1.07,484954.47,No injected typology,0
NPI2000002298,Internal Medicine,Northeast,151,6.54,363.83,0.94,0.041,0.036,0.227,0.023,0.343,0.326,0.13,338499.64,No injected typology,0
NPI2000002299,Oncology,West,80,5.08,337.16,1.39,0.169,0.02,0.041,0.022,0.068,0.32,2.58,190531.97,No injected typology,0
NPI2000002300,Cardiology,Northeast,262,6.96,289.76,1.35,0.074,0.005,0.064,0.135,0.087,0.398,0.34,712382.83,No injected typology,0
NPI2000002301,Lab,Northeast,244,6.1,291.43,0.97,0.254,0.021,0.011,0.221,0.211,0.181,-0.59,421921.33,No injected typology,0
NPI2000002302,DME Supplier,South,300,5.21,352.0,0.99,0.113,0.047,0.022,0.047,0.06,0.284,1.49,542555.42,No injected typology,0
NPI2000002303,Radiology,West,221,5.21,199.37,1.37,0.018,0.071,0.167,0.016,0.199,0.092,0.32,313534.21,No injected typology,0
NPI2000002304,Radiology,West,224,5.6,296.64,1.11,0.132,0.085,0.745,0.061,0.104,0.114,4.79,411548.58,Unbundling/modifier abuse,1
NPI2000002305,Home Health,Midwest,230,5.13,574.84,1.1,0.131,0.062,0.008,0.024,0.095,0.058,0.61,748936.08,No injected typology,0
NPI2000002306,Lab,Northeast,345,7.29,361.58,1.04,0.066,0.017,0.175,0.032,0.215,0.298,-0.47,940653.33,No injected typology,0
NPI2000002307,Lab,Midwest,167,10.65,390.65,1.38,0.493,0.026,0.233,0.036,0.065,0.606,-0.22,958401.44,No injected typology,0
NPI2000002308,Internal Medicine,South,277,6.46,152.6,1.21,0.191,0.053,0.089,0.014,0.359,0.124,-2.48,331039.8,No injected typology,0
NPI2000002309,Internal Medicine,Northeast,80,5.6,296.81,1.14,0.199,0.011,0.49,0.139,0.089,0.215,3.97,151167.63,Unbundling/modifier abuse,1
NPI2000002310,Pain Management,South,263,9.39,255.01,1.02,0.269,0.083,0.085,0.01,0.116,0.48,-2.05,642852.17,No injected typology,0
NPI2000002311,Internal Medicine,Northeast,148,7.71,470.61,1.17,0.231,0.073,0.252,0.08,0.086,0.585,-0.03,627580.27,No injected typology,0
NPI2000002312,DME Supplier,South,436,5.64,590.18,0.78,0.171,0.026,0.691,0.007,0.543,0.172,5.81,1127262.18,Unbundling/modifier abuse,1
NPI2000002313,Oncology,South,224,5.16,363.3,1.25,0.28,0.059,0.396,0.072,0.042,0.29,-0.16,525296.3,No injected typology,0
NPI2000002314,DME Supplier,South,97,6.12,184.56,0.58,0.207,0.026,0.189,0.127,0.136,0.226,-1.08,64064.15,No injected typology,0
NPI2000002315,Internal Medicine,Midwest,214,4.45,366.79,0.84,0.168,0.05,0.169,0.014,0.064,0.386,1.14,292270.74,No injected typology,0
NPI2000002316,Internal Medicine,South,127,4.05,485.93,0.64,0.292,0.011,0.012,0.137,0.214,0.214,0.81,159307.29,No injected typology,0
NPI2000002317,DME Supplier,Northeast,328,7.81,401.72,1.39,0.036,0.005,0.153,0.091,0.417,0.163,5.13,1426513.98,DME aberrancy,1
NPI2000002318,Radiology,South,170,5.7,252.52,0.68,0.14,0.016,0.116,0.047,0.143,0.227,-1.23,167145.69,No injected typology,0
NPI2000002319,Lab,Midwest,153,7.67,538.22,0.66,0.088,0.056,0.046,0.002,0.049,0.332,0.75,418451.2,No injected typology,0
NPI2000002320,Radiology,Northeast,164,2.32,461.63,0.89,0.362,0.008,0.071,0.027,0.189,0.553,0.2,156785.65,No injected typology,0
NPI2000002321,Pain Management,Midwest,83,6.3,207.0,0.95,0.055,0.089,0.027,0.072,0.066,0.386,-0.78,102475.43,No injected typology,0
NPI2000002322,Lab,West,175,9.01,277.37,0.86,0.081,0.06,0.053,0.002,0.137,0.556,-0.48,376032.18,No injected typology,0
NPI2000002323,DME Supplier,Northeast,143,7.93,333.45,0.72,0.195,0.013,0.079,0.003,0.249,0.216,-0.3,270303.19,No injected typology,0
NPI2000002324,Home Health,South,172,8.06,114.34,0.85,0.095,0.052,0.013,0.003,0.154,0.121,1.03,134587.55,No injected typology,0
NPI2000002325,Internal Medicine,Northeast,318,8.07,251.26,1.14,0.43,0.014,0.016,0.058,0.112,0.369,-0.02,733517.37,No injected typology,0
NPI2000002326,Pain Management,West,80,5.96,389.74,0.89,0.256,0.027,0.097,0.036,0.062,0.394,0.11,166172.02,No injected typology,0
NPI2000002327,Internal Medicine,Northeast,155,8.83,855.54,0.86,0.06,0.079,0.811,0.056,0.266,0.277,4.19,1007825.02,Unbundling/modifier abuse,1
NPI2000002328,Cardiology,Northeast,407,5.82,224.36,1.35,0.485,0.041,0.031,0.002,0.155,0.274,1.22,715353.18,No injected typology,0
NPI2000002329,Cardiology,Northeast,148,7.55,274.72,0.75,0.102,0.008,0.273,0.011,0.065,0.453,-0.46,229146.1,No injected typology,0
NPI2000002330,DME Supplier,West,132,4.79,314.37,0.77,0.143,0.002,0.113,0.072,0.081,0.1,-1.65,152738.25,No injected typology,0
NPI2000002331,Internal Medicine,Midwest,186,3.58,688.0,0.86,0.155,0.012,0.164,0.073,0.118,0.21,0.2,391194.51,No injected typology,0
NPI2000002332,Radiology,West,340,6.33,260.62,1.25,0.177,0.047,0.167,0.044,0.058,0.216,1.19,701641.97,No injected typology,0
NPI2000002333,Orthopedics,Northeast,173,6.12,1156.35,1.04,0.11,0.456,0.147,0.023,0.148,0.273,2.0,1278331.05,Duplicate billing,1
NPI2000002334,Cardiology,Midwest,331,6.61,241.92,0.89,0.317,0.03,0.002,0.015,0.165,0.127,-1.78,469504.63,No injected typology,0
NPI2000002335,Oncology,West,89,5.75,292.83,1.2,0.183,0.372,0.185,0.106,0.056,0.095,-0.42,180152.41,Duplicate billing,1
NPI2000002336,Home Health,Midwest,373,5.78,307.23,0.93,0.17,0.035,0.09,0.076,0.123,0.162,0.96,616802.9,No injected typology,0
NPI2000002337,Orthopedics,Northeast,137,3.01,186.9,1.45,0.528,0.023,0.229,0.095,0.061,0.435,-1.47,111829.22,No injected typology,0
NPI2000002338,Internal Medicine,South,242,7.83,414.58,0.83,0.165,0.032,0.058,0.074,0.239,0.317,0.63,652121.9,No injected typology,0
NPI2000002339,Pain Management,West,310,8.86,331.89,0.99,0.22,0.032,0.022,0.033,0.097,0.355,0.3,906623.56,No injected typology,0
NPI2000002340,Radiology,South,111,5.78,283.12,1.52,0.93,0.022,0.066,0.21,0.179,0.198,3.71,276631.22,Upcoding,1
NPI2000002341,DME Supplier,Midwest,542,3.43,684.96,1.21,0.176,0.087,0.268,0.174,0.079,0.311,1.18,1535681.5,No injected typology,0
NPI2000002342,Cardiology,West,190,5.44,244.62,1.23,0.261,0.018,0.101,0.039,0.138,0.414,1.08,312154.02,No injected typology,0
NPI2000002343,Internal Medicine,Northeast,129,7.77,359.89,0.92,0.183,0.012,0.119,0.065,0.063,0.24,1.66,330276.64,No injected typology,0
NPI2000002344,Cardiology,South,450,6.14,518.32,0.98,0.83,0.04,0.029,0.038,0.264,0.135,3.12,1402218.15,Upcoding,1
NPI2000002345,Radiology,South,261,2.8,504.08,1.3,0.283,0.04,0.028,0.024,0.02,0.694,1.15,479900.89,No injected typology,0
NPI2000002346,Internal Medicine,South,638,6.34,617.5,1.18,0.138,0.062,0.527,0.005,0.061,0.092,5.15,2952646.37,Unbundling/modifier abuse,1
NPI2000002347,Oncology,Midwest,171,4.95,1078.26,0.99,0.149,0.017,0.109,0.069,0.204,0.094,0.42,905262.97,No injected typology,0
NPI2000002348,Radiology,South,76,6.38,226.15,0.9,0.265,0.051,0.137,0.044,0.032,0.018,0.35,98234.2,No injected typology,0
NPI2000002349,Orthopedics,West,210,6.02,327.58,1.24,0.269,0.026,0.019,0.14,0.116,0.36,-0.36,511596.66,No injected typology,0
NPI2000002350,Internal Medicine,South,56,5.48,205.17,0.85,0.108,0.061,0.06,0.095,0.039,0.336,-0.78,53410.64,No injected typology,0
NPI2000002351,Pain Management,West,274,7.29,498.06,1.06,0.143,0.03,0.193,0.055,0.195,0.126,0.55,1059061.47,No injected typology,0
NPI2000002352,Oncology,West,174,5.66,212.28,0.93,0.464,0.047,0.301,0.074,0.062,0.498,1.26,194090.39,No injected typology,0
NPI2000002353,Internal Medicine,West,40,4.21,349.07,1.22,0.027,0.056,0.056,0.007,0.234,0.135,-1.61,71752.95,No injected typology,0
NPI2000002354,Cardiology,West,151,5.51,414.2,0.8,0.398,0.054,0.09,0.039,0.04,0.117,-0.03,274067.09,No injected typology,0
NPI2000002355,Internal Medicine,Northeast,94,8.41,407.83,1.1,0.23,0.444,0.166,0.007,0.06,0.487,0.54,353581.05,Duplicate billing,1
NPI2000002356,Radiology,South,53,5.8,287.54,0.78,0.159,0.039,0.048,0.146,0.022,0.175,-0.94,68985.01,No injected typology,0
NPI2000002357,Oncology,South,94,5.2,402.93,0.95,0.12,0.047,0.049,0.003,0.04,0.441,-0.72,186515.64,No injected typology,0
NPI2000002358,DME Supplier,West,98,1.67,581.64,0.7,0.136,0.089,0.036,0.031,0.06,0.052,-1.55,66102.5,No injected typology,0
NPI2000002359,Cardiology,Midwest,174,4.93,333.27,1.02,0.39,0.047,0.011,0.113,0.08,0.199,1.19,291941.95,No injected typology,0
NPI2000002360,Oncology,South,91,5.29,245.81,0.82,0.409,0.057,0.193,0.078,0.051,0.145,-0.68,96719.74,No injected typology,0
NPI2000002361,DME Supplier,South,346,6.95,220.13,0.99,0.394,0.046,0.266,0.151,0.048,0.103,-0.82,525431.17,No injected typology,0
NPI2000002362,Oncology,Midwest,617,4.17,849.3,0.92,0.174,0.032,0.013,0.162,0.089,0.113,-0.76,2016697.98,No injected typology,0
NPI2000002363,Orthopedics,South,230,6.79,717.3,1.34,0.214,0.038,0.241,0.096,0.188,0.409,-0.1,1504558.13,No injected typology,0
NPI2000002364,Internal Medicine,West,98,7.85,661.21,1.2,0.786,0.049,0.154,0.154,0.103,0.15,4.56,611308.45,Upcoding,1
NPI2000002365,Internal Medicine,South,161,4.67,381.35,1.28,0.269,0.038,0.14,0.049,0.022,0.214,1.44,366491.16,No injected typology,0
NPI2000002366,Cardiology,South,163,6.08,227.48,1.15,0.269,0.004,0.046,0.063,0.232,0.211,-0.27,259796.55,No injected typology,0
NPI2000002367,Pain Management,Northeast,96,8.71,412.54,1.12,0.137,0.096,0.041,0.004,0.037,0.108,0.09,387729.65,No injected typology,0
NPI2000002368,Radiology,South,137,6.69,302.5,1.07,0.368,0.048,0.065,0.01,0.15,0.106,1.42,297633.24,No injected typology,0
NPI2000002369,Pain Management,South,354,4.92,974.24,1.24,0.305,0.028,0.106,0.032,0.086,0.112,1.25,2105822.92,No injected typology,0
NPI2000002370,Cardiology,South,100,5.71,143.92,0.85,0.054,0.036,0.229,0.087,0.066,0.542,-0.97,70199.81,No injected typology,0
NPI2000002371,Lab,West,281,9.72,275.69,0.85,0.133,0.056,0.11,0.012,0.036,0.203,-0.69,640956.47,No injected typology,0
NPI2000002372,DME Supplier,Northeast,141,5.51,196.2,1.09,0.153,0.008,0.074,0.029,0.19,0.087,0.01,166108.79,No injected typology,0
NPI2000002373,Home Health,Midwest,89,2.76,530.01,1.05,0.059,0.012,0.167,0.022,0.064,0.017,0.25,136508.62,No injected typology,0
NPI2000002374,Lab,West,137,5.55,302.05,0.64,0.148,0.015,0.139,0.192,0.09,0.106,-1.11,146296.32,No injected typology,0
NPI2000002375,Home Health,South,277,5.44,113.12,1.17,0.168,0.099,0.113,0.052,0.08,0.266,-0.89,199820.75,No injected typology,0
NPI2000002376,Cardiology,Northeast,154,5.27,295.52,1.04,0.065,0.036,0.129,0.029,0.01,0.214,0.09,250123.6,No injected typology,0
NPI2000002377,Oncology,Northeast,114,6.71,527.66,1.09,0.139,0.122,0.036,0.167,0.126,0.102,-0.65,440281.1,No injected typology,0
NPI2000002378,Internal Medicine,South,142,8.29,512.3,1.44,0.403,0.075,0.066,0.005,0.302,0.051,0.25,870611.99,No injected typology,0
NPI2000002379,Internal Medicine,Northeast,88,8.64,354.25,0.87,0.188,0.003,0.216,0.07,0.035,0.458,0.96,233486.27,No injected typology,0
NPI2000002380,Home Health,Midwest,183,8.78,289.47,0.73,0.361,0.062,0.282,0.034,0.202,0.246,-1.27,340695.45,No injected typology,0
NPI2000002381,DME Supplier,Midwest,284,6.9,425.2,0.9,0.092,0.077,0.021,0.009,0.146,0.452,2.04,748974.68,No injected typology,0
NPI2000002382,Cardiology,Midwest,302,5.44,318.17,1.15,0.067,0.004,0.239,0.118,0.083,0.323,-0.45,600065.1,No injected typology,0
NPI2000002383,Radiology,Midwest,487,5.3,217.85,1.04,0.084,0.012,0.266,0.125,0.009,0.102,1.22,586335.89,No injected typology,0
NPI2000002384,Internal Medicine,South,242,4.38,357.14,1.14,0.24,0.05,0.036,0.01,0.142,0.135,-0.63,431923.66,No injected typology,0
NPI2000002385,Pain Management,South,42,7.76,716.0,1.02,0.272,0.038,0.152,0.042,0.147,0.147,0.83,237718.64,No injected typology,0
NPI2000002386,Oncology,West,205,5.32,275.79,1.14,0.017,0.02,0.723,0.015,0.228,0.072,2.4,343691.38,Unbundling/modifier abuse,1
NPI2000002387,Lab,South,70,7.3,339.19,0.71,0.271,0.021,0.198,0.014,0.097,0.02,1.51,122458.64,No injected typology,0
NPI2000002388,Home Health,West,126,6.82,327.16,0.64,0.072,0.146,0.047,0.003,0.019,0.353,1.63,180223.45,No injected typology,0
NPI2000002389,Radiology,Northeast,104,8.04,355.35,0.98,0.032,0.458,0.017,0.049,0.078,0.192,0.92,290346.49,Duplicate billing,1
NPI2000002390,Home Health,Northeast,219,6.04,323.25,0.87,0.039,0.006,0.055,0.018,0.028,0.318,0.47,371730.92,No injected typology,0
NPI2000002391,Cardiology,Northeast,157,7.01,338.7,0.8,0.11,0.032,0.086,0.064,0.181,0.217,-0.26,297027.39,No injected typology,0
NPI2000002392,Lab,Midwest,122,7.95,181.72,1.24,0.169,0.066,0.04,0.005,0.096,0.4,0.95,218858.54,No injected typology,0
NPI2000002393,Home Health,South,169,9.92,272.26,1.33,0.082,0.007,0.222,0.675,0.173,0.218,-0.79,605716.01,Impossible frequency,1
NPI2000002394,DME Supplier,West,62,6.81,986.28,1.42,0.165,0.013,0.145,0.257,0.54,0.362,2.67,592694.65,DME aberrancy,1
NPI2000002395,Oncology,Midwest,89,7.17,457.02,0.55,0.152,0.096,0.209,0.053,0.051,0.457,0.08,160398.73,No injected typology,0
NPI2000002396,DME Supplier,Northeast,233,6.48,379.34,0.74,0.106,0.009,0.014,0.01,0.148,0.222,0.68,422752.5,No injected typology,0
NPI2000002397,Orthopedics,Northeast,485,4.31,210.16,0.88,0.103,0.056,0.03,0.053,0.028,0.058,0.36,385839.46,No injected typology,0
NPI2000002398,Orthopedics,Northeast,113,7.56,258.83,1.16,0.455,0.005,0.271,0.019,0.209,0.4,0.02,256745.2,No injected typology,0
NPI2000002399,DME Supplier,Northeast,350,7.87,401.57,1.02,0.123,0.009,0.048,0.039,0.012,0.347,0.19,1126839.21,No injected typology,0
NPI2000002400,Lab,Midwest,140,4.83,117.65,1.18,0.248,0.017,0.052,0.021,0.112,0.192,-0.85,94028.2,No injected typology,0
NPI2000002401,Lab,Midwest,328,7.84,412.78,1.4,0.028,0.016,0.06,0.037,0.002,0.461,-0.64,1483661.73,No injected typology,0
NPI2000002402,Orthopedics,Midwest,77,4.05,368.14,0.86,0.26,0.043,0.692,0.053,0.093,0.229,3.88,98584.64,Unbundling/modifier abuse,1
NPI2000002403,Pain Management,Northeast,187,6.48,199.39,0.87,0.23,0.028,0.032,0.031,0.21,0.371,-0.47,210423.03,No injected typology,0
NPI2000002404,Internal Medicine,Northeast,325,5.22,617.37,0.83,0.169,0.077,0.053,0.017,0.085,0.197,0.17,872987.09,No injected typology,0
NPI2000002405,Home Health,Northeast,78,6.79,344.95,1.33,0.049,0.133,0.017,0.007,0.079,0.491,-0.04,242761.72,No injected typology,0
NPI2000002406,Lab,South,161,4.46,190.15,0.89,0.302,0.314,0.182,0.252,0.184,0.143,-1.18,122169.23,Duplicate billing,1
NPI2000002407,Internal Medicine,South,90,9.95,221.69,1.07,0.132,0.045,0.034,0.011,0.057,0.167,0.52,212001.3,No injected typology,0
NPI2000002408,Home Health,West,133,5.55,268.21,0.72,0.305,0.009,0.049,0.103,0.026,0.192,-1.7,142123.45,No injected typology,0
NPI2000002409,Internal Medicine,West,198,8.17,172.35,0.76,0.385,0.131,0.012,0.047,0.09,0.303,-0.53,213120.51,No injected typology,0
NPI2000002410,Lab,West,132,8.52,372.85,0.97,0.209,0.049,0.095,0.002,0.016,0.201,-0.12,406028.79,No injected typology,0
NPI2000002411,Radiology,Midwest,108,5.59,831.53,1.02,0.156,0.017,0.165,0.138,0.055,0.384,0.53,514237.59,No injected typology,0
NPI2000002412,Oncology,West,177,6.05,318.35,1.14,0.16,0.016,0.14,0.112,0.038,0.083,-0.64,389277.0,No injected typology,0
NPI2000002413,Cardiology,Midwest,101,7.66,327.54,0.86,0.102,0.015,0.059,0.109,0.091,0.085,1.34,217375.69,No injected typology,0
NPI2000002414,Internal Medicine,South,127,5.77,189.57,1.0,0.277,0.012,0.105,0.074,0.067,0.369,-0.04,138974.3,No injected typology,0
NPI2000002415,DME Supplier,Midwest,101,5.85,265.22,0.84,0.261,0.03,0.097,0.081,0.026,0.179,0.83,131706.02,No injected typology,0
NPI2000002416,Internal Medicine,South,182,4.14,289.5,1.48,0.183,0.07,0.088,0.029,0.21,0.377,-0.46,323764.72,No injected typology,0
NPI2000002417,Lab,West,98,5.19,345.33,1.0,0.309,0.02,0.322,0.153,0.004,0.176,0.17,175155.12,No injected typology,0
NPI2000002418,Cardiology,Northeast,90,5.06,995.98,0.94,0.068,0.045,0.171,0.112,0.109,0.316,-0.04,426078.65,No injected typology,0
NPI2000002419,Internal Medicine,West,88,6.92,303.88,1.31,0.139,0.01,0.097,0.068,0.171,0.118,-0.71,242783.92,No injected typology,0
NPI2000002420,Internal Medicine,South,77,6.95,249.27,0.99,0.105,0.028,0.084,0.104,0.103,0.33,-1.06,132670.81,No injected typology,0
NPI2000002421,Radiology,Northeast,201,4.77,364.0,0.55,0.185,0.038,0.065,0.082,0.084,0.145,0.07,192122.7,No injected typology,0
NPI2000002422,Internal Medicine,South,282,5.38,554.12,0.88,0.199,0.107,0.022,0.039,0.101,0.246,0.05,742138.01,No injected typology,0
NPI2000002423,Orthopedics,West,144,5.66,424.27,1.11,0.357,0.041,0.043,0.068,0.087,0.396,0.26,383031.11,No injected typology,0
NPI2000002424,Internal Medicine,Northeast,76,6.4,152.06,1.09,0.011,0.036,0.117,0.025,0.075,0.202,-1.17,80709.96,No injected typology,0
NPI2000002425,Radiology,Northeast,61,5.56,1137.31,0.93,0.68,0.037,0.127,0.013,0.28,0.188,6.11,359563.22,Upcoding,1
NPI2000002426,Internal Medicine,Northeast,120,4.97,412.37,1.13,0.122,0.015,0.2,0.018,0.127,0.1,-1.47,277939.11,No injected typology,0
NPI2000002427,Internal Medicine,West,123,7.03,208.91,1.21,0.279,0.041,0.181,0.038,0.28,0.149,-1.04,219474.43,No injected typology,0
NPI2000002428,Radiology,Midwest,159,7.04,283.65,0.93,0.201,0.018,0.091,0.045,0.055,0.171,0.2,294757.04,No injected typology,0
NPI2000002429,DME Supplier,Midwest,151,6.05,286.52,1.06,0.396,0.031,0.169,0.278,0.149,0.133,1.28,276623.81,No injected typology,0
NPI2000002430,Internal Medicine,South,219,5.14,422.97,1.18,0.051,0.016,0.157,0.059,0.17,0.239,-0.06,561555.35,No injected typology,0
NPI2000002431,Oncology,Midwest,97,6.0,475.0,0.76,0.12,0.105,0.074,0.008,0.058,0.218,0.11,209138.61,No injected typology,0
NPI2000002432,Orthopedics,Northeast,507,6.73,338.74,1.06,0.18,0.109,0.069,0.057,0.085,0.129,-0.54,1223897.79,No injected typology,0
NPI2000002433,Orthopedics,South,85,5.45,581.36,1.18,0.376,0.02,0.749,0.038,0.198,0.226,3.17,318169.54,Unbundling/modifier abuse,1
NPI2000002434,Radiology,South,130,4.81,226.39,0.85,0.114,0.069,0.073,0.08,0.059,0.368,-0.35,120795.0,No injected typology,0
NPI2000002435,Pain Management,Midwest,142,3.46,324.78,0.83,0.165,0.012,0.259,0.061,0.139,0.352,0.01,132703.07,No injected typology,0
NPI2000002436,Lab,West,98,6.56,526.01,0.99,0.101,0.055,0.026,0.008,0.115,0.15,0.06,334838.9,No injected typology,0
NPI2000002437,DME Supplier,South,43,7.78,279.59,0.55,0.323,0.058,0.191,0.056,0.032,0.276,0.56,51436.99,No injected typology,0
NPI2000002438,Cardiology,Northeast,301,10.66,150.8,0.96,0.086,0.163,0.092,0.038,0.06,0.408,1.13,466214.37,No injected typology,0
NPI2000002439,DME Supplier,South,1200,6.41,470.35,1.07,0.775,0.025,0.078,0.058,0.159,0.4,4.18,3854440.9,Upcoding,1
NPI2000002440,Lab,Midwest,312,6.5,212.64,1.09,0.138,0.007,0.377,0.107,0.104,0.49,-1.22,467841.55,No injected typology,0
NPI2000002441,Cardiology,South,53,6.34,347.73,0.86,0.195,0.019,0.082,0.008,0.017,0.133,0.05,100970.15,No injected typology,0
NPI2000002442,Home Health,South,161,5.1,211.6,1.36,0.101,0.071,0.065,0.027,0.114,0.425,-0.18,236252.78,No injected typology,0
NPI2000002443,DME Supplier,Northeast,137,2.02,336.45,0.99,0.433,0.458,0.141,0.18,0.198,0.412,-0.52,92154.86,Duplicate billing,1
NPI2000002444,Home Health,Midwest,327,7.12,297.17,1.02,0.164,0.003,0.179,0.083,0.079,0.188,0.36,702145.42,No injected typology,0
NPI2000002445,Orthopedics,Midwest,173,6.16,559.25,0.89,0.12,0.057,0.104,0.237,0.081,0.154,-0.87,529499.39,No injected typology,0
NPI2000002446,Cardiology,Northeast,142,5.82,308.2,1.2,0.136,0.026,0.082,0.009,0.109,0.477,-0.14,305676.26,No injected typology,0
NPI2000002447,Home Health,Northeast,99,8.12,217.7,1.33,0.204,0.014,0.058,0.008,0.145,0.149,-2.77,232779.97,No injected typology,0
NPI2000002448,Lab,Midwest,205,9.63,355.48,1.07,0.139,0.017,0.111,0.035,0.059,0.225,-1.98,749342.0,No injected typology,0
NPI2000002449,Pain Management,Northeast,129,4.93,269.83,0.82,0.242,0.01,0.104,0.024,0.153,0.193,0.45,141308.64,No injected typology,0
NPI2000002450,Internal Medicine,Northeast,189,7.1,596.74,0.71,0.122,0.018,0.607,0.001,0.112,0.283,3.99,567156.36,Unbundling/modifier abuse,1
NPI2000002451,Lab,Midwest,202,7.27,96.1,0.77,0.293,0.001,0.157,0.169,0.091,0.05,0.66,108263.34,No injected typology,0
NPI2000002452,DME Supplier,Midwest,163,8.52,358.76,0.95,0.091,0.015,0.084,0.002,0.37,0.142,0.7,472043.48,No injected typology,0
NPI2000002453,Home Health,South,155,5.15,246.08,1.37,0.042,0.047,0.085,0.012,0.062,0.195,1.19,270106.05,No injected typology,0
NPI2000002454,Internal Medicine,South,131,5.64,270.41,1.09,0.935,0.044,0.056,0.045,0.078,0.487,4.03,217894.6,Upcoding,1
NPI2000002455,Radiology,Midwest,153,5.33,532.24,1.11,0.019,0.024,0.036,0.113,0.009,0.217,-1.26,482037.86,No injected typology,0
NPI2000002456,Orthopedics,South,70,5.98,408.22,1.0,0.379,0.02,0.191,0.122,0.143,0.35,0.68,170560.99,No injected typology,0
NPI2000002457,Lab,Midwest,43,8.21,182.54,0.99,0.299,0.026,0.03,0.015,0.108,0.241,-0.21,63599.07,No injected typology,0
NPI2000002458,Cardiology,Midwest,140,3.74,210.21,1.21,0.23,0.005,0.036,0.2,0.106,0.117,0.19,133289.8,No injected typology,0
NPI2000002459,Internal Medicine,Midwest,239,4.04,933.83,0.86,0.398,0.068,0.492,0.154,0.195,0.551,-1.01,778089.08,No injected typology,0
NPI2000002460,Cardiology,Northeast,122,9.46,583.07,1.16,0.087,0.014,0.024,0.02,0.087,0.418,2.34,782279.92,No injected typology,0
NPI2000002461,Radiology,Midwest,99,5.69,527.2,0.66,0.022,0.007,0.095,0.513,0.345,0.469,-0.34,196884.65,Impossible frequency,1
NPI2000002462,Radiology,West,163,4.77,380.76,0.72,0.244,0.02,0.038,0.012,0.117,0.505,-0.07,213638.78,No injected typology,0
NPI2000002463,Lab,South,85,7.64,170.35,1.18,0.075,0.411,0.156,0.034,0.18,0.068,0.57,130215.87,Duplicate billing,1
NPI2000002464,Cardiology,Northeast,86,6.57,286.19,1.0,0.206,0.088,0.162,0.024,0.081,0.172,1.54,161200.55,No injected typology,0
NPI2000002465,DME Supplier,West,122,5.58,433.04,1.19,0.138,0.011,0.217,0.111,0.084,0.079,0.7,349599.53,No injected typology,0
NPI2000002466,Internal Medicine,South,166,6.26,470.7,1.34,0.335,0.036,0.025,0.05,0.024,0.405,2.15,655990.54,No injected typology,0
NPI2000002467,Cardiology,West,155,7.1,416.44,1.01,0.354,0.022,0.033,0.066,0.041,0.176,2.5,462168.39,No injected typology,0
NPI2000002468,Internal Medicine,Northeast,338,5.93,381.25,0.93,0.277,0.01,0.239,0.037,0.128,0.296,-0.74,712731.33,No injected typology,0
NPI2000002469,Home Health,South,129,6.48,832.69,0.77,0.171,0.008,0.08,0.033,0.064,0.106,0.7,533545.08,No injected typology,0
NPI2000002470,Lab,South,64,5.98,234.71,1.28,0.252,0.004,0.055,0.017,0.033,0.412,-0.23,114769.07,No injected typology,0
NPI2000002471,Home Health,Northeast,84,3.56,365.49,1.04,0.28,0.018,0.653,0.052,0.143,0.207,2.24,114108.61,Unbundling/modifier abuse,1
NPI2000002472,Home Health,Midwest,106,7.33,148.86,0.82,0.189,0.01,0.036,0.068,0.033,0.133,0.56,95315.47,No injected typology,0
NPI2000002473,Lab,West,138,8.06,406.34,0.84,0.249,0.01,0.709,0.067,0.116,0.416,4.19,380761.02,Unbundling/modifier abuse,1
NPI2000002474,Orthopedics,West,75,5.87,476.61,0.95,0.324,0.023,0.135,0.129,0.064,0.121,-1.42,200181.4,No injected typology,0
NPI2000002475,DME Supplier,Northeast,216,6.53,573.57,0.71,0.302,0.09,0.133,0.009,0.109,0.175,0.49,572313.06,No injected typology,0
NPI2000002476,Lab,Midwest,213,6.98,157.38,0.88,0.404,0.033,0.093,0.668,0.104,0.013,1.05,207128.57,Impossible frequency,1
NPI2000002477,Internal Medicine,Northeast,97,4.89,319.13,1.41,0.117,0.021,0.056,0.084,0.084,0.161,1.14,212897.82,No injected typology,0
NPI2000002478,Radiology,South,315,6.31,161.3,1.12,0.235,0.051,0.038,0.01,0.299,0.33,-0.68,357811.99,No injected typology,0
NPI2000002479,Internal Medicine,Northeast,145,4.76,269.54,1.24,0.102,0.049,0.192,0.188,0.167,0.291,-1.05,231520.35,No injected typology,0
NPI2000002480,Orthopedics,West,89,5.69,310.61,0.74,0.106,0.03,0.162,0.001,0.163,0.241,0.19,115947.09,No injected typology,0
NPI2000002481,Internal Medicine,South,114,6.97,206.24,1.06,0.35,0.02,0.154,0.079,0.134,0.267,0.3,173836.21,No injected typology,0
NPI2000002482,Pain Management,Northeast,103,2.47,479.78,0.63,0.248,0.052,0.013,0.072,0.196,0.227,0.22,76909.07,No injected typology,0
NPI2000002483,Cardiology,South,289,3.7,258.64,1.27,0.079,0.043,0.061,0.119,0.066,0.115,-1.28,352428.78,No injected typology,0
NPI2000002484,Internal Medicine,Northeast,109,4.0,425.82,1.06,0.071,0.06,0.207,0.041,0.004,0.319,-1.92,195935.31,No injected typology,0
NPI2000002485,Pain Management,West,329,4.73,659.04,1.12,0.147,0.04,0.163,0.012,0.106,0.049,-1.21,1150375.42,No injected typology,0
NPI2000002486,Orthopedics,Northeast,200,7.38,175.3,0.74,0.211,0.015,0.231,0.066,0.03,0.033,1.29,192600.99,No injected typology,0
NPI2000002487,Radiology,South,154,3.83,482.17,0.91,0.124,0.004,0.136,0.009,0.077,0.41,-0.02,258411.61,No injected typology,0
NPI2000002488,Internal Medicine,Northeast,214,6.19,262.04,0.74,0.253,0.045,0.214,0.061,0.077,0.47,-0.39,258301.72,No injected typology,0
NPI2000002489,Home Health,Midwest,140,7.64,368.8,0.96,0.2,0.02,0.052,0.004,0.248,0.102,-1.13,380070.04,No injected typology,0
NPI2000002490,Internal Medicine,Midwest,124,6.89,177.43,0.98,0.098,0.042,0.043,0.012,0.035,0.386,-1.02,149346.1,No injected typology,0
NPI2000002491,Pain Management,West,74,8.52,696.78,1.26,0.402,0.045,0.062,0.101,0.194,0.299,2.44,554314.63,No injected typology,0
NPI2000002492,Internal Medicine,South,282,6.18,192.3,1.37,0.19,0.007,0.241,0.014,0.306,0.168,0.88,459809.42,No injected typology,0
NPI2000002493,Oncology,West,704,5.98,222.04,0.93,0.258,0.023,0.147,0.001,0.299,0.175,0.37,872684.16,No injected typology,0
NPI2000002494,Pain Management,South,87,6.22,351.69,1.03,0.395,0.013,0.034,0.002,0.139,0.176,-0.6,196744.95,No injected typology,0
NPI2000002495,Pain Management,Northeast,163,7.33,499.79,1.18,0.223,0.015,0.517,0.035,0.043,0.154,1.54,702817.37,Unbundling/modifier abuse,1
NPI2000002496,Internal Medicine,South,478,5.2,618.55,0.97,0.341,0.003,0.195,0.046,0.039,0.097,-0.96,1490646.98,No injected typology,0
NPI2000002497,Radiology,Midwest,520,7.03,791.16,1.13,0.166,0.067,0.161,0.13,0.113,0.392,0.61,3256442.27,No injected typology,0
NPI2000002498,Cardiology,Midwest,431,7.47,464.59,1.28,0.064,0.089,0.03,0.055,0.147,0.17,-0.26,1910713.67,No injected typology,0
NPI2000002499,Pain Management,Northeast,156,6.71,406.26,0.9,0.092,0.04,0.038,0.012,0.09,0.173,1.29,382098.58,No injected typology,0
NPI2000002500,Radiology,South,372,4.58,277.09,0.73,0.052,0.017,0.039,0.029,0.013,0.211,0.73,345721.25,No injected typology,0
NPI2000002501,Radiology,Midwest,172,7.69,500.51,0.59,0.224,0.011,0.024,0.018,0.039,0.046,-0.13,393895.18,No injected typology,0
NPI2000002502,Orthopedics,Northeast,89,9.31,120.44,1.04,0.061,0.042,0.014,0.035,0.193,0.122,1.63,103366.85,No injected typology,0
NPI2000002503,Internal Medicine,Northeast,200,8.52,152.8,0.91,0.263,0.042,0.086,0.053,0.022,0.645,0.39,237092.94,No injected typology,0
NPI2000002504,Oncology,South,215,5.55,443.16,1.43,0.146,0.039,0.145,0.193,0.281,0.264,1.56,754692.6,No injected typology,0
NPI2000002505,Cardiology,West,404,5.53,438.65,0.87,0.188,0.095,0.069,0.119,0.047,0.326,0.84,850793.13,No injected typology,0
NPI2000002506,Internal Medicine,Northeast,117,6.35,527.23,0.56,0.099,0.067,0.096,0.143,0.07,0.215,0.4,219319.53,No injected typology,0
NPI2000002507,Home Health,Midwest,97,5.92,175.27,0.95,0.17,0.059,0.083,0.1,0.054,0.104,0.13,95706.51,No injected typology,0
NPI2000002508,Lab,South,204,7.21,726.67,1.52,0.175,0.152,0.163,0.028,0.221,0.199,1.11,1624617.5,No injected typology,0
NPI2000002509,Internal Medicine,South,236,8.68,235.33,0.75,0.381,0.02,0.058,0.066,0.02,0.33,-0.84,361574.75,No injected typology,0
NPI2000002510,Internal Medicine,South,455,7.91,328.14,1.19,0.076,0.03,0.196,0.035,0.248,0.107,-0.17,1406413.98,No injected typology,0
NPI2000002511,Home Health,South,206,7.83,426.7,0.96,0.02,0.017,0.189,0.026,0.05,0.245,0.61,657408.79,No injected typology,0
NPI2000002512,DME Supplier,West,122,7.24,379.26,1.11,0.133,0.038,0.144,0.279,0.082,0.292,-0.35,370436.89,No injected typology,0
NPI2000002513,Cardiology,Midwest,168,4.89,243.04,0.87,0.083,0.017,0.06,0.078,0.091,0.146,0.63,172870.54,No injected typology,0
NPI2000002514,Cardiology,South,940,4.91,447.95,1.19,0.341,0.029,0.207,0.147,0.128,0.329,0.77,2462235.55,No injected typology,0
NPI2000002515,Radiology,South,52,6.94,166.31,0.92,0.209,0.047,0.17,0.005,0.011,0.123,-0.42,55214.19,No injected typology,0
NPI2000002516,Internal Medicine,Northeast,162,7.2,368.77,1.0,0.128,0.016,0.115,0.004,0.046,0.386,0.22,430284.54,No injected typology,0
NPI2000002517,Cardiology,South,463,6.6,646.44,0.95,0.153,0.054,0.1,0.009,0.109,0.478,2.07,1880228.21,No injected typology,0
NPI2000002518,Orthopedics,Midwest,182,7.06,508.96,1.11,0.217,0.005,0.087,0.018,0.114,0.478,-1.07,725410.49,No injected typology,0
NPI2000002519,Radiology,Midwest,96,5.86,457.86,1.24,0.224,0.016,0.097,0.065,0.086,0.61,1.63,318497.86,No injected typology,0
NPI2000002520,Cardiology,West,116,5.35,222.75,0.88,0.165,0.117,0.743,0.07,0.249,0.302,3.77,121518.36,Unbundling/modifier abuse,1
NPI2000002521,Internal Medicine,West,266,7.24,1100.64,1.27,0.104,0.301,0.077,0.117,0.113,0.108,0.99,2682088.66,Duplicate billing,1
NPI2000002522,Radiology,Northeast,92,6.22,511.83,1.2,0.204,0.013,0.15,0.066,0.139,0.468,0.41,352337.55,No injected typology,0
NPI2000002523,Home Health,West,191,5.58,513.68,0.87,0.403,0.002,0.216,0.022,0.029,0.285,-1.04,475906.95,No injected typology,0
NPI2000002524,Internal Medicine,South,169,5.89,152.8,1.23,0.022,0.107,0.061,0.009,0.111,0.395,-1.63,187105.89,No injected typology,0
NPI2000002525,Radiology,Midwest,244,6.17,374.58,0.94,0.124,0.027,0.001,0.084,0.194,0.104,-0.23,530472.48,No injected typology,0
NPI2000002526,Home Health,Midwest,267,7.26,767.13,1.27,0.11,0.025,0.151,0.041,0.11,0.13,0.33,1894001.75,No injected typology,0
NPI2000002527,Orthopedics,Midwest,270,5.7,249.48,0.7,0.072,0.015,0.107,0.056,0.124,0.263,-0.66,266766.8,No injected typology,0
NPI2000002528,DME Supplier,West,193,5.24,882.98,0.67,0.239,0.009,0.057,0.137,0.03,0.178,0.93,602807.76,No injected typology,0
NPI2000002529,Pain Management,Midwest,257,5.5,266.38,1.44,0.205,0.096,0.015,0.088,0.06,0.294,0.85,540388.32,No injected typology,0
NPI2000002530,Radiology,South,159,7.55,628.31,0.96,0.108,0.056,0.064,0.046,0.237,0.305,-0.09,726441.6,No injected typology,0
NPI2000002531,Oncology,South,96,6.76,483.34,0.91,0.093,0.091,0.211,0.056,0.058,0.658,-0.86,285959.28,No injected typology,0
NPI2000002532,Orthopedics,Northeast,155,8.34,565.67,0.74,0.358,0.013,0.096,0.015,0.09,0.445,-0.25,539668.85,No injected typology,0
NPI2000002533,Internal Medicine,Northeast,232,3.65,452.25,1.33,0.22,0.098,0.068,0.071,0.055,0.158,0.69,508038.32,No injected typology,0
NPI2000002534,Orthopedics,South,292,7.44,478.58,1.02,0.169,0.02,0.048,0.062,0.128,0.068,1.27,1059970.17,No injected typology,0
NPI2000002535,DME Supplier,Midwest,502,6.56,354.4,1.11,0.304,0.052,0.021,0.104,0.067,0.252,1.75,1292899.24,No injected typology,0
NPI2000002536,Cardiology,West,134,7.6,137.24,0.78,0.082,0.016,0.077,0.033,0.265,0.384,-0.6,109312.27,No injected typology,0
NPI2000002537,Internal Medicine,West,90,3.74,348.9,0.97,0.087,0.335,0.052,0.003,0.046,0.3,-0.37,113794.54,Duplicate billing,1
NPI2000002538,Cardiology,Northeast,90,7.34,362.66,0.79,0.075,0.082,0.022,0.102,0.071,0.142,-0.64,188162.28,No injected typology,0
NPI2000002539,Lab,Midwest,188,4.94,670.94,0.65,0.187,0.042,0.1,0.009,0.328,0.302,0.65,403923.62,No injected typology,0
NPI2000002540,Radiology,Midwest,49,7.47,212.1,0.82,0.285,0.007,0.119,0.076,0.169,0.25,0.26,63707.41,No injected typology,0
NPI2000002541,Internal Medicine,West,70,9.61,267.6,1.22,0.122,0.107,0.284,0.011,0.046,0.225,1.77,218949.84,No injected typology,0
NPI2000002542,Cardiology,Midwest,190,6.61,324.28,0.88,0.091,0.03,0.188,0.017,0.039,0.129,-0.07,358611.7,No injected typology,0
NPI2000002543,Cardiology,Midwest,195,4.51,340.26,0.94,0.109,0.025,0.431,0.013,0.149,0.223,0.99,279964.72,No injected typology,0
NPI2000002544,Internal Medicine,South,65,7.02,164.98,1.43,0.136,0.04,0.244,0.051,0.073,0.16,-0.21,107349.85,No injected typology,0
NPI2000002545,Lab,West,238,4.91,491.85,1.3,0.024,0.03,0.129,0.105,0.182,0.077,1.37,745721.68,No injected typology,0
NPI2000002546,Cardiology,Midwest,171,6.37,721.62,1.27,0.188,0.011,0.044,0.051,0.213,0.328,-1.98,1001702.35,No injected typology,0
NPI2000002547,DME Supplier,West,256,6.29,471.87,1.15,0.071,0.003,0.11,0.003,0.21,0.512,0.8,870405.67,No injected typology,0
NPI2000002548,Orthopedics,South,309,6.11,320.1,1.37,0.21,0.053,0.048,0.067,0.124,0.189,-1.26,824592.18,No injected typology,0
NPI2000002549,Internal Medicine,West,151,5.98,772.39,1.14,0.476,0.015,0.657,0.017,0.262,0.649,3.14,793326.39,Unbundling/modifier abuse,1
NPI2000002550,Internal Medicine,South,167,9.62,619.29,1.14,0.064,0.072,0.032,0.086,0.075,0.019,-0.14,1136825.08,No injected typology,0
NPI2000002551,Home Health,South,219,6.99,584.6,0.88,0.044,0.049,0.141,0.019,0.092,0.058,-0.95,783360.87,No injected typology,0
NPI2000002552,Home Health,Northeast,87,4.59,972.53,1.27,0.154,0.015,0.849,0.01,0.119,0.134,5.32,491592.54,Unbundling/modifier abuse,1
NPI2000002553,Pain Management,South,227,8.43,229.67,1.03,0.109,0.025,0.141,0.005,0.056,0.031,-1.05,453282.89,No injected typology,0
NPI2000002554,Internal Medicine,Midwest,65,5.19,195.65,1.15,0.301,0.033,0.068,0.015,0.115,0.455,0.68,75960.58,No injected typology,0
NPI2000002555,Orthopedics,Northeast,319,7.19,210.99,1.13,0.136,0.037,0.23,0.011,0.065,0.321,-1.3,548461.42,No injected typology,0
NPI2000002556,Pain Management,West,229,7.01,410.19,1.04,0.026,0.02,0.157,0.024,0.058,0.26,1.31,687541.68,No injected typology,0
NPI2000002557,Cardiology,Northeast,110,6.29,478.74,0.64,0.079,0.036,0.081,0.014,0.073,0.207,1.34,212247.01,No injected typology,0
NPI2000002558,DME Supplier,Midwest,165,6.93,255.07,1.0,0.045,0.004,0.029,0.004,0.071,0.333,-1.52,293023.78,No injected typology,0
NPI2000002559,Lab,South,118,5.13,469.08,1.36,0.116,0.05,0.044,0.001,0.209,0.091,1.55,386390.06,No injected typology,0
NPI2000002560,Internal Medicine,West,205,5.89,174.44,0.55,0.188,0.019,0.039,0.09,0.197,0.2,-1.13,115805.58,No injected typology,0
NPI2000002561,Oncology,South,350,6.46,221.84,0.73,0.097,0.016,0.182,0.003,0.386,0.025,0.64,364841.74,No injected typology,0
NPI2000002562,Pain Management,Northeast,143,6.28,848.25,0.8,0.04,0.009,0.154,0.013,0.058,0.501,1.05,606295.52,No injected typology,0
NPI2000002563,Oncology,South,195,8.43,134.31,0.63,0.155,0.04,0.123,0.021,0.025,0.08,0.76,138740.08,No injected typology,0
NPI2000002564,Oncology,West,344,7.02,264.72,0.55,0.125,0.007,0.056,0.009,0.345,0.131,-1.15,351536.57,No injected typology,0
NPI2000002565,Internal Medicine,South,157,6.45,240.08,0.97,0.481,0.026,0.138,0.005,0.116,0.458,-0.65,236645.61,No injected typology,0
NPI2000002566,Home Health,South,291,5.63,222.43,1.1,0.137,0.014,0.111,0.045,0.012,0.22,0.17,401477.76,No injected typology,0
NPI2000002567,Cardiology,Midwest,106,5.63,447.23,1.37,0.06,0.061,0.157,0.093,0.042,0.381,0.2,364788.71,No injected typology,0
NPI2000002568,Home Health,Midwest,143,6.3,402.86,1.45,0.263,0.04,0.076,0.016,0.147,0.276,0.74,525211.88,No injected typology,0
NPI2000002569,Lab,West,270,7.67,595.72,1.14,0.173,0.018,0.351,0.089,0.053,0.322,0.45,1410555.04,No injected typology,0
NPI2000002570,Pain Management,Northeast,344,6.67,309.71,0.73,0.211,0.023,0.23,0.023,0.03,0.345,0.52,521145.41,No injected typology,0
NPI2000002571,Home Health,South,80,5.16,430.88,1.13,0.155,0.039,0.024,0.028,0.168,0.127,-0.31,200624.36,No injected typology,0
NPI2000002572,Home Health,Midwest,157,6.33,143.3,1.18,0.554,0.007,0.062,0.032,0.034,0.239,-0.37,168454.73,No injected typology,0
NPI2000002573,Internal Medicine,Northeast,368,6.06,471.62,1.05,0.147,0.031,0.192,0.087,0.1,0.218,-0.35,1110177.83,No injected typology,0
NPI2000002574,Orthopedics,Northeast,209,6.66,544.12,1.13,0.099,0.108,0.12,0.15,0.243,0.34,-0.65,852548.64,No injected typology,0
NPI2000002575,Cardiology,Northeast,103,5.83,462.25,0.96,0.209,0.019,0.279,0.069,0.098,0.055,-0.55,267023.19,No injected typology,0
NPI2000002576,Pain Management,West,208,4.0,301.72,1.58,0.112,0.009,0.209,0.003,0.052,0.021,0.57,396103.68,No injected typology,0
NPI2000002577,Radiology,West,122,7.72,469.4,1.07,0.16,0.068,0.141,0.02,0.016,0.345,0.82,471307.09,No injected typology,0
NPI2000002578,Internal Medicine,West,363,9.22,240.9,0.79,0.378,0.058,0.2,0.169,0.108,0.188,-0.4,635555.34,No injected typology,0
NPI2000002579,DME Supplier,West,103,5.8,247.28,1.02,0.159,0.041,0.343,0.028,0.114,0.128,1.02,150252.01,No injected typology,0
NPI2000002580,Pain Management,Northeast,89,7.08,329.8,1.36,0.309,0.022,0.078,0.015,0.089,0.192,-0.33,282852.09,No injected typology,0
NPI2000002581,Orthopedics,West,179,4.91,466.36,0.77,0.132,0.006,0.081,0.044,0.04,0.575,-0.07,314154.1,No injected typology,0
NPI2000002582,Lab,Midwest,164,7.79,595.33,0.85,0.084,0.02,0.179,0.23,0.004,0.533,-2.78,649668.7,No injected typology,0
NPI2000002583,Orthopedics,Northeast,164,7.07,323.48,0.89,0.177,0.028,0.072,0.096,0.193,0.513,1.64,334724.9,No injected typology,0
NPI2000002584,Radiology,Midwest,98,6.38,740.01,0.95,0.809,0.027,0.558,0.003,0.118,0.15,8.1,438787.65,Upcoding,1
NPI2000002585,Internal Medicine,Midwest,257,4.72,364.58,1.53,0.06,0.05,0.021,0.062,0.104,0.035,-0.1,678633.68,No injected typology,0
NPI2000002586,Pain Management,West,150,5.61,236.11,1.21,0.111,0.022,0.132,0.006,0.058,0.132,1.05,240229.39,No injected typology,0
NPI2000002587,Internal Medicine,West,86,5.26,200.45,0.85,0.251,0.039,0.156,0.027,0.108,0.191,-0.99,76695.87,No injected typology,0
NPI2000002588,Lab,Northeast,1036,6.13,785.49,0.73,0.211,0.046,0.092,0.04,0.09,0.061,-0.08,3625713.37,No injected typology,0
NPI2000002589,Home Health,West,229,7.98,919.29,1.02,0.162,0.007,0.592,0.007,0.159,0.303,3.19,1718435.17,Unbundling/modifier abuse,1
NPI2000002590,Cardiology,South,122,8.69,600.98,1.08,0.128,0.002,0.197,0.197,0.185,0.156,-0.0,685682.63,No injected typology,0
NPI2000002591,Orthopedics,West,280,5.1,212.03,0.84,0.22,0.008,0.037,0.001,0.015,0.252,-1.82,255344.35,No injected typology,0
NPI2000002592,Internal Medicine,South,95,7.9,557.52,1.2,0.37,0.021,0.062,0.157,0.044,0.428,2.76,502193.16,No injected typology,0
NPI2000002593,Lab,Midwest,341,1.79,576.31,1.1,0.082,0.013,0.027,0.155,0.16,0.229,0.37,389330.2,No injected typology,0
NPI2000002594,Lab,South,388,8.37,222.32,1.01,0.399,0.028,0.224,0.05,0.169,0.272,-1.38,730341.97,No injected typology,0
NPI2000002595,Lab,West,260,7.14,425.93,1.19,0.098,0.037,0.048,0.169,0.104,0.251,-0.59,942905.77,No injected typology,0
NPI2000002596,Home Health,Northeast,301,4.64,239.65,1.24,0.134,0.026,0.066,0.005,0.256,0.483,-1.06,413303.93,No injected typology,0
NPI2000002597,Cardiology,West,331,4.53,578.71,1.21,0.324,0.064,0.103,0.27,0.027,0.25,1.4,1046263.85,No injected typology,0
NPI2000002598,Pain Management,South,589,2.92,355.09,0.83,0.202,0.026,0.071,0.011,0.013,0.395,-0.44,507610.48,No injected typology,0
NPI2000002599,Home Health,Northeast,1200,7.43,315.65,1.12,0.185,0.133,0.017,0.006,0.107,0.259,0.27,3161526.84,No injected typology,0
NPI2000002600,Orthopedics,West,43,7.52,239.96,1.27,0.096,0.047,0.048,0.057,0.032,0.094,-1.53,98527.23,No injected typology,0
NPI2000002601,Internal Medicine,West,265,4.57,142.96,1.22,0.164,0.04,0.127,0.017,0.193,0.254,1.09,211454.98,No injected typology,0
NPI2000002602,DME Supplier,Midwest,170,7.58,455.11,1.07,0.308,0.025,0.032,0.081,0.358,0.44,4.77,629961.27,DME aberrancy,1
NPI2000002603,Internal Medicine,Midwest,515,3.8,212.23,1.26,0.19,0.029,0.045,0.007,0.113,0.109,-0.55,522054.3,No injected typology,0
NPI2000002604,Cardiology,Midwest,200,7.37,419.72,0.9,0.019,0.014,0.087,0.151,0.152,0.421,-0.11,557649.79,No injected typology,0
NPI2000002605,Lab,Midwest,244,6.43,288.62,1.17,0.033,0.043,0.1,0.04,0.073,0.182,-0.67,530635.94,No injected typology,0
NPI2000002606,Home Health,South,141,4.3,157.97,0.79,0.116,0.026,0.222,0.023,0.185,0.239,0.72,75597.37,No injected typology,0
NPI2000002607,Radiology,West,349,6.69,395.03,0.97,0.057,0.067,0.112,0.033,0.105,0.357,-1.38,891377.55,No injected typology,0
NPI2000002608,Home Health,Northeast,283,5.39,247.96,0.87,0.217,0.017,0.107,0.014,0.057,0.049,-0.43,328949.62,No injected typology,0
NPI2000002609,Home Health,Northeast,192,2.98,407.71,0.86,0.297,0.094,0.53,0.171,0.053,0.213,2.5,201502.4,Unbundling/modifier abuse,1
NPI2000002610,Cardiology,Northeast,523,7.31,329.29,1.19,0.302,0.015,0.109,0.08,0.076,0.104,-1.92,1496403.58,No injected typology,0
NPI2000002611,Radiology,West,614,5.53,201.2,1.39,0.069,0.072,0.269,0.003,0.178,0.298,0.42,952715.05,No injected typology,0
NPI2000002612,Internal Medicine,Northeast,246,3.75,272.4,1.13,0.205,0.013,0.126,0.018,0.039,0.194,-1.69,283939.89,No injected typology,0
NPI2000002613,Internal Medicine,Midwest,167,6.61,219.59,1.05,0.082,0.028,0.091,0.033,0.121,0.28,-0.06,253548.63,No injected typology,0
NPI2000002614,Orthopedics,Northeast,122,7.45,520.08,0.88,0.044,0.003,0.08,0.016,0.09,0.236,-1.98,414769.35,No injected typology,0
NPI2000002615,Internal Medicine,Midwest,675,4.82,277.01,0.98,0.509,0.002,0.148,0.163,0.055,0.287,-0.4,886001.25,No injected typology,0
NPI2000002616,Home Health,Northeast,108,6.36,181.53,1.1,0.212,0.02,0.003,0.026,0.081,0.14,-0.13,137453.73,No injected typology,0
NPI2000002617,Cardiology,Northeast,229,8.63,915.11,0.73,0.127,0.043,0.06,0.05,0.072,0.219,0.48,1315799.95,No injected typology,0
NPI2000002618,Internal Medicine,West,113,6.81,351.71,1.08,0.184,0.039,0.094,0.003,0.068,0.41,-0.3,292017.58,No injected typology,0
NPI2000002619,Radiology,South,110,6.11,332.18,0.74,0.289,0.037,0.34,0.117,0.049,0.24,-0.34,165674.98,No injected typology,0
NPI2000002620,Oncology,South,108,4.94,667.67,1.11,0.406,0.01,0.283,0.153,0.334,0.301,0.58,395636.11,No injected typology,0
NPI2000002621,Radiology,Midwest,442,8.17,141.93,1.15,0.305,0.016,0.033,0.071,0.135,0.252,-1.1,589100.98,No injected typology,0
NPI2000002622,Oncology,Midwest,137,6.68,303.34,1.31,0.071,0.034,0.059,0.016,0.045,0.231,0.93,363417.87,No injected typology,0
NPI2000002623,Radiology,Northeast,62,6.91,298.79,0.96,0.198,0.192,0.013,0.009,0.025,0.095,-0.99,122495.29,No injected typology,0
NPI2000002624,Oncology,Midwest,92,6.28,199.87,1.11,0.23,0.038,0.156,0.094,0.149,0.224,0.35,128087.76,No injected typology,0
NPI2000002625,Home Health,West,73,6.14,538.62,1.04,0.013,0.039,0.043,0.024,0.035,0.291,0.38,252266.35,No injected typology,0
NPI2000002626,Radiology,Midwest,133,5.74,444.99,1.29,0.115,0.029,0.149,0.053,0.021,0.171,-0.23,439427.95,No injected typology,0
NPI2000002627,Radiology,Midwest,125,4.6,225.29,0.95,0.149,0.018,0.103,0.061,0.021,0.333,0.71,122715.76,No injected typology,0
NPI2000002628,Internal Medicine,Northeast,422,6.75,351.52,0.96,0.202,0.055,0.048,0.058,0.086,0.484,1.04,961657.75,No injected typology,0
NPI2000002629,Cardiology,South,98,7.13,303.23,0.81,0.155,0.003,0.076,0.043,0.141,0.103,1.14,171186.4,No injected typology,0
NPI2000002630,Home Health,Northeast,85,7.55,511.99,1.19,0.524,0.067,0.121,0.064,0.007,0.163,-1.02,390912.63,No injected typology,0
NPI2000002631,Orthopedics,Northeast,194,6.57,283.97,1.09,0.495,0.021,0.065,0.048,0.125,0.253,-0.82,394632.24,No injected typology,0
NPI2000002632,Lab,Northeast,536,6.56,406.26,1.05,0.49,0.035,0.112,0.003,0.137,0.472,-0.45,1501963.69,No injected typology,0
NPI2000002633,Internal Medicine,South,138,7.48,451.12,0.91,0.295,0.064,0.175,0.103,0.12,0.18,-1.07,425703.37,No injected typology,0
NPI2000002634,Internal Medicine,Northeast,110,5.31,400.07,0.98,0.225,0.046,0.077,0.094,0.048,0.406,-0.55,228147.92,No injected typology,0
NPI2000002635,Orthopedics,South,397,4.22,521.58,1.14,0.288,0.007,0.219,0.027,0.096,0.371,0.35,999407.83,No injected typology,0
NPI2000002636,Orthopedics,South,61,5.87,334.73,0.84,0.057,0.071,0.063,0.029,0.109,0.417,-0.95,100733.0,No injected typology,0
NPI2000002637,Lab,West,167,5.41,207.25,0.94,0.305,0.139,0.217,0.018,0.036,0.233,0.54,176123.24,No injected typology,0
NPI2000002638,Internal Medicine,Midwest,132,5.7,588.63,1.12,0.107,0.049,0.121,0.003,0.065,0.307,1.17,495917.29,No injected typology,0
NPI2000002639,Lab,South,251,6.32,243.11,0.86,0.094,0.001,0.068,0.063,0.086,0.463,-0.19,330810.12,No injected typology,0
NPI2000002640,Oncology,West,226,5.28,439.34,1.48,0.255,0.063,0.076,0.083,0.015,0.193,0.47,777054.52,No injected typology,0
NPI2000002641,Internal Medicine,South,154,5.79,259.96,0.71,0.051,0.023,0.077,0.033,0.116,0.242,1.62,165182.13,No injected typology,0
NPI2000002642,Oncology,South,136,5.79,239.01,1.17,0.092,0.004,0.07,0.011,0.039,0.276,0.5,220887.66,No injected typology,0
NPI2000002643,Home Health,Northeast,174,5.32,353.37,0.78,0.186,0.047,0.316,0.126,0.011,0.123,-0.32,255958.5,No injected typology,0
NPI2000002644,Internal Medicine,West,139,6.69,324.54,0.97,0.05,0.026,0.066,0.015,0.31,0.317,-0.33,292191.72,No injected typology,0
NPI2000002645,Lab,Midwest,122,7.16,212.81,1.35,0.073,0.002,0.059,0.046,0.34,0.345,0.27,251607.88,No injected typology,0
NPI2000002646,Internal Medicine,South,174,7.98,722.07,1.64,0.173,0.071,0.761,0.084,0.042,0.152,2.38,1642459.5,Unbundling/modifier abuse,1
NPI2000002647,Orthopedics,South,188,6.76,482.9,0.64,0.089,0.105,0.128,0.089,0.169,0.556,0.49,395215.49,No injected typology,0
NPI2000002648,Cardiology,Midwest,472,8.55,269.0,1.12,0.037,0.022,0.061,0.055,0.097,0.192,2.45,1218492.77,No injected typology,0
NPI2000002649,Orthopedics,West,217,5.54,918.86,1.48,0.117,0.055,0.054,0.063,0.196,0.088,1.64,1637507.94,No injected typology,0
NPI2000002650,Internal Medicine,South,98,7.34,342.09,1.04,0.086,0.1,0.178,0.02,0.085,0.092,-0.23,256201.41,No injected typology,0
NPI2000002651,Orthopedics,South,198,8.18,338.66,1.11,0.21,0.021,0.07,0.041,0.241,0.027,0.64,611518.3,No injected typology,0
NPI2000002652,DME Supplier,South,113,8.96,388.76,0.8,0.391,0.04,0.198,0.1,0.05,0.301,-1.17,316640.49,No injected typology,0
NPI2000002653,Pain Management,South,491,5.75,409.11,0.99,0.305,0.012,0.229,0.032,0.192,0.205,0.69,1147284.71,No injected typology,0
NPI2000002654,DME Supplier,South,210,6.47,366.69,1.15,0.203,0.014,0.031,0.111,0.039,0.127,0.22,571442.64,No injected typology,0
NPI2000002655,Lab,Midwest,117,7.09,635.15,0.83,0.249,0.021,0.237,0.153,0.211,0.346,-0.24,439343.94,No injected typology,0
NPI2000002656,Lab,Midwest,94,7.12,561.15,0.95,0.042,0.002,0.089,0.069,0.129,0.499,-0.36,356741.52,No injected typology,0
NPI2000002657,Internal Medicine,Northeast,256,7.09,156.97,1.27,0.213,0.014,0.034,0.182,0.036,0.263,-0.2,361728.48,No injected typology,0
NPI2000002658,Radiology,South,101,6.07,638.37,1.23,0.115,0.031,0.581,0.038,0.056,0.405,5.28,480508.36,Unbundling/modifier abuse,1
NPI2000002659,Radiology,West,80,5.92,343.35,0.55,0.143,0.067,0.21,0.067,0.27,0.105,0.36,89442.72,No injected typology,0
NPI2000002660,Lab,West,158,4.19,209.11,1.14,0.247,0.012,0.158,0.039,0.063,0.321,-0.07,157771.72,No injected typology,0
NPI2000002661,Orthopedics,Northeast,100,6.67,476.11,0.69,0.221,0.079,0.019,0.044,0.046,0.38,0.95,218299.62,No injected typology,0
NPI2000002662,Oncology,South,166,6.78,523.6,1.0,0.227,0.014,0.202,0.098,0.29,0.031,0.03,592293.9,No injected typology,0
NPI2000002663,DME Supplier,Northeast,202,7.45,117.68,0.86,0.152,0.03,0.121,0.258,0.086,0.535,-0.78,151876.29,No injected typology,0
NPI2000002664,Pain Management,South,491,3.39,450.98,1.05,0.27,0.056,0.221,0.077,0.18,0.461,-0.48,787335.51,No injected typology,0
NPI2000002665,Pain Management,West,400,9.01,361.01,0.85,0.707,0.037,0.262,0.001,0.036,0.089,2.87,1110119.02,Upcoding,1
NPI2000002666,Orthopedics,South,363,3.11,339.71,1.37,0.034,0.04,0.068,0.041,0.224,0.214,0.34,522883.41,No injected typology,0
NPI2000002667,Home Health,Northeast,110,4.63,616.88,0.82,0.119,0.001,0.076,0.15,0.197,0.171,0.61,259055.81,No injected typology,0
NPI2000002668,DME Supplier,South,232,5.16,409.91,0.88,1.0,0.024,0.062,0.026,0.158,0.414,2.79,430653.28,Upcoding,1
NPI2000002669,Lab,West,95,5.95,382.39,1.12,0.139,0.027,0.177,0.075,0.126,0.357,0.2,242535.42,No injected typology,0
NPI2000002670,Pain Management,South,123,8.22,350.93,0.93,0.336,0.061,0.121,0.07,0.005,0.169,0.84,329899.48,No injected typology,0
NPI2000002671,Internal Medicine,South,119,5.55,425.38,1.23,0.109,0.05,0.2,0.085,0.163,0.291,-0.04,344396.49,No injected typology,0
NPI2000002672,Internal Medicine,South,82,8.81,732.78,1.04,0.029,0.025,0.098,0.025,0.041,0.579,1.8,548854.24,No injected typology,0
NPI2000002673,Orthopedics,Northeast,50,4.89,212.41,1.32,0.194,0.266,0.12,0.16,0.131,0.362,-0.36,68570.44,Duplicate billing,1
NPI2000002674,Pain Management,Midwest,283,8.77,351.17,0.8,0.058,0.03,0.211,0.067,0.19,0.581,-1.37,698839.23,No injected typology,0
NPI2000002675,Lab,South,173,5.5,199.39,1.14,0.076,0.014,0.118,0.058,0.157,0.201,-0.05,215575.65,No injected typology,0
NPI2000002676,DME Supplier,Northeast,102,4.66,328.01,1.16,0.078,0.004,0.049,0.032,0.047,0.081,-0.47,180178.72,No injected typology,0
NPI2000002677,Internal Medicine,Northeast,195,3.91,193.55,1.42,0.103,0.052,0.051,0.687,0.203,0.138,-0.62,209803.93,Impossible frequency,1
NPI2000002678,Cardiology,West,142,7.13,312.03,1.34,0.494,0.049,0.048,0.025,0.061,0.095,-1.15,423685.67,No injected typology,0
NPI2000002679,DME Supplier,Midwest,261,5.46,186.42,0.82,0.278,0.017,0.03,0.012,0.155,0.252,-1.08,217029.72,No injected typology,0
NPI2000002680,Radiology,Midwest,133,4.83,344.04,0.9,0.193,0.01,0.153,0.114,0.133,0.438,0.69,198466.54,No injected typology,0
NPI2000002681,Radiology,Northeast,226,4.11,565.82,0.65,0.286,0.003,0.092,0.065,0.053,0.265,0.84,342017.27,No injected typology,0
NPI2000002682,Home Health,Northeast,40,6.12,815.44,1.04,0.612,0.06,0.064,0.003,0.196,0.319,0.28,207232.17,No injected typology,0
NPI2000002683,Cardiology,South,534,5.98,172.02,1.03,0.175,0.0,0.019,0.015,0.082,0.497,0.02,566796.39,No injected typology,0
NPI2000002684,DME Supplier,South,258,7.06,774.65,1.2,0.162,0.039,0.033,0.002,0.153,0.13,0.41,1688787.49,No injected typology,0
NPI2000002685,Cardiology,Midwest,113,8.09,447.82,0.74,0.274,0.038,0.136,0.023,0.053,0.489,1.28,302469.81,No injected typology,0
NPI2000002686,Internal Medicine,South,80,5.12,132.87,0.82,0.177,0.054,0.009,0.105,0.076,0.303,-0.65,44574.32,No injected typology,0
NPI2000002687,Radiology,Northeast,42,5.51,430.3,1.15,0.427,0.06,0.224,0.044,0.047,0.409,0.6,114200.2,No injected typology,0
NPI2000002688,Home Health,South,123,5.19,520.54,1.08,0.18,0.021,0.066,0.101,0.072,0.158,0.49,360322.71,No injected typology,0
NPI2000002689,Oncology,Northeast,108,5.49,196.0,1.52,0.167,0.045,0.02,0.078,0.048,0.569,-0.49,176509.86,No injected typology,0
NPI2000002690,Radiology,Midwest,135,7.76,230.97,1.29,0.052,0.049,0.007,0.09,0.106,0.254,1.03,311397.36,No injected typology,0
NPI2000002691,Cardiology,Midwest,134,8.91,265.23,0.99,0.619,0.03,0.194,0.047,0.238,0.48,-1.04,312369.73,No injected typology,0
NPI2000002692,Internal Medicine,Midwest,169,6.17,802.67,0.63,0.155,0.032,0.061,0.036,0.06,0.385,0.73,526116.31,No injected typology,0
NPI2000002693,Pain Management,Midwest,53,6.6,668.21,0.93,0.27,0.042,0.88,0.033,0.069,0.42,3.37,217392.92,Unbundling/modifier abuse,1
NPI2000002694,Orthopedics,South,53,3.78,450.99,0.87,0.374,0.022,0.11,0.118,0.075,0.427,-0.39,78618.92,No injected typology,0
NPI2000002695,DME Supplier,South,273,3.58,161.68,1.03,0.096,0.033,0.149,0.043,0.205,0.144,-0.01,163383.81,No injected typology,0
NPI2000002696,Orthopedics,Northeast,159,5.67,536.6,0.98,0.125,0.038,0.002,0.045,0.044,0.351,-0.64,474052.22,No injected typology,0
NPI2000002697,Internal Medicine,South,339,5.48,561.32,1.09,0.349,0.015,0.156,0.54,0.026,0.003,0.82,1136298.23,Impossible frequency,1
NPI2000002698,Internal Medicine,Midwest,76,4.11,268.1,1.27,0.195,0.003,0.02,0.033,0.036,0.51,-0.38,106634.42,No injected typology,0
NPI2000002699,Orthopedics,Midwest,129,4.37,480.71,0.88,0.084,0.013,0.192,0.037,0.005,0.299,-2.2,238562.32,No injected typology,0
NPI2000002700,DME Supplier,Northeast,78,5.26,1021.92,1.0,0.452,0.006,0.193,0.016,0.406,0.144,4.18,418425.64,DME aberrancy,1
NPI2000002701,Internal Medicine,South,803,7.66,367.29,1.05,0.113,0.038,0.007,0.122,0.169,0.53,1.52,2374492.77,No injected typology,0
NPI2000002702,Internal Medicine,Northeast,53,8.46,543.93,0.98,0.061,0.042,0.021,0.038,0.092,0.383,3.2,239458.25,No injected typology,0
NPI2000002703,Cardiology,Northeast,83,6.15,402.46,1.33,0.15,0.063,0.258,0.014,0.039,0.142,0.12,272726.89,No injected typology,0
NPI2000002704,Radiology,Midwest,209,7.67,352.42,1.05,0.347,0.035,0.143,0.061,0.203,0.284,0.38,591442.31,No injected typology,0
NPI2000002705,Radiology,West,310,5.66,284.89,1.22,0.178,0.026,0.125,0.074,0.075,0.26,1.23,607180.49,No injected typology,0
NPI2000002706,Pain Management,Midwest,45,6.91,278.87,0.75,0.234,0.038,0.068,0.027,0.153,0.298,-0.4,65311.24,No injected typology,0
NPI2000002707,Internal Medicine,South,91,7.06,417.44,0.91,0.08,0.058,0.2,0.095,0.136,0.352,-0.32,244581.67,No injected typology,0
NPI2000002708,Oncology,West,40,6.31,217.84,0.83,0.461,0.038,0.031,0.026,0.182,0.274,0.03,45798.28,No injected typology,0
NPI2000002709,Lab,South,276,6.85,283.69,0.85,0.49,0.02,0.241,0.014,0.009,0.08,0.33,453463.15,No injected typology,0
NPI2000002710,Cardiology,South,235,5.93,407.44,1.38,0.147,0.069,0.11,0.061,0.267,0.304,0.27,781296.74,No injected typology,0
NPI2000002711,Internal Medicine,Midwest,142,4.81,606.02,0.79,0.104,0.022,0.045,0.021,0.038,0.247,-0.43,326257.6,No injected typology,0
NPI2000002712,Pain Management,Northeast,82,4.7,243.0,1.37,0.207,0.007,0.031,0.013,0.031,0.346,-0.33,128616.4,No injected typology,0
NPI2000002713,Internal Medicine,Northeast,156,5.96,230.34,1.32,0.418,0.118,0.106,0.01,0.205,0.205,0.74,282543.89,No injected typology,0
NPI2000002714,Orthopedics,Northeast,143,7.2,289.91,0.74,0.299,0.049,0.035,0.014,0.154,0.355,-0.8,222195.09,No injected typology,0
NPI2000002715,Orthopedics,South,189,6.25,323.9,0.63,0.347,0.098,0.089,0.035,0.155,0.196,-0.16,241721.79,No injected typology,0
NPI2000002716,Cardiology,Northeast,84,5.26,485.38,0.83,0.315,0.038,0.028,0.013,0.168,0.138,0.96,178186.19,No injected typology,0
NPI2000002717,Oncology,Midwest,326,4.85,251.63,1.34,0.07,0.066,0.243,0.023,0.014,0.336,-0.33,531518.38,No injected typology,0
NPI2000002718,Orthopedics,Midwest,86,6.29,209.23,0.86,0.148,0.032,0.012,0.009,0.236,0.1,0.2,97135.37,No injected typology,0
NPI2000002719,Internal Medicine,Northeast,118,6.18,125.78,1.26,0.271,0.049,0.065,0.115,0.012,0.139,0.22,115866.99,No injected typology,0
NPI2000002720,DME Supplier,South,139,5.25,611.21,1.18,0.048,0.027,0.386,0.229,0.176,0.239,0.16,524557.26,No injected typology,0
NPI2000002721,Lab,Northeast,280,6.7,546.18,1.11,0.436,0.003,0.078,0.092,0.024,0.446,0.18,1134708.41,No injected typology,0
NPI2000002722,Cardiology,South,155,6.14,871.14,1.44,0.903,0.012,0.081,0.004,0.244,0.244,4.84,1190471.54,Upcoding,1
NPI2000002723,Pain Management,Midwest,458,6.89,253.38,1.18,0.169,0.039,0.093,0.052,0.268,0.139,1.29,944944.52,No injected typology,0
NPI2000002724,Orthopedics,West,345,4.91,563.8,1.02,0.246,0.051,0.287,0.028,0.052,0.284,-1.36,971342.09,No injected typology,0
NPI2000002725,Home Health,Midwest,116,6.92,502.24,0.92,1.0,0.055,0.082,0.076,0.166,0.219,6.24,372791.6,Upcoding,1
NPI2000002726,Cardiology,Northeast,302,5.64,428.07,0.87,0.218,0.025,0.085,0.149,0.05,0.283,-0.46,634587.79,No injected typology,0
NPI2000002727,Cardiology,Midwest,83,6.05,166.96,1.04,0.362,0.059,0.175,0.035,0.113,0.54,0.89,87286.46,No injected typology,0
NPI2000002728,Oncology,South,73,4.59,668.7,1.71,0.236,0.032,0.094,0.01,0.126,0.407,-0.33,382318.4,No injected typology,0
NPI2000002729,Lab,Northeast,470,6.0,480.9,0.59,0.28,0.064,0.255,0.117,0.221,0.073,-1.17,798358.66,No injected typology,0
NPI2000002730,Radiology,Midwest,236,7.49,317.22,0.86,0.215,0.01,0.023,0.069,0.106,0.101,1.35,480870.59,No injected typology,0
NPI2000002731,Home Health,Northeast,468,3.41,221.64,1.41,0.238,0.03,0.023,0.047,0.124,0.265,-1.0,497749.43,No injected typology,0
NPI2000002732,Oncology,Northeast,152,5.01,505.27,0.93,0.259,0.02,0.012,0.09,0.01,0.136,-1.69,358985.36,No injected typology,0
NPI2000002733,Internal Medicine,West,121,4.17,834.37,1.28,0.429,0.039,0.006,0.107,0.213,0.068,1.47,538371.83,No injected typology,0
NPI2000002734,Pain Management,Midwest,103,5.0,440.61,1.15,0.156,0.025,0.193,0.005,0.059,0.429,0.53,259734.17,No injected typology,0
NPI2000002735,Home Health,South,458,6.57,602.15,1.52,0.129,0.044,0.771,0.055,0.319,0.194,3.22,2760047.86,Unbundling/modifier abuse,1
NPI2000002736,Internal Medicine,Northeast,249,6.47,214.57,0.82,0.545,0.015,0.334,0.051,0.02,0.407,-2.18,283817.6,No injected typology,0
NPI2000002737,Oncology,West,61,5.88,165.63,0.9,0.04,0.015,0.055,0.028,0.102,0.172,-0.06,53578.34,No injected typology,0
NPI2000002738,Home Health,West,92,2.79,409.73,0.94,0.233,0.112,0.04,0.031,0.051,0.026,1.26,99241.21,No injected typology,0
NPI2000002739,Radiology,Midwest,100,7.33,299.74,0.89,0.516,0.005,0.082,0.046,0.191,0.37,-0.93,194803.84,No injected typology,0
NPI2000002740,Oncology,Northeast,73,4.71,263.18,1.05,0.127,0.016,0.341,0.156,0.102,0.318,0.23,95208.02,No injected typology,0
NPI2000002741,DME Supplier,South,313,6.88,534.82,0.96,0.157,0.011,0.103,0.038,0.123,0.429,0.88,1102562.88,No injected typology,0
NPI2000002742,Oncology,South,147,8.39,893.34,1.01,0.046,0.002,0.021,0.087,0.157,0.02,-0.33,1107775.54,No injected typology,0
NPI2000002743,Orthopedics,Midwest,245,7.18,318.69,1.28,0.364,0.01,0.009,0.0,0.021,0.325,-0.01,717242.4,No injected typology,0
NPI2000002744,Oncology,Northeast,182,7.65,460.95,1.19,0.244,0.04,0.347,0.104,0.058,0.454,0.18,761307.55,No injected typology,0
NPI2000002745,Pain Management,Midwest,59,7.2,503.43,1.23,0.188,0.071,0.112,0.175,0.057,0.336,1.44,263361.69,No injected typology,0
NPI2000002746,Radiology,South,114,3.87,271.43,1.0,0.08,0.011,0.116,0.052,0.295,0.128,-0.22,119071.11,No injected typology,0
NPI2000002747,Cardiology,Northeast,86,5.42,404.88,1.24,0.044,0.027,0.038,0.008,0.206,0.077,0.32,234118.17,No injected typology,0
NPI2000002748,Pain Management,South,288,4.53,157.94,0.89,0.398,0.052,0.127,0.024,0.065,0.314,-1.68,183461.74,No injected typology,0
NPI2000002749,DME Supplier,West,208,5.28,348.54,1.11,0.654,0.037,0.128,0.093,0.072,0.238,3.88,425964.54,Upcoding,1
NPI2000002750,DME Supplier,South,113,5.82,261.68,1.06,0.199,0.125,0.321,0.082,0.141,0.346,-0.96,182264.22,No injected typology,0
NPI2000002751,Oncology,South,391,5.04,589.36,0.9,0.048,0.001,0.206,0.023,0.235,0.482,-0.32,1045236.08,No injected typology,0
NPI2000002752,Pain Management,South,743,6.28,365.78,0.59,0.11,0.007,0.101,0.016,0.045,0.535,-0.29,1015113.98,No injected typology,0
NPI2000002753,Lab,West,90,5.24,314.67,0.67,0.006,0.057,0.01,0.127,0.323,0.126,0.44,100231.32,No injected typology,0
NPI2000002754,Internal Medicine,Midwest,52,7.57,133.18,0.7,0.257,0.093,0.123,0.033,0.159,0.127,0.25,36690.31,No injected typology,0
NPI2000002755,Cardiology,South,190,5.46,398.43,1.1,0.102,0.007,0.058,0.09,0.192,0.07,0.34,454518.24,No injected typology,0
NPI2000002756,Internal Medicine,West,218,7.86,195.64,1.09,0.071,0.02,0.133,0.028,0.033,0.166,-0.09,364270.05,No injected typology,0
NPI2000002757,Internal Medicine,South,53,9.49,389.77,1.38,0.093,0.01,0.071,0.006,0.235,0.169,-0.75,271046.99,No injected typology,0
NPI2000002758,DME Supplier,West,75,6.5,296.31,1.15,0.187,0.008,0.076,0.058,0.062,0.342,0.8,166378.81,No injected typology,0
NPI2000002759,Internal Medicine,West,94,4.44,310.62,0.91,0.26,0.024,0.08,0.066,0.141,0.048,0.47,118394.27,No injected typology,0
NPI2000002760,Home Health,Midwest,239,4.86,316.78,0.96,0.219,0.003,0.003,0.02,0.197,0.223,1.6,351452.9,No injected typology,0
NPI2000002761,Lab,Northeast,192,6.5,185.27,1.21,0.238,0.007,0.7,0.015,0.158,0.378,3.64,278745.04,Unbundling/modifier abuse,1
NPI2000002762,Oncology,Midwest,72,5.1,446.88,0.87,0.11,0.269,0.044,0.18,0.035,0.216,-0.67,142722.66,No injected typology,0
NPI2000002763,Internal Medicine,Northeast,90,7.42,165.62,0.8,0.076,0.008,0.114,0.036,0.043,0.434,-0.58,87988.95,No injected typology,0
NPI2000002764,Cardiology,Northeast,79,5.99,150.5,1.17,0.128,0.075,0.071,0.177,0.074,0.211,-0.7,83105.25,No injected typology,0
NPI2000002765,Pain Management,Midwest,164,5.24,504.37,0.92,0.124,0.018,0.155,0.004,0.029,0.082,0.7,399223.66,No injected typology,0
NPI2000002766,Internal Medicine,West,589,5.53,331.09,0.99,0.199,0.032,0.058,0.019,0.267,0.342,-1.79,1071825.31,No injected typology,0
NPI2000002767,Home Health,West,401,8.36,249.87,1.0,0.297,0.031,0.031,0.73,0.064,0.445,0.3,834416.46,Impossible frequency,1
NPI2000002768,Pain Management,South,279,2.34,339.16,1.18,0.079,0.026,0.055,0.008,0.172,0.272,0.98,261175.91,No injected typology,0
NPI2000002769,Orthopedics,West,80,5.73,429.49,0.81,0.144,0.057,0.028,0.018,0.028,0.277,0.6,158602.09,No injected typology,0
NPI2000002770,Internal Medicine,Midwest,318,6.62,330.17,0.96,0.177,0.048,0.083,0.013,0.083,0.336,0.05,666478.98,No injected typology,0
NPI2000002771,Internal Medicine,Northeast,103,8.47,237.1,1.14,0.184,0.026,0.134,0.141,0.053,0.041,-0.38,235488.0,No injected typology,0
NPI2000002772,Lab,West,100,6.36,532.45,1.18,0.255,0.047,0.021,0.002,0.168,0.317,-0.58,398123.46,No injected typology,0
NPI2000002773,DME Supplier,West,320,4.41,284.86,1.07,0.049,0.052,0.153,0.039,0.021,0.133,0.0,429880.57,No injected typology,0
NPI2000002774,Orthopedics,Midwest,143,6.26,159.33,1.14,0.113,0.008,0.067,0.086,0.055,0.311,0.1,163111.47,No injected typology,0
NPI2000002775,Lab,South,264,6.17,634.49,1.23,0.095,0.056,0.148,0.08,0.023,0.129,0.21,1265541.56,No injected typology,0
NPI2000002776,Internal Medicine,Northeast,234,6.8,313.03,0.88,0.208,0.042,0.027,0.129,0.188,0.239,-0.33,440668.92,No injected typology,0
NPI2000002777,Orthopedics,West,111,5.2,721.45,0.91,0.217,0.03,0.1,0.048,0.11,0.139,0.45,379928.61,No injected typology,0
NPI2000002778,Internal Medicine,Midwest,183,7.18,405.36,0.97,0.416,0.043,0.127,0.08,0.048,0.118,-0.14,518482.34,No injected typology,0
NPI2000002779,Radiology,Northeast,235,5.47,216.02,1.1,0.108,0.013,0.061,0.007,0.13,0.152,-0.6,306150.8,No injected typology,0
NPI2000002780,Lab,West,157,6.58,247.94,0.62,0.085,0.062,0.027,0.016,0.163,0.29,0.78,158639.36,No injected typology,0
NPI2000002781,Cardiology,Northeast,78,8.44,135.97,1.28,0.215,0.039,0.078,0.056,0.159,0.334,-0.29,114733.65,No injected typology,0
NPI2000002782,Lab,Midwest,359,4.46,240.69,1.14,0.325,0.02,0.081,0.1,0.176,0.259,-1.19,440780.94,No injected typology,0
NPI2000002783,Oncology,West,116,5.07,348.04,1.5,0.283,0.118,0.175,0.007,0.055,0.174,-0.15,306415.15,No injected typology,0
NPI2000002784,Cardiology,Midwest,101,4.88,352.14,1.14,0.219,0.107,0.054,0.111,0.191,0.355,-0.51,197569.89,No injected typology,0
NPI2000002785,Oncology,Midwest,117,9.45,976.47,1.31,0.09,0.026,0.631,0.003,0.232,0.627,5.59,1419311.0,Unbundling/modifier abuse,1
NPI2000002786,Orthopedics,South,290,6.96,197.54,1.06,0.121,0.009,0.256,0.109,0.076,0.317,-0.7,422851.88,No injected typology,0
NPI2000002787,Radiology,Northeast,188,6.72,235.19,1.33,0.093,0.036,0.204,0.037,0.033,0.37,2.29,394344.69,No injected typology,0
NPI2000002788,DME Supplier,Northeast,495,7.69,335.66,1.11,0.328,0.026,0.127,0.085,0.186,0.43,1.41,1418397.88,No injected typology,0
NPI2000002789,Orthopedics,Midwest,65,7.94,361.84,0.91,0.467,0.01,0.142,0.073,0.049,0.283,-1.48,169639.87,No injected typology,0
NPI2000002790,Home Health,West,125,6.41,370.76,1.06,0.275,0.011,0.142,0.013,0.161,0.128,0.71,313640.85,No injected typology,0
NPI2000002791,Internal Medicine,West,176,3.94,376.26,1.08,0.063,0.019,0.223,0.063,0.045,0.345,0.31,281929.46,No injected typology,0
NPI2000002792,Pain Management,West,139,5.53,293.83,1.15,0.147,0.042,0.165,0.028,0.165,0.048,-0.17,259647.61,No injected typology,0
NPI2000002793,Pain Management,West,67,5.7,102.67,1.24,0.091,0.036,0.068,0.073,0.088,0.245,-1.85,48720.56,No injected typology,0
NPI2000002794,Home Health,Midwest,87,6.19,354.8,1.19,0.982,0.039,0.1,0.003,0.146,0.339,4.07,227959.15,Upcoding,1
NPI2000002795,Radiology,South,116,5.54,791.0,0.66,0.999,0.023,0.703,0.043,0.021,0.355,7.03,337460.6,Upcoding,1
NPI2000002796,Lab,South,119,5.58,200.94,0.91,0.063,0.004,0.056,0.034,0.049,0.037,-0.83,120759.4,No injected typology,0
NPI2000002797,Lab,Northeast,145,2.83,361.07,1.32,0.193,0.073,0.037,0.053,0.133,0.256,1.2,195154.1,No injected typology,0
NPI2000002798,Lab,Northeast,135,5.34,741.41,1.36,0.189,0.007,0.2,0.013,0.056,0.574,-0.07,725304.1,No injected typology,0
NPI2000002799,Orthopedics,South,84,4.47,208.23,0.93,0.07,0.051,0.033,0.049,0.156,0.152,0.53,72743.46,No injected typology,0
NPI2000002800,Internal Medicine,Midwest,57,6.5,305.7,1.47,0.238,0.017,0.044,0.046,0.012,0.475,-1.04,166195.73,No injected typology,0
NPI2000002801,Home Health,West,364,5.1,284.48,1.0,0.091,0.009,0.049,0.158,0.017,0.216,-1.33,526505.29,No injected typology,0
NPI2000002802,Internal Medicine,West,407,5.83,160.36,1.33,0.226,0.015,0.19,0.036,0.074,0.115,-1.39,504424.33,No injected typology,0
NPI2000002803,Oncology,South,165,6.55,247.65,1.16,0.394,0.023,0.148,0.035,0.153,0.115,-0.01,311851.96,No injected typology,0
NPI2000002804,Pain Management,Northeast,311,6.82,698.89,1.0,0.315,0.035,0.026,0.168,0.096,0.127,-0.71,1481573.01,No injected typology,0
NPI2000002805,Cardiology,Midwest,287,7.35,342.32,0.91,0.214,0.061,0.166,0.001,0.031,0.074,0.28,660030.29,No injected typology,0
NPI2000002806,Internal Medicine,Midwest,283,4.85,248.9,1.26,0.198,0.005,0.02,0.054,0.061,0.222,-0.13,430088.28,No injected typology,0
NPI2000002807,Lab,Midwest,110,5.55,405.8,0.99,0.15,0.044,0.155,0.089,0.095,0.234,1.07,244004.85,No injected typology,0
NPI2000002808,Lab,Midwest,176,6.59,345.73,0.96,0.064,0.028,0.08,0.02,0.044,0.121,0.43,386605.84,No injected typology,0
NPI2000002809,Internal Medicine,South,121,6.84,469.28,1.06,0.669,0.016,0.799,0.015,0.164,0.398,9.25,411944.45,Upcoding,1
NPI2000002810,Radiology,South,61,4.42,184.56,1.02,0.12,0.083,0.074,0.003,0.055,0.098,-1.07,50703.54,No injected typology,0
NPI2000002811,Internal Medicine,South,73,5.37,500.25,1.0,0.135,0.029,0.017,0.131,0.063,0.291,0.38,195641.94,No injected typology,0
NPI2000002812,Home Health,Northeast,187,8.81,278.39,0.94,0.103,0.008,0.169,0.028,0.075,0.506,-1.02,432606.76,No injected typology,0
NPI2000002813,DME Supplier,West,163,3.63,396.05,1.3,0.239,0.057,0.125,0.038,0.09,0.089,1.31,303794.8,No injected typology,0
NPI2000002814,Home Health,Midwest,217,2.54,501.5,1.28,0.243,0.043,0.129,0.004,0.206,0.046,1.59,353773.51,No injected typology,0
NPI2000002815,Internal Medicine,Northeast,170,4.25,255.38,1.27,0.497,0.058,0.021,0.023,0.098,0.258,-0.71,233626.75,No injected typology,0
NPI2000002816,Radiology,West,181,6.47,434.43,0.91,0.262,0.021,0.177,0.004,0.074,0.055,1.4,462949.29,No injected typology,0
NPI2000002817,Radiology,Midwest,197,7.25,263.83,0.79,0.108,0.121,0.065,0.072,0.077,0.251,0.39,295739.99,No injected typology,0
NPI2000002818,Lab,West,85,5.72,230.02,0.91,0.257,0.003,0.207,0.089,0.034,0.327,-0.66,101543.64,No injected typology,0
NPI2000002819,Orthopedics,Northeast,103,4.93,653.76,1.18,0.145,0.094,0.058,0.078,0.18,0.249,3.19,389920.09,No injected typology,0
NPI2000002820,Cardiology,West,661,3.25,367.09,1.17,0.22,0.309,0.118,0.011,0.022,0.15,1.35,921748.22,Duplicate billing,1
NPI2000002821,DME Supplier,South,207,6.13,640.36,1.22,0.333,0.098,0.04,0.058,0.341,0.152,0.91,992309.09,No injected typology,0
NPI2000002822,Home Health,Northeast,353,7.76,365.29,0.95,0.281,0.07,0.059,0.032,0.293,0.181,0.05,951609.43,No injected typology,0
NPI2000002823,Radiology,South,120,7.12,400.11,1.1,0.176,0.014,0.043,0.87,0.187,0.16,0.93,377390.65,Impossible frequency,1
NPI2000002824,Pain Management,Northeast,172,6.61,217.17,1.25,0.35,0.007,0.036,0.166,0.155,0.102,-3.3,309779.35,No injected typology,0
NPI2000002825,Home Health,Northeast,382,5.17,564.65,0.68,0.348,0.076,0.039,0.03,0.087,0.133,1.25,761262.4,No injected typology,0
NPI2000002826,Home Health,Midwest,200,7.63,298.13,0.83,0.251,0.006,0.043,0.048,0.024,0.425,0.87,375241.52,No injected typology,0
NPI2000002827,DME Supplier,South,231,7.66,334.12,0.81,0.033,0.079,0.028,0.033,0.228,0.217,0.97,476049.39,No injected typology,0
NPI2000002828,Radiology,Midwest,287,4.47,441.71,1.08,0.009,0.048,0.053,0.077,0.132,0.424,-1.0,614358.62,No injected typology,0
NPI2000002829,Cardiology,Northeast,162,4.41,325.08,0.95,0.324,0.068,0.117,0.077,0.128,0.323,-1.0,220522.22,No injected typology,0
NPI2000002830,Cardiology,West,77,6.84,500.61,0.78,0.253,0.078,0.061,0.192,0.095,0.187,0.78,206089.12,No injected typology,0
NPI2000002831,Cardiology,Midwest,73,3.88,409.55,0.93,0.212,0.29,0.091,0.18,0.087,0.202,0.33,108195.02,Duplicate billing,1
NPI2000002832,Radiology,Northeast,74,6.94,407.59,0.91,0.045,0.057,0.151,0.045,0.017,0.018,-0.89,191138.31,No injected typology,0
NPI2000002833,Oncology,Midwest,68,6.01,350.26,1.18,0.059,0.034,0.157,0.025,0.185,0.155,0.77,169495.08,No injected typology,0
NPI2000002834,Cardiology,West,45,5.11,547.25,0.96,0.092,0.018,0.671,0.172,0.147,0.079,4.51,120959.64,Unbundling/modifier abuse,1
NPI2000002835,Home Health,South,79,7.68,208.45,1.07,0.073,0.077,0.144,0.007,0.053,0.221,0.24,135052.29,No injected typology,0
NPI2000002836,DME Supplier,West,106,4.31,270.87,1.24,0.227,0.038,0.197,0.004,0.255,0.11,0.81,153117.74,No injected typology,0
NPI2000002837,Lab,West,457,5.62,281.31,1.14,0.211,0.014,0.135,0.164,0.328,0.004,-0.74,821568.72,No injected typology,0
NPI2000002838,Internal Medicine,South,98,5.71,679.53,0.97,0.107,0.067,0.18,0.095,0.255,0.13,-0.64,368226.19,No injected typology,0
NPI2000002839,Home Health,Northeast,174,4.87,235.8,1.42,0.216,0.083,0.011,0.077,0.036,0.174,-1.36,283374.96,No injected typology,0
NPI2000002840,Lab,Midwest,146,7.25,265.96,1.08,0.175,0.041,0.127,0.116,0.082,0.103,-1.2,302613.86,No injected typology,0
NPI2000002841,Oncology,Northeast,150,4.02,254.09,0.98,0.262,0.01,0.064,0.055,0.024,0.365,0.59,150422.51,No injected typology,0
NPI2000002842,Orthopedics,South,77,4.36,275.14,0.84,0.249,0.107,0.118,0.081,0.095,0.413,-1.66,77140.39,No injected typology,0
NPI2000002843,Pain Management,Northeast,223,6.08,353.84,0.82,0.304,0.029,0.241,0.02,0.07,0.39,0.18,392798.78,No injected typology,0
NPI2000002844,Lab,Northeast,117,4.17,532.8,1.0,0.247,0.041,0.054,0.044,0.043,0.308,-0.12,258793.73,No injected typology,0
NPI2000002845,Oncology,South,326,6.79,422.8,1.07,0.345,0.046,0.038,0.069,0.082,0.378,0.79,998269.92,No injected typology,0
NPI2000002846,Cardiology,South,193,7.73,362.77,1.23,0.254,0.031,0.125,0.093,0.119,0.381,-0.23,666987.03,No injected typology,0
NPI2000002847,Lab,South,72,3.92,236.32,0.99,0.04,0.075,0.26,0.044,0.12,0.236,0.01,65840.85,No injected typology,0
NPI2000002848,Internal Medicine,South,278,6.5,327.98,1.07,0.266,0.052,0.163,0.012,0.154,0.18,1.13,633617.0,No injected typology,0
NPI2000002849,Internal Medicine,West,76,4.71,815.8,0.58,0.169,0.102,0.025,0.026,0.168,0.039,1.01,170327.02,No injected typology,0
NPI2000002850,Internal Medicine,Northeast,56,5.23,251.76,1.11,0.428,0.015,0.077,0.056,0.173,0.375,0.58,81893.74,No injected typology,0
NPI2000002851,Internal Medicine,South,581,5.66,126.26,0.88,0.169,0.077,0.029,0.001,0.079,0.268,-1.05,364533.6,No injected typology,0
NPI2000002852,Internal Medicine,Midwest,240,6.44,322.64,0.57,0.275,0.004,0.011,0.032,0.095,0.139,-1.42,282395.39,No injected typology,0
NPI2000002853,Cardiology,West,315,5.84,331.76,1.09,0.039,0.063,0.096,0.037,0.06,0.375,-1.61,667175.04,No injected typology,0
NPI2000002854,Cardiology,West,132,6.24,281.74,1.38,0.1,0.018,0.014,0.091,0.106,0.411,1.0,319408.19,No injected typology,0
NPI2000002855,Oncology,Midwest,128,6.96,738.1,1.03,0.127,0.038,0.305,0.024,0.195,0.013,-1.12,678327.37,No injected typology,0
NPI2000002856,Lab,West,93,5.08,332.03,0.84,0.447,0.01,0.058,0.062,0.019,0.237,-0.79,131268.16,No injected typology,0
NPI2000002857,Internal Medicine,West,119,5.42,263.26,0.56,0.305,0.16,0.034,0.088,0.128,0.156,-0.2,95368.78,No injected typology,0
NPI2000002858,Internal Medicine,West,113,5.47,991.2,0.98,0.113,0.02,0.676,0.006,0.076,0.254,5.01,601558.33,Unbundling/modifier abuse,1
NPI2000002859,Home Health,Northeast,63,6.36,329.99,1.26,0.285,0.017,0.173,0.03,0.311,0.112,-0.44,166106.84,No injected typology,0
NPI2000002860,Home Health,Midwest,367,7.91,293.59,0.84,0.263,0.032,0.074,0.039,0.029,0.035,1.1,711888.88,No injected typology,0
NPI2000002861,Pain Management,South,89,7.81,612.07,1.04,0.175,0.013,0.062,0.004,0.029,0.165,2.24,441602.01,No injected typology,0
NPI2000002862,Orthopedics,Midwest,283,10.53,332.95,0.93,0.108,0.034,0.164,0.058,0.095,0.101,-0.26,925981.32,No injected typology,0
NPI2000002863,Radiology,Midwest,80,8.6,437.81,0.72,0.363,0.018,0.134,0.067,0.062,0.497,-1.47,216711.82,No injected typology,0
NPI2000002864,Pain Management,Northeast,175,4.74,225.22,0.93,0.923,0.006,0.018,0.101,0.152,0.052,3.99,173590.48,Upcoding,1
NPI2000002865,Radiology,Northeast,91,5.55,574.41,1.04,0.223,0.091,0.047,0.071,0.047,0.125,0.75,301761.92,No injected typology,0
NPI2000002866,Internal Medicine,West,121,4.28,501.35,1.22,0.647,0.007,0.082,0.063,0.191,0.395,0.83,317402.61,No injected typology,0
NPI2000002867,Internal Medicine,Midwest,147,3.76,652.36,0.99,0.225,0.039,0.063,0.041,0.184,0.06,0.66,357272.95,No injected typology,0
NPI2000002868,Internal Medicine,Northeast,115,4.24,437.57,0.98,0.061,0.031,0.717,0.017,0.11,0.322,2.82,208126.53,Unbundling/modifier abuse,1
NPI2000002869,DME Supplier,South,150,5.94,430.46,1.31,0.315,0.03,0.097,0.095,0.376,0.134,5.35,500661.03,DME aberrancy,1
NPI2000002870,DME Supplier,South,134,6.24,365.48,1.01,0.16,0.032,0.055,0.068,0.047,0.338,-0.26,309826.63,No injected typology,0
NPI2000002871,Lab,South,92,4.3,387.53,1.13,0.217,0.046,0.152,0.015,0.162,0.227,1.01,173990.89,No injected typology,0
NPI2000002872,Lab,South,159,5.61,520.19,1.01,0.088,0.095,0.068,0.034,0.203,0.21,-0.67,469992.25,No injected typology,0
NPI2000002873,Lab,Midwest,167,8.31,427.88,1.02,0.206,0.054,0.027,0.059,0.207,0.221,-0.24,604452.68,No injected typology,0
NPI2000002874,Orthopedics,West,268,3.67,466.1,1.05,0.072,0.143,0.194,0.037,0.067,0.571,-0.31,481403.43,No injected typology,0
NPI2000002875,Internal Medicine,South,139,6.3,243.04,1.13,0.353,0.0,0.086,0.038,0.04,0.052,-1.19,240419.56,No injected typology,0
NPI2000002876,Lab,Northeast,77,3.91,238.97,0.82,0.111,0.043,0.341,0.077,0.07,0.086,0.02,58851.51,No injected typology,0
NPI2000002877,Oncology,South,108,4.7,507.79,0.84,0.12,0.052,0.152,0.026,0.052,0.087,-0.33,215630.12,No injected typology,0
NPI2000002878,Internal Medicine,South,155,7.41,560.51,0.73,0.438,0.391,0.198,0.118,0.079,0.142,0.95,467463.85,Duplicate billing,1
NPI2000002879,Internal Medicine,South,140,8.0,262.36,1.16,0.145,0.016,0.092,0.089,0.123,0.385,-0.64,339727.43,No injected typology,0
NPI2000002880,Internal Medicine,Midwest,253,5.67,699.51,1.03,0.028,0.06,0.122,0.0,0.032,0.556,-0.96,1034342.02,No injected typology,0
NPI2000002881,Orthopedics,Midwest,419,7.73,283.52,1.03,0.101,0.014,0.019,0.143,0.068,0.198,0.6,945018.91,No injected typology,0
NPI2000002882,Radiology,South,213,3.45,302.23,0.84,0.116,0.049,0.269,0.073,0.12,0.301,-0.04,186135.13,No injected typology,0
NPI2000002883,Pain Management,Midwest,217,7.05,334.6,0.92,0.108,0.004,0.137,0.013,0.102,0.172,2.06,469308.02,No injected typology,0
NPI2000002884,Home Health,West,243,2.61,254.34,1.08,0.244,0.044,0.023,0.005,0.043,0.23,-0.09,174726.37,No injected typology,0
NPI2000002885,Lab,Northeast,140,6.15,381.61,1.22,0.254,0.087,0.342,0.076,0.076,0.047,1.78,402254.05,No injected typology,0
NPI2000002886,Internal Medicine,Northeast,175,6.87,344.83,0.93,0.14,0.132,0.082,0.064,0.029,0.206,1.51,385399.44,No injected typology,0
NPI2000002887,Cardiology,West,280,6.04,459.54,0.86,0.28,0.029,0.059,0.019,0.059,0.149,-0.6,664996.43,No injected typology,0
NPI2000002888,Oncology,West,252,7.49,244.55,1.08,0.18,0.013,0.025,0.026,0.085,0.239,-0.43,496250.65,No injected typology,0
NPI2000002889,DME Supplier,Northeast,63,5.48,190.59,0.79,0.34,0.019,0.003,0.734,0.158,0.493,0.43,51939.17,Impossible frequency,1
NPI2000002890,Pain Management,Midwest,150,7.23,365.67,0.99,0.413,0.02,0.21,0.044,0.074,0.138,-1.53,392033.43,No injected typology,0
NPI2000002891,DME Supplier,South,144,6.73,172.28,0.63,0.212,0.031,0.146,0.13,0.07,0.44,0.56,104917.1,No injected typology,0
NPI2000002892,DME Supplier,South,193,6.5,219.96,1.4,0.095,0.079,0.244,0.008,0.033,0.043,0.39,384978.65,No injected typology,0
NPI2000002893,Radiology,Northeast,426,3.55,246.09,0.88,0.582,0.025,0.154,0.031,0.01,0.201,-1.01,327738.0,No injected typology,0
NPI2000002894,Lab,South,411,7.89,309.37,0.79,0.105,0.017,0.002,0.14,0.469,0.258,0.02,791565.67,No injected typology,0
NPI2000002895,Home Health,South,104,5.45,203.58,1.35,0.433,0.016,0.024,0.017,0.126,0.088,0.06,155352.31,No injected typology,0
NPI2000002896,Home Health,Northeast,431,8.25,292.13,1.22,0.154,0.016,0.123,0.001,0.117,0.076,0.8,1271107.64,No injected typology,0
NPI2000002897,DME Supplier,South,128,4.98,732.66,1.36,0.075,0.039,0.028,0.005,0.416,0.269,1.89,636518.04,DME aberrancy,1
NPI2000002898,Cardiology,West,305,5.9,241.53,1.13,0.179,0.019,0.027,0.06,0.061,0.342,-0.07,490700.42,No injected typology,0
NPI2000002899,Radiology,West,213,6.55,170.45,0.87,0.101,0.007,0.178,0.068,0.059,0.178,-0.38,207809.2,No injected typology,0
NPI2000002900,Internal Medicine,South,174,6.53,220.55,1.03,0.45,0.064,0.025,0.032,0.044,0.167,0.29,256975.29,No injected typology,0
NPI2000002901,Cardiology,South,109,5.43,329.85,0.92,0.311,0.008,0.032,0.03,0.148,0.172,0.78,179821.53,No injected typology,0
NPI2000002902,Orthopedics,West,310,3.66,265.63,1.42,0.113,0.009,0.159,0.083,0.095,0.574,0.03,427051.4,No injected typology,0
NPI2000002903,DME Supplier,Northeast,261,6.87,371.8,0.99,0.26,0.075,0.122,0.042,0.041,0.19,-0.96,660950.8,No injected typology,0
NPI2000002904,Lab,South,68,5.46,270.48,1.27,0.035,0.035,0.116,0.03,0.071,0.082,-0.24,127388.8,No injected typology,0
NPI2000002905,Orthopedics,Midwest,390,8.37,237.84,1.41,0.108,0.075,0.154,0.02,0.018,0.28,-1.02,1093379.01,No injected typology,0
NPI2000002906,Home Health,Northeast,158,7.06,268.63,0.92,0.228,0.012,0.044,0.193,0.141,0.248,-0.09,274320.0,No injected typology,0
NPI2000002907,Pain Management,Northeast,242,4.42,288.81,0.87,0.332,0.045,0.152,0.053,0.246,0.463,0.36,267959.34,No injected typology,0
NPI2000002908,Pain Management,South,106,7.68,684.5,0.83,1.0,0.03,0.014,0.035,0.032,0.337,5.49,464359.55,Upcoding,1
NPI2000002909,Oncology,Northeast,164,8.33,491.76,0.82,0.206,0.058,0.141,0.031,0.024,0.318,0.44,552968.77,No injected typology,0
NPI2000002910,Home Health,South,158,7.8,333.16,1.05,0.197,0.037,0.211,0.119,0.07,0.207,-1.25,430523.27,No injected typology,0
NPI2000002911,Internal Medicine,Northeast,30,5.57,137.98,0.83,0.278,0.021,0.069,0.062,0.324,0.044,-0.69,19078.22,No injected typology,0
NPI2000002912,Lab,West,417,3.4,268.01,0.93,0.124,0.044,0.155,0.126,0.097,0.165,-1.74,353098.66,No injected typology,0
NPI2000002913,Pain Management,Midwest,238,6.72,400.38,1.1,0.198,0.054,0.126,0.121,0.177,0.517,1.35,704931.32,No injected typology,0
NPI2000002914,Oncology,South,153,7.05,549.86,0.98,0.162,0.008,0.021,0.022,0.129,0.104,-2.18,583314.24,No injected typology,0
NPI2000002915,Internal Medicine,South,516,5.9,526.91,0.98,0.181,0.026,0.1,0.082,0.175,0.114,-0.33,1568524.44,No injected typology,0
NPI2000002916,Oncology,Midwest,414,4.65,430.57,1.08,0.217,0.129,0.037,0.119,0.039,0.483,-0.02,898402.48,No injected typology,0
NPI2000002917,Home Health,Midwest,370,6.37,361.92,1.29,0.238,0.062,0.089,0.043,0.039,0.171,1.09,1100052.01,No injected typology,0
NPI2000002918,Home Health,West,86,4.5,299.5,0.74,0.187,0.039,0.322,0.018,0.117,0.315,2.56,86143.52,No injected typology,0
NPI2000002919,Pain Management,Northeast,580,8.43,209.26,1.13,0.092,0.131,0.144,0.031,0.028,0.043,0.22,1158051.72,No injected typology,0
NPI2000002920,Oncology,South,221,5.46,621.57,1.12,0.294,0.016,0.116,0.07,0.056,0.185,-0.68,838715.75,No injected typology,0
NPI2000002921,Lab,Northeast,456,4.18,810.99,0.99,0.105,0.026,0.021,0.068,0.173,0.211,2.11,1522425.35,No injected typology,0
NPI2000002922,DME Supplier,South,100,6.79,502.0,0.97,0.101,0.09,0.024,0.032,0.106,0.178,-2.06,331717.51,No injected typology,0
NPI2000002923,Orthopedics,South,160,5.73,156.33,0.71,0.267,0.097,0.05,0.015,0.093,0.056,-0.65,102458.61,No injected typology,0
NPI2000002924,Orthopedics,Midwest,103,7.2,274.44,0.92,0.325,0.087,0.154,0.003,0.143,0.258,-1.53,186638.83,No injected typology,0
NPI2000002925,Pain Management,West,122,6.5,259.35,1.25,0.256,0.069,0.041,0.017,0.041,0.515,-0.94,256209.12,No injected typology,0
NPI2000002926,Internal Medicine,Northeast,98,5.43,260.59,1.23,0.201,0.004,0.043,0.126,0.059,0.262,-0.31,171100.6,No injected typology,0
NPI2000002927,Cardiology,West,95,7.25,649.79,0.64,0.175,0.01,0.014,0.045,0.131,0.425,0.64,287916.43,No injected typology,0
NPI2000002928,Home Health,Northeast,291,5.53,356.97,1.17,0.129,0.044,0.012,0.064,0.062,0.635,0.34,674338.1,No injected typology,0
NPI2000002929,Radiology,Northeast,152,5.24,342.67,1.02,0.311,0.034,0.135,0.14,0.23,0.36,-1.17,278956.99,No injected typology,0
NPI2000002930,Lab,West,141,6.84,170.95,1.52,0.035,0.011,0.23,0.162,0.015,0.137,1.11,250111.65,No injected typology,0
NPI2000002931,Internal Medicine,Midwest,51,8.27,324.6,1.09,0.142,0.007,0.037,0.078,0.047,0.64,-1.78,148994.84,No injected typology,0
NPI2000002932,Cardiology,South,178,3.72,237.26,0.82,0.122,0.012,0.133,0.058,0.011,0.37,-0.03,128038.11,No injected typology,0
NPI2000002933,Internal Medicine,Northeast,80,8.66,344.83,1.14,0.363,0.039,0.167,0.546,0.254,0.064,0.17,272982.57,Impossible frequency,1
NPI2000002934,Home Health,South,294,5.48,303.04,1.24,0.148,0.027,0.141,0.05,0.101,0.194,-0.35,603683.53,No injected typology,0
NPI2000002935,Cardiology,Northeast,132,8.26,264.01,1.32,0.296,0.017,0.02,0.017,0.252,0.263,-1.4,379432.17,No injected typology,0
NPI2000002936,Orthopedics,Midwest,217,6.1,282.5,1.1,0.166,0.018,0.104,0.048,0.07,0.201,0.83,411682.33,No injected typology,0
NPI2000002937,Internal Medicine,Northeast,134,4.08,323.24,1.05,0.269,0.005,0.661,0.04,0.105,0.648,2.3,185625.35,Unbundling/modifier abuse,1
NPI2000002938,Radiology,West,97,7.17,243.22,0.97,0.105,0.019,0.115,0.168,0.084,0.061,-0.88,164127.47,No injected typology,0
NPI2000002939,Oncology,West,75,4.52,471.49,1.18,0.185,0.064,0.087,0.065,0.035,0.167,1.27,188434.9,No injected typology,0
NPI2000002940,Internal Medicine,South,283,6.24,795.89,1.07,0.381,0.412,0.082,0.147,0.034,0.188,-2.03,1501867.17,Duplicate billing,1
NPI2000002941,Pain Management,Midwest,170,6.22,220.88,0.8,0.373,0.023,0.071,0.222,0.041,0.045,-1.03,185881.35,No injected typology,0
NPI2000002942,Radiology,West,81,6.71,646.53,0.92,0.192,0.011,0.723,0.02,0.197,0.066,2.07,322730.17,Unbundling/modifier abuse,1
NPI2000002943,Lab,West,182,7.59,244.7,0.74,0.114,0.113,0.089,0.013,0.042,0.292,1.99,251532.8,No injected typology,0
NPI2000002944,Orthopedics,South,298,7.22,246.3,1.13,0.461,0.023,0.095,0.106,0.159,0.269,-0.61,598666.69,No injected typology,0
NPI2000002945,Internal Medicine,Northeast,171,4.67,198.18,1.38,0.102,0.065,0.067,0.088,0.162,0.279,-2.03,218126.7,No injected typology,0
NPI2000002946,Radiology,Midwest,258,6.27,450.37,1.09,0.57,0.005,0.18,0.143,0.054,0.072,-1.67,789966.67,No injected typology,0
NPI2000002947,Radiology,South,126,3.1,737.22,0.81,0.421,0.034,0.084,0.331,0.076,0.281,-0.71,232606.29,No injected typology,0
NPI2000002948,Orthopedics,West,50,6.85,168.31,1.02,0.271,0.115,0.008,0.041,0.012,0.435,-1.24,59050.82,No injected typology,0
NPI2000002949,Oncology,West,71,6.3,305.66,1.31,0.076,0.056,0.078,0.043,0.103,0.155,0.83,178607.8,No injected typology,0
NPI2000002950,Radiology,West,132,8.86,215.72,1.04,0.075,0.076,0.031,0.042,0.041,0.346,0.79,262638.93,No injected typology,0
NPI2000002951,DME Supplier,Northeast,183,7.02,862.92,1.21,0.03,0.014,0.014,0.082,0.213,0.264,0.98,1340180.56,No injected typology,0
NPI2000002952,DME Supplier,West,277,6.92,87.14,1.15,0.289,0.004,0.216,0.095,0.04,0.136,-0.58,191732.23,No injected typology,0
NPI2000002953,Internal Medicine,Midwest,523,5.71,419.14,0.96,0.535,0.08,0.184,0.08,0.168,0.261,1.23,1201053.15,No injected typology,0
NPI2000002954,Oncology,South,162,4.59,298.49,0.82,0.024,0.013,0.004,0.05,0.093,0.293,-0.34,181987.98,No injected typology,0
NPI2000002955,Oncology,Northeast,170,5.68,318.5,1.16,0.072,0.034,0.211,0.04,0.058,0.245,-0.82,357216.91,No injected typology,0
NPI2000002956,Internal Medicine,South,267,7.75,593.54,0.63,0.213,0.007,0.182,0.046,0.199,0.115,0.7,771228.59,No injected typology,0
NPI2000002957,Radiology,South,185,7.0,273.05,0.77,0.2,0.001,0.116,0.011,0.012,0.045,0.44,272902.12,No injected typology,0
NPI2000002958,DME Supplier,South,133,8.44,520.85,0.99,0.039,0.009,0.016,0.09,0.047,0.161,0.16,576738.57,No injected typology,0
NPI2000002959,Orthopedics,South,172,6.76,260.65,0.7,0.115,0.024,0.029,0.007,0.135,0.404,0.45,213164.61,No injected typology,0
NPI2000002960,DME Supplier,Northeast,422,7.3,323.33,1.18,0.031,0.042,0.249,0.006,0.104,0.192,-0.92,1174880.57,No injected typology,0
NPI2000002961,Internal Medicine,West,154,6.44,1103.27,1.03,0.117,0.042,0.016,0.036,0.106,0.057,-0.14,1126300.58,No injected typology,0
NPI2000002962,Orthopedics,Northeast,58,6.56,264.84,0.91,0.259,0.017,0.085,0.037,0.156,0.14,0.03,91654.32,No injected typology,0
NPI2000002963,Orthopedics,West,414,7.08,201.35,1.63,0.109,0.111,0.041,0.042,0.13,0.39,-0.15,959228.19,No injected typology,0
NPI2000002964,Home Health,Midwest,150,4.92,538.12,1.39,0.223,0.024,0.038,0.06,0.01,0.096,1.33,551721.74,No injected typology,0
NPI2000002965,DME Supplier,South,349,7.35,473.9,1.07,0.451,0.058,0.121,0.019,0.041,0.362,-0.3,1306698.45,No injected typology,0
NPI2000002966,Internal Medicine,Midwest,114,5.12,308.89,1.11,0.047,0.048,0.092,0.829,0.102,0.028,-0.57,199238.16,Impossible frequency,1
NPI2000002967,Cardiology,South,46,6.02,463.45,1.06,0.931,0.057,0.204,0.01,0.14,0.056,5.17,135821.37,Upcoding,1
NPI2000002968,Orthopedics,Midwest,111,4.02,187.94,1.02,0.176,0.035,0.037,0.038,0.093,0.392,0.23,85492.38,No injected typology,0
NPI2000002969,Orthopedics,Northeast,65,5.47,410.08,1.31,0.211,0.06,0.058,0.036,0.092,0.176,-0.2,191633.42,No injected typology,0
NPI2000002970,Radiology,South,179,6.49,563.04,1.12,0.195,0.009,0.289,0.0,0.185,0.19,1.2,732705.97,No injected typology,0
NPI2000002971,Lab,Northeast,179,8.09,145.58,1.28,0.207,0.046,0.125,0.018,0.273,0.126,1.26,270163.59,No injected typology,0
NPI2000002972,Oncology,South,125,5.65,457.99,0.92,0.237,0.009,0.174,0.047,0.114,0.087,-0.46,298893.33,No injected typology,0
NPI2000002973,Oncology,Northeast,454,6.68,316.06,0.93,0.294,0.03,0.275,0.106,0.206,0.183,-0.71,892895.9,No injected typology,0
NPI2000002974,Pain Management,West,82,6.59,311.25,0.83,0.313,0.006,0.115,0.026,0.14,0.118,0.07,140101.59,No injected typology,0
NPI2000002975,DME Supplier,Midwest,72,4.08,563.66,1.15,0.282,0.128,0.104,0.052,0.149,0.555,3.18,190054.87,No injected typology,0
NPI2000002976,Home Health,Northeast,175,5.99,160.85,1.08,0.241,0.005,0.041,0.0,0.172,0.195,-3.22,182231.11,No injected typology,0
NPI2000002977,Pain Management,South,248,5.65,354.75,1.41,0.157,0.002,0.039,0.034,0.209,0.072,0.2,699925.11,No injected typology,0
NPI2000002978,Internal Medicine,Midwest,172,6.12,693.56,0.55,0.124,0.033,0.067,0.032,0.128,0.368,-0.08,401297.56,No injected typology,0
NPI2000002979,Internal Medicine,South,100,7.64,509.95,1.07,0.816,0.03,0.06,0.008,0.181,0.451,3.95,415951.34,Upcoding,1
NPI2000002980,Radiology,West,287,5.72,154.76,1.08,0.189,0.017,0.076,0.131,0.073,0.045,-0.75,274482.66,No injected typology,0
NPI2000002981,Radiology,Midwest,45,5.61,338.27,0.93,0.236,0.302,0.03,0.021,0.047,0.243,-0.04,79284.83,Duplicate billing,1
NPI2000002982,Cardiology,West,73,4.02,1108.22,1.13,0.281,0.013,0.176,0.269,0.174,0.358,0.47,366949.25,No injected typology,0
NPI2000002983,Internal Medicine,South,131,5.93,672.7,0.66,0.057,0.06,0.287,0.013,0.062,0.457,-3.06,345052.23,No injected typology,0
NPI2000002984,DME Supplier,South,51,9.75,145.26,1.17,0.396,0.308,0.156,0.048,0.173,0.138,-1.01,84334.79,Duplicate billing,1
NPI2000002985,Lab,Northeast,155,7.98,1030.17,1.51,0.073,0.014,0.046,0.102,0.204,0.121,1.28,1925295.38,No injected typology,0
NPI2000002986,Internal Medicine,West,120,6.35,234.45,1.32,0.095,0.052,0.066,0.07,0.028,0.105,-1.15,236092.61,No injected typology,0
NPI2000002987,Home Health,West,140,4.56,703.42,0.55,0.17,0.065,0.011,0.063,0.023,0.232,-0.7,246756.24,No injected typology,0
NPI2000002988,Cardiology,Northeast,166,5.25,150.77,0.93,0.293,0.081,0.138,0.012,0.088,0.158,-1.15,122675.29,No injected typology,0
NPI2000002989,Cardiology,South,218,5.47,493.88,1.35,0.056,0.043,0.093,0.012,0.113,0.416,0.55,794173.68,No injected typology,0
NPI2000002990,Pain Management,Northeast,175,6.32,995.96,1.14,0.107,0.03,0.12,0.137,0.081,0.114,0.77,1253265.69,No injected typology,0
NPI2000002991,Internal Medicine,West,166,5.52,381.78,0.8,0.11,0.118,0.016,0.036,0.027,0.209,0.42,278890.53,No injected typology,0
NPI2000002992,Radiology,South,50,10.22,212.73,1.34,0.188,0.001,0.114,0.059,0.111,0.395,1.06,145376.72,No injected typology,0
NPI2000002993,Internal Medicine,Northeast,133,8.62,535.57,0.78,0.251,0.096,0.06,0.006,0.056,0.353,-1.04,477324.61,No injected typology,0
NPI2000002994,Pain Management,West,89,5.83,137.95,1.08,0.161,0.072,0.135,0.024,0.058,0.022,-0.68,77643.76,No injected typology,0
NPI2000002995,Home Health,South,103,6.95,196.14,0.8,0.248,0.027,0.141,0.024,0.104,0.072,-0.43,112891.04,No injected typology,0
NPI2000002996,Lab,South,33,7.58,432.86,1.02,0.224,0.033,0.046,0.017,0.041,0.054,-1.17,110910.35,No injected typology,0
NPI2000002997,DME Supplier,Northeast,79,6.69,460.1,1.1,0.136,0.039,0.077,0.049,0.056,0.372,-0.3,267757.43,No injected typology,0
NPI2000002998,Internal Medicine,West,124,5.31,345.99,1.33,0.146,0.105,0.052,0.007,0.064,0.339,-0.77,302016.09,No injected typology,0
NPI2000002999,Lab,South,340,10.09,110.23,1.53,0.051,0.101,0.159,0.033,0.071,0.212,-1.02,579998.71,No injected typology,0
NPI2000003000,Oncology,South,74,7.12,428.86,0.98,0.185,0.01,0.11,0.094,0.068,0.312,-0.27,221430.02,No injected typology,0
NPI2000003001,Internal Medicine,South,54,7.84,373.52,1.4,0.114,0.044,0.101,0.04,0.045,0.2,1.98,220731.83,No injected typology,0
NPI2000003002,Oncology,South,161,6.3,439.38,1.02,0.228,0.035,0.182,0.112,0.259,0.081,0.13,455303.9,No injected typology,0
NPI2000003003,Home Health,Midwest,454,8.96,191.23,1.33,0.338,0.005,0.148,0.033,0.147,0.259,0.55,1033492.71,No injected typology,0
NPI2000003004,DME Supplier,Northeast,250,5.43,138.46,1.28,0.619,0.005,0.223,0.004,0.206,0.046,-0.83,241159.22,No injected typology,0
NPI2000003005,Orthopedics,Midwest,129,8.44,332.61,1.29,0.133,0.017,0.054,0.026,0.087,0.315,1.74,466686.9,No injected typology,0
NPI2000003006,Internal Medicine,West,195,6.6,241.61,1.14,0.293,0.059,0.057,0.115,0.008,0.096,0.47,355076.1,No injected typology,0
NPI2000003007,Home Health,South,99,5.72,647.93,1.22,0.856,0.032,0.097,0.054,0.095,0.145,4.19,447595.01,Upcoding,1
NPI2000003008,Lab,Northeast,183,4.22,177.4,0.88,0.22,0.117,0.024,0.061,0.058,0.192,-0.24,120599.77,No injected typology,0
NPI2000003009,Internal Medicine,West,132,6.8,288.08,1.13,0.873,0.007,0.225,0.692,0.085,0.27,4.8,291403.38,Upcoding,1
NPI2000003010,DME Supplier,South,535,6.85,488.86,0.99,0.352,0.019,0.03,0.056,0.108,0.516,-0.69,1769676.6,No injected typology,0
NPI2000003011,Home Health,South,94,5.25,382.35,0.98,0.22,0.068,0.041,0.004,0.005,0.43,-2.68,184998.89,No injected typology,0
NPI2000003012,Oncology,Northeast,214,8.03,552.58,1.02,0.241,0.027,0.079,0.017,0.014,0.077,1.05,965929.94,No injected typology,0
NPI2000003013,Internal Medicine,West,203,5.07,193.58,1.03,0.277,0.011,0.216,0.164,0.155,0.226,-0.77,205184.75,No injected typology,0
NPI2000003014,Orthopedics,Northeast,147,6.71,485.61,1.33,0.051,0.035,0.037,0.185,0.161,0.227,1.31,638209.93,No injected typology,0
NPI2000003015,Internal Medicine,West,179,6.51,669.12,1.37,0.164,0.047,0.15,0.181,0.205,0.542,0.25,1070512.57,No injected typology,0
NPI2000003016,Cardiology,Northeast,648,4.06,553.79,0.94,0.122,0.033,0.074,0.033,0.106,0.463,1.21,1366920.35,No injected typology,0
NPI2000003017,Lab,South,70,6.61,153.47,1.04,0.305,0.032,0.03,0.03,0.098,0.252,0.23,74135.99,No injected typology,0
NPI2000003018,Internal Medicine,Midwest,183,5.37,450.7,0.92,0.128,0.014,0.224,0.033,0.039,0.623,0.65,406855.84,No injected typology,0
NPI2000003019,Orthopedics,South,283,6.16,160.77,1.06,0.105,0.054,0.041,0.072,0.11,0.078,-1.77,297306.61,No injected typology,0
NPI2000003020,Lab,West,89,3.87,140.24,0.91,0.189,0.018,0.1,0.06,0.039,0.469,-0.5,43967.23,No injected typology,0
NPI2000003021,Radiology,South,76,6.74,588.21,0.98,0.156,0.071,0.294,0.067,0.113,0.16,1.31,296163.21,No injected typology,0
NPI2000003022,Oncology,South,57,4.02,542.87,0.92,0.1,0.024,0.093,0.042,0.004,0.113,0.33,114930.94,No injected typology,0
NPI2000003023,Internal Medicine,Midwest,503,4.47,287.8,0.87,0.134,0.379,0.103,0.005,0.114,0.424,1.42,565018.32,Duplicate billing,1
NPI2000003024,Internal Medicine,West,221,6.7,285.7,0.83,0.332,0.116,0.062,0.178,0.116,0.303,1.11,353154.17,No injected typology,0
NPI2000003025,Cardiology,Northeast,108,5.04,256.38,1.09,0.371,0.011,0.036,0.035,0.165,0.066,-1.21,152127.57,No injected typology,0
NPI2000003026,Pain Management,South,115,6.87,1121.37,1.15,0.128,0.099,0.674,0.068,0.102,0.185,3.96,1020028.4,Unbundling/modifier abuse,1
NPI2000003027,Home Health,Northeast,133,5.82,227.21,1.35,0.046,0.017,0.15,0.08,0.148,0.485,0.76,238092.05,No injected typology,0
NPI2000003028,Internal Medicine,Northeast,200,6.32,347.86,1.37,0.114,0.041,0.111,0.071,0.047,0.462,0.73,604923.35,No injected typology,0
NPI2000003029,Home Health,Northeast,95,6.31,140.79,1.04,0.121,0.037,0.151,0.206,0.044,0.477,-0.41,87578.06,No injected typology,0
NPI2000003030,Cardiology,Midwest,241,7.6,290.5,1.17,0.087,0.033,0.014,0.015,0.088,0.167,-0.06,621581.55,No injected typology,0
NPI2000003031,Oncology,Northeast,247,7.91,218.37,0.88,0.173,0.037,0.058,0.19,0.103,0.239,0.03,377195.34,No injected typology,0
NPI2000003032,DME Supplier,Northeast,380,4.82,685.88,1.25,0.097,0.033,0.276,0.016,0.079,0.339,-0.2,1573197.65,No injected typology,0
NPI2000003033,Internal Medicine,West,220,7.44,461.63,1.12,0.174,0.134,0.07,0.113,0.137,0.315,-0.19,845267.04,No injected typology,0
NPI2000003034,Lab,South,252,5.93,621.12,1.22,0.145,0.335,0.25,0.153,0.044,0.142,1.42,1132816.52,Duplicate billing,1
NPI2000003035,Pain Management,West,214,6.09,447.98,1.03,0.183,0.025,0.092,0.005,0.084,0.335,-0.72,602270.23,No injected typology,0
NPI2000003036,Radiology,South,328,4.12,581.23,1.01,0.18,0.129,0.088,0.029,0.036,0.187,-0.44,795279.03,No injected typology,0
NPI2000003037,DME Supplier,Northeast,232,7.21,244.2,0.65,0.271,0.005,0.059,0.12,0.08,0.242,-0.25,263696.78,No injected typology,0
NPI2000003038,Lab,South,142,8.78,584.31,0.94,0.321,0.003,0.082,0.058,0.078,0.066,-0.89,684590.42,No injected typology,0
NPI2000003039,Cardiology,West,115,7.22,198.52,1.03,0.261,0.076,0.187,0.002,0.121,0.12,-0.76,170087.81,No injected typology,0
NPI2000003040,Oncology,Northeast,115,8.24,196.56,0.78,0.088,0.014,0.147,0.043,0.086,0.211,1.27,146214.32,No injected typology,0
NPI2000003041,Internal Medicine,West,173,5.97,547.33,0.71,0.471,0.027,0.135,0.002,0.105,0.058,1.08,404292.0,No injected typology,0
NPI2000003042,Orthopedics,Northeast,99,6.35,380.88,0.69,0.074,0.045,0.15,0.016,0.21,0.349,1.03,164312.2,No injected typology,0
NPI2000003043,Internal Medicine,South,157,3.72,350.18,0.7,0.13,0.037,0.152,0.009,0.11,0.194,-0.32,142502.73,No injected typology,0
NPI2000003044,Oncology,West,102,7.59,296.96,1.31,0.137,0.059,0.064,0.033,0.268,0.18,0.2,299977.47,No injected typology,0
NPI2000003045,Internal Medicine,South,167,5.63,640.23,0.89,0.477,0.007,0.314,0.067,0.261,0.086,-0.18,535420.34,No injected typology,0
NPI2000003046,Cardiology,South,155,7.62,414.49,1.07,0.256,0.004,0.072,0.081,0.01,0.155,0.87,525381.22,No injected typology,0
NPI2000003047,Orthopedics,South,188,6.53,358.63,1.24,0.262,0.088,0.121,0.041,0.008,0.252,0.38,545638.36,No injected typology,0
NPI2000003048,Internal Medicine,West,328,5.04,390.25,1.08,0.107,0.052,0.033,0.089,0.231,0.249,-0.57,694556.25,No injected typology,0
NPI2000003049,Oncology,South,169,7.92,369.17,1.03,0.223,0.118,0.047,0.071,0.077,0.102,1.28,508859.26,No injected typology,0
NPI2000003050,Radiology,Midwest,57,3.76,248.79,0.9,0.284,0.05,0.065,0.01,0.197,0.124,-1.27,47907.31,No injected typology,0
NPI2000003051,DME Supplier,Midwest,243,4.94,333.25,1.07,0.04,0.012,0.071,0.162,0.29,0.663,-0.35,429189.28,No injected typology,0
NPI2000003052,Orthopedics,Northeast,176,5.63,211.34,0.89,0.122,0.011,0.005,0.05,0.199,0.315,-0.84,186975.26,No injected typology,0
NPI2000003053,Internal Medicine,Northeast,188,6.12,245.21,1.17,0.28,0.045,0.276,0.036,0.202,0.358,-0.45,331433.44,No injected typology,0
NPI2000003054,Internal Medicine,Midwest,155,8.16,146.44,0.81,0.081,0.008,0.091,0.015,0.036,0.153,-0.85,150404.19,No injected typology,0
NPI2000003055,Orthopedics,South,106,4.18,624.55,1.52,0.365,0.009,0.258,0.014,0.204,0.165,2.12,419565.49,No injected typology,0
NPI2000003056,Home Health,West,71,6.33,321.52,0.82,0.092,0.004,0.023,0.087,0.062,0.573,1.25,118474.62,No injected typology,0
NPI2000003057,Lab,South,216,5.23,198.59,1.33,0.307,0.11,0.13,0.046,0.04,0.238,-0.3,299055.14,No injected typology,0
NPI2000003058,Cardiology,South,263,6.78,346.32,0.87,0.063,0.015,0.175,0.013,0.005,0.178,0.03,539759.14,No injected typology,0
NPI2000003059,Lab,South,58,6.43,332.25,0.89,0.165,0.009,0.091,0.114,0.135,0.322,-1.49,110611.07,No injected typology,0
NPI2000003060,Home Health,South,115,7.14,834.35,0.93,0.43,0.036,0.052,0.004,0.074,0.248,0.52,634058.33,No injected typology,0
NPI2000003061,Internal Medicine,Midwest,50,7.62,1896.28,0.89,0.837,0.016,0.152,0.02,0.032,0.466,5.01,642801.44,Upcoding,1
NPI2000003062,Internal Medicine,Northeast,57,7.92,582.64,0.86,0.183,0.012,0.287,0.017,0.058,0.018,-0.17,225563.08,No injected typology,0
NPI2000003063,Internal Medicine,Northeast,284,6.66,512.67,0.84,0.093,0.046,0.399,0.021,0.128,0.231,-1.23,818605.86,No injected typology,0
NPI2000003064,Oncology,Midwest,148,6.67,159.65,0.95,0.172,0.038,0.064,0.106,0.067,0.21,0.42,149961.68,No injected typology,0
NPI2000003065,Cardiology,South,391,6.85,729.88,1.19,0.069,0.082,0.19,0.083,0.196,0.324,-0.24,2331438.98,No injected typology,0
NPI2000003066,Internal Medicine,West,63,8.25,529.49,1.22,0.083,0.014,0.137,0.02,0.113,0.333,0.1,337021.84,No injected typology,0
NPI2000003067,Home Health,South,176,4.92,455.87,0.71,0.433,0.061,0.043,0.044,0.017,0.178,-1.09,278386.49,No injected typology,0
NPI2000003068,Cardiology,Northeast,293,6.95,301.62,0.91,0.156,0.058,0.018,0.041,0.01,0.086,-0.95,557940.52,No injected typology,0
NPI2000003069,Oncology,West,282,10.36,354.74,0.92,0.159,0.039,0.058,0.04,0.203,0.409,-0.05,950669.68,No injected typology,0
NPI2000003070,Home Health,Midwest,526,5.45,877.95,0.72,0.25,0.048,0.032,0.001,0.154,0.216,0.63,1812216.61,No injected typology,0
NPI2000003071,Lab,Midwest,210,3.76,314.51,0.88,0.074,0.02,0.122,0.105,0.098,0.413,0.11,218328.83,No injected typology,0
NPI2000003072,Home Health,Northeast,214,6.87,895.15,1.4,0.047,0.022,0.114,0.047,0.045,0.284,2.65,1842642.03,No injected typology,0
NPI2000003073,Radiology,West,211,9.41,481.48,0.82,0.368,0.006,0.183,0.008,0.25,0.329,1.52,782008.23,No injected typology,0
NPI2000003074,Pain Management,Midwest,250,3.84,144.24,1.1,0.106,0.068,0.243,0.059,0.044,0.039,-0.04,152854.85,No injected typology,0
NPI2000003075,Orthopedics,Midwest,196,7.28,524.26,1.2,0.125,0.023,0.146,0.068,0.104,0.449,1.27,897899.04,No injected typology,0
NPI2000003076,Radiology,Midwest,162,7.34,486.2,1.01,0.074,0.057,0.083,0.106,0.219,0.267,-0.35,582310.88,No injected typology,0
NPI2000003077,Internal Medicine,West,146,4.82,209.99,0.66,0.078,0.026,0.056,0.024,0.063,0.146,-1.04,97664.69,No injected typology,0
NPI2000003078,Internal Medicine,West,246,5.16,537.71,0.96,0.37,0.005,0.059,0.067,0.144,0.631,-0.25,657248.83,No injected typology,0
NPI2000003079,Oncology,West,124,4.59,468.48,0.9,0.407,0.027,0.14,0.009,0.095,0.197,1.04,239130.18,No injected typology,0
NPI2000003080,Orthopedics,Midwest,97,5.0,469.83,0.84,0.292,0.018,0.236,0.101,0.111,0.264,-0.71,191497.24,No injected typology,0
NPI2000003081,DME Supplier,Midwest,290,6.89,226.29,1.14,0.262,0.006,0.16,0.014,0.157,0.59,1.2,517136.61,No injected typology,0
NPI2000003082,Orthopedics,Northeast,139,6.07,612.7,1.1,0.169,0.043,0.152,0.029,0.249,0.389,2.28,570411.27,No injected typology,0
NPI2000003083,Radiology,Midwest,134,7.77,495.75,0.55,0.166,0.018,0.045,0.023,0.136,0.206,-1.66,283917.99,No injected typology,0
NPI2000003084,Radiology,West,197,6.59,227.35,0.93,0.072,0.155,0.163,0.117,0.083,0.343,0.1,273125.27,No injected typology,0
NPI2000003085,Internal Medicine,West,121,8.43,357.66,0.98,0.09,0.006,0.14,0.501,0.062,0.384,1.28,356623.41,Impossible frequency,1
NPI2000003086,Radiology,West,93,5.86,528.57,0.92,0.198,0.013,0.132,0.021,0.307,0.232,1.25,264925.8,No injected typology,0
NPI2000003087,Cardiology,West,287,6.73,229.28,0.91,0.322,0.029,0.126,0.073,0.027,0.651,-0.85,403458.85,No injected typology,0
NPI2000003088,DME Supplier,South,330,7.8,581.77,0.74,0.246,0.01,0.067,0.06,0.141,0.556,1.14,1104823.98,No injected typology,0
NPI2000003089,Pain Management,Midwest,93,6.74,164.47,1.26,0.249,0.007,0.152,0.288,0.104,0.01,0.16,129862.43,No injected typology,0
NPI2000003090,Lab,Northeast,144,7.55,517.06,0.83,0.256,0.015,0.057,0.052,0.162,0.245,-1.1,465902.71,No injected typology,0
NPI2000003091,Orthopedics,South,222,6.5,238.72,0.84,0.24,0.031,0.213,0.019,0.135,0.184,-0.97,288806.29,No injected typology,0
NPI2000003092,Lab,South,343,8.24,252.5,0.9,0.284,0.003,0.134,0.002,0.298,0.135,0.05,644435.39,No injected typology,0
NPI2000003093,Oncology,West,259,3.84,448.6,0.55,0.085,0.009,0.042,0.226,0.065,0.077,-1.03,245578.07,No injected typology,0
NPI2000003094,DME Supplier,South,259,5.5,292.25,1.37,0.245,0.078,0.196,0.194,0.124,0.275,-0.03,569189.12,No injected typology,0
NPI2000003095,Lab,West,128,6.04,400.05,0.89,0.076,0.034,0.035,0.003,0.031,0.059,0.56,275245.37,No injected typology,0
NPI2000003096,Lab,West,188,7.74,337.76,1.34,0.12,0.006,0.018,0.775,0.316,0.355,-1.0,660336.03,Impossible frequency,1
NPI2000003097,Cardiology,Northeast,311,6.17,182.92,1.14,0.318,0.096,0.067,0.112,0.059,0.638,-0.9,399205.39,No injected typology,0
NPI2000003098,Pain Management,West,84,8.45,349.99,1.13,0.313,0.017,0.043,0.03,0.069,0.35,-1.36,280127.12,No injected typology,0
NPI2000003099,Lab,South,286,5.26,448.36,1.41,0.068,0.058,0.085,0.037,0.191,0.177,1.0,951709.25,No injected typology,0
NPI2000003100,Radiology,South,190,5.49,392.8,1.31,0.152,0.042,0.028,0.008,0.065,0.14,-1.47,536608.26,No injected typology,0
NPI2000003101,Lab,West,115,7.97,877.69,0.8,0.132,0.04,0.029,0.029,0.139,0.671,0.89,641883.46,No injected typology,0
NPI2000003102,Home Health,West,238,5.71,216.46,1.02,0.237,0.076,0.215,0.15,0.198,0.102,0.12,301196.66,No injected typology,0
NPI2000003103,Orthopedics,South,217,3.79,717.9,0.83,0.534,0.026,0.065,0.074,0.124,0.246,0.54,487428.06,No injected typology,0
NPI2000003104,Radiology,South,115,5.52,406.66,1.3,0.119,0.022,0.235,0.058,0.013,0.203,-0.34,335884.97,No injected typology,0
NPI2000003105,Orthopedics,South,148,9.85,336.77,1.25,0.284,0.056,0.093,0.013,0.03,0.267,0.47,611800.89,No injected typology,0
NPI2000003106,DME Supplier,South,101,4.13,252.73,1.04,0.195,0.037,0.061,0.001,0.221,0.332,-0.37,110129.13,No injected typology,0
NPI2000003107,Cardiology,Northeast,144,5.05,502.45,1.03,0.12,0.063,0.791,0.122,0.197,0.192,2.63,377237.06,Unbundling/modifier abuse,1
NPI2000003108,Orthopedics,Midwest,85,7.26,172.16,1.15,0.187,0.004,0.125,0.018,0.025,0.527,0.45,122532.13,No injected typology,0
NPI2000003109,Pain Management,South,69,5.01,793.25,1.16,0.064,0.04,0.144,0.011,0.025,0.035,0.16,319686.76,No injected typology,0
NPI2000003110,Internal Medicine,Northeast,273,9.06,410.28,1.14,0.215,0.039,0.085,0.125,0.126,0.156,-0.13,1154962.24,No injected typology,0
NPI2000003111,Internal Medicine,Northeast,64,4.6,460.87,1.13,0.265,0.138,0.032,0.004,0.13,0.456,-0.96,153636.6,No injected typology,0
NPI2000003112,Lab,West,71,6.99,705.63,1.33,0.055,0.053,0.031,0.075,0.227,0.45,-0.14,467037.71,No injected typology,0
NPI2000003113,Oncology,Midwest,90,5.6,325.02,1.19,0.31,0.048,0.093,0.147,0.163,0.085,-0.46,194890.15,No injected typology,0
NPI2000003114,Internal Medicine,Northeast,585,5.18,331.94,1.0,0.129,0.036,0.183,0.085,0.097,0.326,0.16,1009499.65,No injected typology,0
NPI2000003115,Orthopedics,Midwest,67,4.96,461.61,0.87,0.188,0.007,0.178,0.233,0.274,0.176,-0.08,133090.11,No injected typology,0
NPI2000003116,Home Health,Northeast,126,8.26,1003.15,1.08,0.063,0.019,0.171,0.026,0.072,0.307,0.31,1132589.19,No injected typology,0
NPI2000003117,Internal Medicine,Northeast,107,6.46,138.74,0.92,0.408,0.055,0.106,0.113,0.034,0.209,-0.88,88339.36,No injected typology,0
NPI2000003118,Internal Medicine,West,265,4.01,339.5,0.97,0.168,0.036,0.089,0.019,0.143,0.144,0.84,349773.52,No injected typology,0
NPI2000003119,Lab,South,104,7.48,249.37,0.89,0.104,0.06,0.033,0.064,0.17,0.09,0.58,172319.84,No injected typology,0
NPI2000003120,Cardiology,West,348,4.33,675.98,1.03,0.621,0.018,0.016,0.196,0.051,0.215,1.3,1049358.41,No injected typology,0
NPI2000003121,Oncology,Northeast,163,6.43,148.9,1.02,0.131,0.012,0.071,0.057,0.102,0.143,-0.77,159329.43,No injected typology,0
NPI2000003122,DME Supplier,South,368,3.0,135.25,1.06,0.131,0.029,0.033,0.205,0.148,0.058,0.32,158826.68,No injected typology,0
NPI2000003123,DME Supplier,Northeast,200,8.5,786.78,0.67,0.548,0.028,0.058,0.01,0.18,0.448,1.24,899712.1,No injected typology,0
NPI2000003124,DME Supplier,Northeast,160,7.16,448.77,1.1,0.286,0.014,0.149,0.027,0.074,0.415,-1.22,563701.02,No injected typology,0
NPI2000003125,Pain Management,Northeast,77,5.19,372.04,0.73,0.117,0.035,0.036,0.009,0.084,0.143,-1.45,109136.09,No injected typology,0
NPI2000003126,Cardiology,Midwest,114,5.23,316.68,0.65,0.189,0.016,0.059,0.019,0.134,0.616,0.82,123082.29,No injected typology,0
NPI2000003127,Home Health,West,149,9.06,1034.45,0.67,0.132,0.006,0.106,0.039,0.159,0.07,-1.01,936739.24,No injected typology,0
NPI2000003128,Pain Management,Midwest,137,9.24,223.55,1.15,0.376,0.016,0.164,0.096,0.052,0.142,1.36,325006.77,No injected typology,0
NPI2000003129,Lab,South,233,7.41,486.49,0.6,0.4,0.093,0.07,0.012,0.082,0.388,-1.73,501529.43,No injected typology,0
NPI2000003130,Cardiology,Midwest,160,6.99,628.38,0.71,0.344,0.027,0.035,0.011,0.092,0.131,-0.88,495532.08,No injected typology,0
NPI2000003131,Internal Medicine,Northeast,270,5.11,342.36,1.0,0.199,0.059,0.074,0.055,0.053,0.487,0.03,473493.16,No injected typology,0
NPI2000003132,Lab,Midwest,149,6.51,206.77,1.02,0.084,0.057,0.172,0.139,0.055,0.131,-0.74,204790.04,No injected typology,0
NPI2000003133,DME Supplier,Midwest,137,7.23,452.16,1.3,0.2,0.028,0.145,0.054,0.16,0.327,-0.28,583225.22,No injected typology,0
NPI2000003134,Cardiology,South,279,2.39,304.76,0.85,0.086,0.074,0.051,0.002,0.077,0.474,1.18,171994.43,No injected typology,0
NPI2000003135,Radiology,West,197,6.13,325.25,0.84,0.126,0.095,0.07,0.004,0.186,0.013,-0.35,329067.72,No injected typology,0
NPI2000003136,Cardiology,Northeast,270,3.16,462.5,1.12,0.506,0.025,0.093,0.119,0.011,0.444,0.27,441584.83,No injected typology,0
NPI2000003137,Radiology,West,209,3.19,621.32,1.03,0.124,0.031,0.205,0.003,0.261,0.35,0.62,428677.99,No injected typology,0
NPI2000003138,Home Health,Northeast,120,5.12,264.21,1.31,0.226,0.089,0.16,0.011,0.059,0.44,0.26,212022.75,No injected typology,0
NPI2000003139,Cardiology,West,189,7.62,491.93,1.09,0.189,0.028,0.045,0.187,0.034,0.113,0.32,773236.99,No injected typology,0
NPI2000003140,Home Health,Northeast,214,5.69,343.13,0.81,0.273,0.074,0.116,0.014,0.102,0.205,0.09,339458.64,No injected typology,0
NPI2000003141,Pain Management,West,177,6.25,363.98,0.55,0.095,0.007,0.148,0.088,0.046,0.467,-1.19,221572.29,No injected typology,0
NPI2000003142,Internal Medicine,West,401,6.92,326.66,1.17,0.056,0.052,0.074,0.201,0.036,0.428,1.43,1057711.93,No injected typology,0
NPI2000003143,Oncology,Northeast,48,5.38,263.97,1.35,0.173,0.022,0.051,0.041,0.134,0.163,0.57,91985.03,No injected typology,0
NPI2000003144,Cardiology,South,191,5.02,590.29,1.03,0.122,0.018,0.028,0.063,0.086,0.223,0.94,584908.73,No injected typology,0
NPI2000003145,Orthopedics,South,177,6.34,521.55,1.27,0.183,0.029,0.433,0.021,0.189,0.254,0.73,741101.09,No injected typology,0
NPI2000003146,Lab,Midwest,295,7.04,278.47,1.17,0.084,0.065,0.036,0.1,0.033,0.2,-0.63,675176.88,No injected typology,0
NPI2000003147,Home Health,West,122,4.35,281.99,0.57,0.153,0.029,0.047,0.01,0.206,0.131,-1.05,85983.28,No injected typology,0
NPI2000003148,Internal Medicine,Northeast,193,4.85,443.34,1.05,0.276,0.017,0.032,0.017,0.041,0.125,-0.53,435605.92,No injected typology,0
NPI2000003149,Home Health,Midwest,109,6.69,391.05,0.94,0.409,0.061,0.078,0.072,0.215,0.169,-0.17,267758.87,No injected typology,0
NPI2000003150,Internal Medicine,West,67,7.53,493.95,0.87,0.199,0.065,0.022,0.585,0.231,0.593,-0.8,216985.54,Impossible frequency,1
NPI2000003151,Radiology,Midwest,90,6.27,106.79,0.74,0.319,0.05,0.324,0.141,0.081,0.138,1.71,44467.96,No injected typology,0
NPI2000003152,Home Health,South,365,6.06,359.98,1.28,0.261,0.034,0.123,0.015,0.401,0.236,-0.31,1022931.84,No injected typology,0
NPI2000003153,Home Health,Northeast,70,6.85,439.78,1.43,0.137,0.016,0.244,0.07,0.205,0.151,0.66,300863.96,No injected typology,0
NPI2000003154,DME Supplier,South,205,5.2,449.97,1.09,0.188,0.074,0.158,0.019,0.02,0.171,-1.65,522245.79,No injected typology,0
NPI2000003155,Orthopedics,Northeast,68,4.89,283.51,1.28,0.306,0.016,0.016,0.093,0.103,0.184,-1.46,120439.16,No injected typology,0
NPI2000003156,Home Health,Midwest,256,8.18,737.87,1.3,0.686,0.022,0.01,0.04,0.139,0.371,4.46,2006107.75,Upcoding,1
NPI2000003157,Pain Management,Northeast,235,7.66,542.58,1.0,0.139,0.019,0.143,0.12,0.085,0.16,-0.16,975541.66,No injected typology,0
NPI2000003158,Radiology,South,175,5.86,273.6,0.78,0.222,0.124,0.075,0.042,0.033,0.185,-0.4,218323.96,No injected typology,0
NPI2000003159,Internal Medicine,Northeast,117,6.03,273.77,1.03,0.123,0.059,0.334,0.003,0.057,0.186,-0.83,199387.03,No injected typology,0
NPI2000003160,Cardiology,South,162,7.37,746.87,0.91,0.763,0.043,0.095,0.019,0.105,0.22,4.71,815056.87,Upcoding,1
NPI2000003161,Internal Medicine,South,197,6.03,260.82,0.81,0.012,0.012,0.242,0.111,0.262,0.121,0.12,251236.72,No injected typology,0
NPI2000003162,DME Supplier,South,131,5.58,367.96,1.22,0.232,0.029,0.157,0.023,0.648,0.35,3.6,328928.81,DME aberrancy,1
NPI2000003163,Home Health,South,46,7.38,203.41,1.07,0.099,0.055,0.106,0.026,0.13,0.596,-0.17,73751.14,No injected typology,0
NPI2000003164,Cardiology,Midwest,248,5.45,114.4,0.75,0.209,0.045,0.121,0.125,0.158,0.201,-1.37,115245.99,No injected typology,0
NPI2000003165,Oncology,Northeast,167,4.89,573.23,1.35,0.206,0.013,0.159,0.014,0.125,0.351,0.25,631554.59,No injected typology,0
NPI2000003166,Orthopedics,South,150,5.28,172.6,1.34,0.2,0.036,0.004,0.141,0.289,0.134,-0.54,182782.97,No injected typology,0
NPI2000003167,Internal Medicine,Midwest,123,4.11,520.36,1.01,0.248,0.016,0.087,0.053,0.079,0.146,-0.29,266830.04,No injected typology,0
NPI2000003168,Radiology,South,30,5.99,486.19,0.81,0.206,0.034,0.029,0.005,0.112,0.384,-0.11,70735.62,No injected typology,0
NPI2000003169,Internal Medicine,South,147,5.77,119.77,0.76,0.152,0.006,0.016,0.035,0.331,0.191,-0.35,76827.86,No injected typology,0
NPI2000003170,Internal Medicine,West,128,6.94,475.49,1.08,0.265,0.023,0.069,0.019,0.073,0.417,0.87,456237.78,No injected typology,0
NPI2000003171,Cardiology,South,217,6.24,206.85,0.98,0.024,0.052,0.109,0.185,0.042,0.067,0.09,273756.59,No injected typology,0
NPI2000003172,Pain Management,West,189,6.54,823.95,0.76,0.15,0.032,0.119,0.027,0.211,0.191,0.69,775854.84,No injected typology,0
NPI2000003173,Cardiology,South,103,6.16,174.54,1.3,0.224,0.07,0.186,0.016,0.141,0.261,-0.21,143902.11,No injected typology,0
NPI2000003174,Orthopedics,South,221,5.68,333.1,1.25,0.027,0.009,0.191,0.021,0.15,0.072,0.77,521449.55,No injected typology,0
NPI2000003175,Internal Medicine,Midwest,144,6.01,244.61,0.85,0.082,0.02,0.05,0.01,0.114,0.157,-0.47,179264.96,No injected typology,0
NPI2000003176,Orthopedics,Midwest,184,6.28,576.46,1.24,0.12,0.026,0.137,0.164,0.09,0.158,1.32,824218.47,No injected typology,0
NPI2000003177,Radiology,South,148,5.55,324.5,1.1,0.164,0.017,0.166,0.097,0.021,0.096,0.67,294023.72,No injected typology,0
NPI2000003178,Cardiology,South,228,9.23,504.89,0.62,0.115,0.027,0.25,0.094,0.238,0.055,-0.96,660689.98,No injected typology,0
NPI2000003179,DME Supplier,West,239,6.73,258.25,1.25,0.031,0.041,0.041,0.067,0.058,0.215,-0.88,521530.8,No injected typology,0
NPI2000003180,Cardiology,South,217,5.9,423.06,0.82,0.351,0.052,0.05,0.092,0.212,0.402,-1.28,446680.58,No injected typology,0
NPI2000003181,Internal Medicine,South,418,6.89,355.62,0.99,0.041,0.001,0.171,0.067,0.048,0.253,1.29,1016085.41,No injected typology,0
NPI2000003182,Cardiology,South,321,8.04,343.91,0.83,0.147,0.054,0.008,0.023,0.095,0.145,0.54,736279.68,No injected typology,0
NPI2000003183,Internal Medicine,South,220,4.89,355.4,0.88,0.418,0.003,0.193,0.364,0.286,0.137,-0.7,336243.1,No injected typology,0
NPI2000003184,Pain Management,Midwest,125,5.93,468.38,1.31,0.199,0.1,0.125,0.024,0.03,0.152,1.36,454309.97,No injected typology,0
NPI2000003185,Radiology,South,140,4.98,617.93,1.27,0.082,0.014,0.232,0.068,0.312,0.461,0.31,547702.59,No injected typology,0
NPI2000003186,Orthopedics,Northeast,173,6.6,589.56,0.97,0.065,0.001,0.052,0.099,0.072,0.36,0.83,654509.62,No injected typology,0
NPI2000003187,Cardiology,West,173,5.44,473.24,1.09,0.247,0.059,0.05,0.041,0.031,0.314,-0.46,484938.62,No injected typology,0
NPI2000003188,Orthopedics,Northeast,101,7.51,432.05,1.09,0.023,0.042,0.132,0.056,0.202,0.33,1.57,357530.29,No injected typology,0
NPI2000003189,Lab,Midwest,86,4.41,211.91,0.88,0.259,0.026,0.148,0.009,0.109,0.287,0.11,70717.58,No injected typology,0
NPI2000003190,Cardiology,South,220,7.71,642.29,1.05,0.042,0.122,0.122,0.014,0.026,0.264,0.38,1146556.69,No injected typology,0
NPI2000003191,Orthopedics,Midwest,172,7.98,330.41,0.76,0.12,0.014,0.113,0.062,0.074,0.128,1.98,343324.62,No injected typology,0
NPI2000003192,Home Health,West,178,6.15,95.33,1.04,0.072,0.014,0.04,0.239,0.105,0.119,-0.08,108644.5,No injected typology,0
NPI2000003193,Cardiology,Northeast,58,5.73,908.41,1.36,1.0,0.016,0.157,0.01,0.177,0.247,4.02,411143.2,Upcoding,1
NPI2000003194,Oncology,Midwest,59,6.69,260.12,1.08,0.07,0.065,0.046,0.091,0.475,0.184,-0.26,110547.4,No injected typology,0
NPI2000003195,Internal Medicine,South,194,9.87,670.19,0.77,0.265,0.009,0.087,0.086,0.099,0.146,-0.36,987264.02,No injected typology,0
NPI2000003196,Internal Medicine,Midwest,301,5.08,301.27,1.19,0.284,0.042,0.135,0.049,0.034,0.036,-0.45,548989.01,No injected typology,0
NPI2000003197,Orthopedics,South,307,3.17,350.62,1.23,0.165,0.007,0.218,0.033,0.197,0.077,0.87,419991.86,No injected typology,0
NPI2000003198,DME Supplier,West,223,4.89,787.26,0.93,0.44,0.078,0.261,0.012,0.378,0.141,2.85,798035.05,DME aberrancy,1
NPI2000003199,DME Supplier,Midwest,259,7.59,316.48,1.09,0.474,0.011,0.078,0.028,0.056,0.157,-1.0,678176.86,No injected typology,0
NPI2000003200,Orthopedics,Midwest,68,6.03,161.19,1.15,0.129,0.016,0.014,0.006,0.259,0.101,-0.1,76108.85,No injected typology,0
NPI2000003201,Radiology,Midwest,282,5.55,459.98,0.99,0.096,0.127,0.214,0.064,0.173,0.144,-0.13,713537.66,No injected typology,0
NPI2000003202,Lab,Midwest,223,4.29,169.98,1.13,0.184,0.045,0.102,0.024,0.031,0.063,0.37,184100.86,No injected typology,0
NPI2000003203,Pain Management,Midwest,41,5.88,186.77,1.16,0.312,0.088,0.038,0.051,0.031,0.193,-0.38,52441.92,No injected typology,0
NPI2000003204,Lab,Midwest,355,6.55,479.0,1.3,0.103,0.036,0.023,0.125,0.198,0.168,-0.92,1446899.22,No injected typology,0
NPI2000003205,Lab,South,345,3.61,183.95,1.0,0.188,0.009,0.085,0.053,0.086,0.178,0.46,228754.22,No injected typology,0
NPI2000003206,Internal Medicine,South,130,7.53,356.36,0.85,0.019,0.05,0.163,0.068,0.195,0.532,1.35,296555.21,No injected typology,0
NPI2000003207,Internal Medicine,Midwest,79,8.38,495.27,0.7,0.077,0.032,0.302,0.046,0.135,0.357,0.35,230696.43,No injected typology,0
NPI2000003208,Internal Medicine,West,370,5.78,151.32,1.12,0.272,0.098,0.04,0.002,0.058,0.103,-2.63,362077.02,No injected typology,0
NPI2000003209,Internal Medicine,Midwest,174,3.43,352.26,0.91,0.085,0.068,0.882,0.005,0.266,0.211,3.97,192096.34,Unbundling/modifier abuse,1
NPI2000003210,Radiology,West,78,10.0,408.65,0.99,0.289,0.005,0.2,0.078,0.019,0.219,-0.49,315438.74,No injected typology,0
NPI2000003211,Orthopedics,South,106,6.75,430.9,1.05,0.237,0.016,0.784,0.028,0.062,0.302,4.26,322986.6,Unbundling/modifier abuse,1
NPI2000003212,Internal Medicine,West,228,6.84,432.03,0.55,0.078,0.014,0.264,0.046,0.097,0.321,-0.15,371131.93,No injected typology,0
NPI2000003213,DME Supplier,Midwest,124,6.55,519.9,1.17,0.241,0.026,0.03,0.054,0.066,0.369,1.23,496204.22,No injected typology,0
NPI2000003214,Cardiology,Midwest,442,4.88,290.2,0.55,0.181,0.051,0.069,0.083,0.241,0.255,1.45,344126.07,No injected typology,0
NPI2000003215,Internal Medicine,Midwest,105,2.93,393.41,1.1,0.089,0.028,0.073,0.037,0.071,0.1,1.41,132485.03,No injected typology,0
NPI2000003216,Orthopedics,West,268,5.13,230.61,0.78,0.045,0.002,0.091,0.234,0.018,0.277,-2.23,246571.52,No injected typology,0
NPI2000003217,Lab,West,331,7.88,536.41,0.97,0.088,0.015,0.26,0.004,0.156,0.144,0.75,1357391.87,No injected typology,0
NPI2000003218,Radiology,Northeast,185,6.87,588.86,1.11,0.179,0.015,0.1,0.041,0.109,0.231,-0.95,827645.47,No injected typology,0
NPI2000003219,Oncology,South,238,5.92,218.57,0.93,0.18,0.014,0.436,0.051,0.346,0.147,1.38,286284.08,No injected typology,0
NPI2000003220,Pain Management,Northeast,111,3.27,365.61,1.07,0.227,0.04,0.084,0.077,0.09,0.473,-0.6,142174.16,No injected typology,0
NPI2000003221,Oncology,South,367,6.53,345.73,1.02,0.26,0.014,0.138,0.198,0.101,0.22,-0.48,841832.19,No injected typology,0
NPI2000003222,Orthopedics,Midwest,178,4.32,512.82,1.05,0.175,0.045,0.187,0.18,0.095,0.351,-0.36,414049.32,No injected typology,0
NPI2000003223,Pain Management,Northeast,114,5.55,609.74,1.46,0.173,0.002,0.019,0.006,0.046,0.16,0.95,564660.32,No injected typology,0
NPI2000003224,Radiology,West,170,7.87,185.66,1.35,0.172,0.023,0.161,0.002,0.126,0.315,-1.02,335545.02,No injected typology,0
NPI2000003225,Pain Management,South,341,7.26,396.29,1.15,0.239,0.01,0.048,0.046,0.031,0.086,0.14,1128975.65,No injected typology,0
NPI2000003226,Internal Medicine,Midwest,150,4.83,355.24,1.07,0.212,0.013,0.077,0.15,0.094,0.327,-1.06,275463.46,No injected typology,0
NPI2000003227,Radiology,West,66,3.03,561.79,1.2,0.492,0.004,0.567,0.049,0.046,0.119,4.13,134917.44,Unbundling/modifier abuse,1
NPI2000003228,Oncology,Northeast,91,6.1,460.55,1.25,0.137,0.014,0.108,0.211,0.038,0.247,-0.8,318986.7,No injected typology,0
NPI2000003229,Orthopedics,Midwest,350,5.12,703.71,1.04,0.154,0.034,0.046,0.041,0.013,0.139,-0.16,1317174.64,No injected typology,0
NPI2000003230,Orthopedics,Northeast,154,6.94,260.48,1.52,0.326,0.039,0.057,0.049,0.016,0.353,-1.39,422266.47,No injected typology,0
NPI2000003231,Cardiology,South,94,6.5,371.06,0.99,0.214,0.019,0.136,0.035,0.032,0.057,0.52,224361.62,No injected typology,0
NPI2000003232,Home Health,South,191,8.11,370.35,0.99,0.045,0.002,0.046,0.244,0.068,0.413,0.4,568179.03,No injected typology,0
NPI2000003233,Pain Management,South,213,5.33,358.21,0.76,0.144,0.013,0.078,0.021,0.154,0.323,1.43,309375.29,No injected typology,0
NPI2000003234,Cardiology,West,232,4.41,701.85,0.91,0.033,0.022,0.209,0.102,0.075,0.167,1.47,655408.87,No injected typology,0
NPI2000003235,Lab,Midwest,123,7.0,464.78,0.76,0.288,0.153,0.102,0.115,0.085,0.372,-0.69,305672.6,No injected typology,0
NPI2000003236,Internal Medicine,Northeast,177,4.08,275.52,0.66,0.372,0.03,0.137,0.041,0.056,0.094,-0.58,130995.34,No injected typology,0
NPI2000003237,Lab,Midwest,183,4.35,238.98,1.06,0.062,0.123,0.059,0.226,0.207,0.368,-1.48,201662.69,No injected typology,0
NPI2000003238,Lab,South,179,6.64,386.26,0.73,0.12,0.064,0.13,0.1,0.037,0.348,0.24,335963.56,No injected typology,0
NPI2000003239,Internal Medicine,South,188,7.5,252.53,1.03,0.692,0.086,0.626,0.081,0.038,0.091,8.74,367774.86,Upcoding,1
NPI2000003240,Internal Medicine,Midwest,170,5.84,527.53,1.49,0.427,0.01,0.013,0.087,0.123,0.342,0.56,778519.36,No injected typology,0
NPI2000003241,Home Health,South,172,4.58,303.98,0.95,0.044,0.015,0.043,0.057,0.088,0.375,0.86,227851.45,No injected typology,0
NPI2000003242,DME Supplier,South,73,3.54,540.57,0.78,0.473,0.037,0.03,0.199,0.095,0.447,-0.35,108616.34,No injected typology,0
NPI2000003243,Internal Medicine,South,93,2.23,260.39,1.19,0.216,0.025,0.101,0.169,0.088,0.21,-1.57,64397.3,No injected typology,0
NPI2000003244,Pain Management,West,342,6.32,352.12,1.26,0.079,0.041,0.155,0.163,0.191,0.202,-0.5,961608.47,No injected typology,0
NPI2000003245,Internal Medicine,West,159,4.59,152.22,1.06,0.316,0.036,0.008,0.007,0.169,0.369,-0.85,117812.87,No injected typology,0
NPI2000003246,Orthopedics,Northeast,117,3.38,638.21,0.87,0.239,0.037,0.829,0.016,0.137,0.054,4.03,218668.27,Unbundling/modifier abuse,1
NPI2000003247,DME Supplier,South,285,5.33,549.61,1.0,0.261,0.011,0.058,0.136,0.139,0.112,1.38,833562.59,No injected typology,0
NPI2000003248,Lab,Midwest,710,3.92,190.03,1.14,0.26,0.024,0.069,0.119,0.093,0.108,-2.37,606171.21,No injected typology,0
NPI2000003249,Orthopedics,South,697,6.55,338.88,1.01,0.276,0.015,0.095,0.009,0.235,0.458,-1.24,1563525.25,No injected typology,0
NPI2000003250,Internal Medicine,Midwest,167,3.12,246.16,1.53,0.069,0.048,0.067,0.019,0.071,0.119,0.35,196896.15,No injected typology,0
NPI2000003251,Oncology,West,201,7.47,325.73,0.78,0.446,0.328,0.027,0.091,0.051,0.117,-0.97,379402.04,Duplicate billing,1
NPI2000003252,Home Health,West,99,5.36,338.36,0.73,0.054,0.061,0.223,0.025,0.105,0.151,0.86,130665.34,No injected typology,0
NPI2000003253,Internal Medicine,South,287,5.5,386.52,1.37,0.032,0.004,0.185,0.135,0.148,0.233,-0.48,834861.16,No injected typology,0
NPI2000003254,Internal Medicine,Midwest,321,6.19,397.27,1.14,0.076,0.026,0.122,0.052,0.036,0.207,-0.98,895569.39,No injected typology,0
NPI2000003255,Orthopedics,Northeast,126,3.73,502.4,1.06,0.522,0.021,0.107,0.028,0.08,0.317,-1.05,250226.17,No injected typology,0
NPI2000003256,Cardiology,Northeast,71,5.94,479.06,0.75,0.027,0.061,0.072,0.113,0.101,0.189,1.25,150779.2,No injected typology,0
NPI2000003257,Orthopedics,South,100,5.2,98.6,1.05,0.173,0.018,0.052,0.137,0.039,0.164,0.91,53618.47,No injected typology,0
NPI2000003258,Cardiology,Midwest,192,4.8,436.99,1.13,0.025,0.04,0.123,0.16,0.128,0.221,1.45,454879.3,No injected typology,0
NPI2000003259,Oncology,West,68,6.66,715.28,1.1,0.254,0.008,0.687,0.171,0.238,0.207,1.15,358050.5,Unbundling/modifier abuse,1
NPI2000003260,Lab,Midwest,298,5.09,586.78,1.08,0.338,0.072,0.153,0.039,0.161,0.247,0.61,962277.08,No injected typology,0
NPI2000003261,Home Health,Northeast,161,8.16,375.49,1.04,0.1,0.017,0.089,0.03,0.056,0.425,-0.9,512438.83,No injected typology,0
NPI2000003262,Internal Medicine,West,116,5.49,775.34,1.11,0.76,0.023,0.282,0.074,0.148,0.05,2.33,548897.28,Upcoding,1
NPI2000003263,Radiology,South,166,6.51,350.06,0.86,0.316,0.312,0.708,0.069,0.101,0.343,2.46,325951.33,Duplicate billing,1
NPI2000003264,Orthopedics,West,99,6.02,313.67,1.12,0.181,0.007,0.015,0.174,0.046,0.455,1.11,209117.34,No injected typology,0
NPI2000003265,Lab,Midwest,264,6.9,457.18,0.9,0.168,0.048,0.082,0.024,0.13,0.219,-1.84,746232.41,No injected typology,0
NPI2000003266,Internal Medicine,South,145,6.78,532.79,0.87,0.107,0.0,0.079,0.019,0.076,0.212,0.9,456112.32,No injected typology,0
NPI2000003267,Internal Medicine,South,240,4.14,245.37,1.17,0.089,0.052,0.651,0.007,0.035,0.331,2.69,285511.93,Unbundling/modifier abuse,1
NPI2000003268,Internal Medicine,West,430,6.92,217.02,1.0,0.176,0.012,0.086,0.025,0.157,0.069,-0.8,643554.96,No injected typology,0
NPI2000003269,Lab,Northeast,143,5.95,316.83,1.3,0.162,0.086,0.146,0.12,0.042,0.105,-0.78,349283.48,No injected typology,0
NPI2000003270,Oncology,South,179,7.46,536.45,0.99,0.752,0.02,0.085,0.047,0.114,0.368,2.75,710845.45,Upcoding,1
NPI2000003271,Radiology,South,40,5.16,167.47,1.02,0.041,0.045,0.091,0.054,0.069,0.177,0.0,35121.87,No injected typology,0
NPI2000003272,Cardiology,Midwest,253,7.79,408.92,1.27,0.192,0.027,0.089,0.046,0.038,0.421,1.74,1023243.76,No injected typology,0
NPI2000003273,Internal Medicine,Midwest,217,7.37,422.21,0.89,0.485,0.006,0.072,0.02,0.093,0.117,1.13,598723.39,No injected typology,0
NPI2000003274,Oncology,Midwest,220,5.31,273.34,0.98,0.332,0.004,0.106,0.042,0.115,0.326,0.06,311570.99,No injected typology,0
NPI2000003275,Internal Medicine,Northeast,118,5.0,661.77,1.28,0.015,0.025,0.044,0.032,0.153,0.083,1.09,501371.2,No injected typology,0
NPI2000003276,Lab,Midwest,118,7.29,834.27,1.44,0.068,0.06,0.277,0.126,0.084,0.151,0.49,1034622.83,No injected typology,0
NPI2000003277,Pain Management,South,36,6.87,181.63,0.95,0.22,0.03,0.242,0.008,0.154,0.419,-0.76,42672.53,No injected typology,0
NPI2000003278,Orthopedics,Northeast,169,5.66,233.22,0.66,0.235,0.003,0.077,0.049,0.092,0.253,-0.33,147589.4,No injected typology,0
NPI2000003279,Orthopedics,West,107,8.31,345.48,0.84,0.019,0.035,0.241,0.017,0.062,0.077,-1.11,257309.28,No injected typology,0
NPI2000003280,Internal Medicine,Northeast,179,7.05,351.75,0.95,0.078,0.08,0.084,0.075,0.038,0.091,1.87,421537.67,No injected typology,0
NPI2000003281,Internal Medicine,Midwest,179,6.99,766.72,0.75,0.37,0.022,0.14,0.115,0.126,0.378,1.4,723842.4,No injected typology,0
NPI2000003282,Lab,West,188,5.99,518.42,1.18,0.056,0.061,0.071,0.005,0.078,0.551,-0.23,690483.03,No injected typology,0
NPI2000003283,Pain Management,South,85,4.99,280.47,1.09,0.137,0.092,0.033,0.101,0.028,0.228,0.17,129100.88,No injected typology,0
NPI2000003284,Home Health,West,260,4.72,599.34,1.4,0.086,0.002,0.051,0.034,0.107,0.407,-0.55,1027237.77,No injected typology,0
NPI2000003285,Orthopedics,Northeast,217,1.84,594.09,1.25,0.044,0.082,0.106,0.042,0.082,0.095,-1.52,294878.82,No injected typology,0
NPI2000003286,Pain Management,Midwest,120,5.79,287.51,1.21,0.224,0.016,0.083,0.067,0.082,0.072,0.41,241094.48,No injected typology,0
NPI2000003287,Radiology,Midwest,74,6.28,331.73,1.05,0.101,0.093,0.042,0.045,0.269,0.219,-0.27,162071.74,No injected typology,0
NPI2000003288,Home Health,West,119,2.97,318.88,1.11,0.114,0.09,0.053,0.056,0.053,0.223,-0.17,124877.95,No injected typology,0
NPI2000003289,Orthopedics,Northeast,64,6.4,642.9,1.11,0.018,0.015,0.147,0.127,0.146,0.137,0.59,291357.37,No injected typology,0
NPI2000003290,Pain Management,Midwest,174,5.9,267.46,1.03,0.194,0.06,0.104,0.05,0.145,0.277,0.91,282760.6,No injected typology,0
NPI2000003291,Oncology,West,120,4.33,356.43,1.18,0.14,0.077,0.148,0.001,0.162,0.043,0.05,218223.57,No injected typology,0
NPI2000003292,Internal Medicine,Midwest,445,3.47,483.74,1.03,0.122,0.011,0.27,0.123,0.071,0.17,0.08,773793.45,No injected typology,0
NPI2000003293,Orthopedics,Midwest,290,4.61,380.06,1.29,0.07,0.031,0.288,0.033,0.116,0.067,-0.16,656267.84,No injected typology,0
NPI2000003294,Internal Medicine,Midwest,109,8.67,195.42,1.37,0.233,0.02,0.111,0.021,0.322,0.167,-0.42,253440.45,No injected typology,0
NPI2000003295,Internal Medicine,Midwest,120,7.6,156.71,0.87,0.132,0.008,0.074,0.151,0.115,0.1,-2.24,124563.3,No injected typology,0
NPI2000003296,Internal Medicine,South,130,5.22,581.82,1.26,0.45,0.034,0.759,0.07,0.141,0.181,1.4,498827.62,Unbundling/modifier abuse,1
NPI2000003297,Radiology,Midwest,95,7.33,415.45,0.75,0.17,0.033,0.025,0.219,0.143,0.256,-0.7,217193.87,No injected typology,0
NPI2000003298,Pain Management,Midwest,276,8.83,416.95,1.18,0.337,0.082,0.232,0.023,0.1,0.147,-0.06,1200064.71,No injected typology,0
NPI2000003299,DME Supplier,West,124,2.46,1219.07,1.21,0.279,0.023,0.022,0.015,0.144,0.096,1.35,450150.14,No injected typology,0
NPI2000003300,Cardiology,South,38,8.14,385.64,0.93,0.144,0.006,0.017,0.005,0.12,0.118,0.56,111458.44,No injected typology,0
NPI2000003301,Orthopedics,West,124,3.89,404.32,1.36,0.276,0.037,0.071,0.05,0.014,0.17,-0.18,264658.74,No injected typology,0
NPI2000003302,Pain Management,Midwest,35,6.9,328.7,0.91,0.317,0.017,0.208,0.041,0.177,0.178,0.56,72280.49,No injected typology,0
NPI2000003303,Lab,Northeast,150,6.79,567.6,1.01,0.08,0.002,0.057,0.053,0.063,0.099,-0.66,581682.07,No injected typology,0
NPI2000003304,Internal Medicine,West,235,5.51,279.93,0.85,0.133,0.043,0.095,0.008,0.085,0.293,0.56,307309.13,No injected typology,0
NPI2000003305,Internal Medicine,Midwest,123,7.79,310.6,0.94,0.136,0.015,0.03,0.048,0.011,0.258,-0.33,280373.06,No injected typology,0
NPI2000003306,Internal Medicine,Midwest,57,5.95,676.55,1.1,0.394,0.008,0.158,0.037,0.132,0.2,-0.54,253206.32,No injected typology,0
NPI2000003307,Pain Management,Northeast,128,6.09,411.6,0.84,0.211,0.065,0.066,0.008,0.117,0.031,0.41,269809.78,No injected typology,0
NPI2000003308,Pain Management,West,275,5.48,313.01,1.25,0.209,0.048,0.179,0.036,0.057,0.485,1.47,588501.11,No injected typology,0
NPI2000003309,Home Health,West,151,2.54,590.95,0.76,0.192,0.025,0.182,0.007,0.119,0.256,-0.69,171726.7,No injected typology,0
NPI2000003310,Oncology,South,56,6.21,334.1,0.55,0.223,0.047,0.019,0.077,0.198,0.255,-0.26,63932.12,No injected typology,0
NPI2000003311,Oncology,Northeast,79,5.84,163.33,0.83,0.315,0.355,0.137,0.019,0.384,0.091,-1.07,62761.34,Duplicate billing,1
NPI2000003312,Cardiology,Northeast,158,3.9,354.7,0.89,0.939,0.012,0.083,0.07,0.032,0.444,2.2,193368.68,Upcoding,1
NPI2000003313,Orthopedics,West,153,6.4,614.73,0.82,0.185,0.03,0.052,0.07,0.22,0.158,0.32,493304.93,No injected typology,0
NPI2000003314,DME Supplier,Midwest,191,4.62,432.79,0.92,0.089,0.074,0.097,0.02,0.044,0.377,-0.1,352236.44,No injected typology,0
NPI2000003315,Radiology,South,101,7.09,423.62,1.26,0.077,0.014,0.129,0.082,0.047,0.186,2.35,383090.92,No injected typology,0
NPI2000003316,DME Supplier,South,30,8.37,415.08,0.89,0.074,0.019,0.117,0.049,0.099,0.032,-0.37,92339.57,No injected typology,0
NPI2000003317,Internal Medicine,South,134,7.64,261.7,1.15,0.071,0.023,0.158,0.083,0.049,0.134,-1.35,309167.98,No injected typology,0
NPI2000003318,Internal Medicine,South,356,7.38,313.59,1.09,0.239,0.042,0.693,0.169,0.259,0.238,1.75,900107.61,Unbundling/modifier abuse,1
NPI2000003319,Orthopedics,West,269,6.03,213.91,1.13,0.052,0.063,0.147,0.015,0.05,0.251,-1.4,390351.06,No injected typology,0
NPI2000003320,Home Health,South,54,8.71,651.8,1.29,0.221,0.018,0.248,0.007,0.132,0.206,1.67,395424.19,No injected typology,0
NPI2000003321,Internal Medicine,Midwest,104,6.46,435.46,0.74,0.236,0.042,0.183,0.11,0.069,0.447,-0.47,217298.68,No injected typology,0
NPI2000003322,Pain Management,South,98,1.61,287.11,1.32,0.206,0.025,0.14,0.063,0.062,0.178,0.51,60106.97,No injected typology,0
NPI2000003323,Orthopedics,Midwest,404,4.74,358.77,1.1,0.179,0.002,0.149,0.026,0.184,0.202,-0.42,753805.12,No injected typology,0
NPI2000003324,Oncology,Northeast,186,6.49,243.14,0.88,0.062,0.006,0.077,0.063,0.111,0.418,0.56,257098.3,No injected typology,0
NPI2000003325,Home Health,South,57,7.28,973.89,1.05,0.205,0.081,0.051,0.017,0.214,0.139,-1.26,422826.34,No injected typology,0
NPI2000003326,Oncology,South,102,6.31,353.34,0.97,0.157,0.096,0.067,0.01,0.301,0.546,0.3,220086.66,No injected typology,0
NPI2000003327,DME Supplier,West,371,7.24,580.35,1.3,0.065,0.015,0.156,0.095,0.06,0.441,-0.89,2022184.86,No injected typology,0
NPI2000003328,Pain Management,Northeast,232,7.72,301.98,1.07,0.287,0.009,0.252,0.095,0.076,0.397,0.26,580972.16,No injected typology,0
NPI2000003329,Oncology,Midwest,153,2.58,584.78,1.38,0.102,0.009,0.204,0.496,0.208,0.28,0.29,316979.4,Impossible frequency,1
NPI2000003330,Orthopedics,South,59,5.49,201.58,1.41,0.523,0.007,0.018,0.06,0.02,0.307,0.14,92230.76,No injected typology,0
NPI2000003331,DME Supplier,Midwest,57,5.29,786.12,1.2,0.101,0.072,0.593,0.0,0.093,0.318,4.35,284887.57,Unbundling/modifier abuse,1
NPI2000003332,Internal Medicine,Northeast,715,3.89,348.74,1.17,0.272,0.015,0.334,0.001,0.092,0.079,0.9,1134890.4,No injected typology,0
NPI2000003333,Internal Medicine,Midwest,125,3.47,339.91,1.14,0.275,0.01,0.013,0.038,0.218,0.301,0.31,168479.04,No injected typology,0
NPI2000003334,Cardiology,West,77,7.3,311.14,1.25,0.187,0.004,0.053,0.006,0.02,0.268,1.42,218299.45,No injected typology,0
NPI2000003335,Cardiology,South,123,6.17,563.76,0.89,0.037,0.032,0.038,0.018,0.102,0.109,1.02,381422.02,No injected typology,0
NPI2000003336,Pain Management,West,656,6.78,450.77,1.33,0.344,0.064,0.03,0.091,0.011,0.081,1.67,2671061.62,No injected typology,0
NPI2000003337,Lab,West,410,5.01,177.19,0.88,0.191,0.332,0.067,0.007,0.208,0.117,0.11,318641.02,Duplicate billing,1
NPI2000003338,Cardiology,South,245,7.06,567.38,1.02,0.227,0.016,0.087,0.565,0.172,0.093,0.09,1004597.77,Impossible frequency,1
NPI2000003339,Internal Medicine,South,119,3.97,183.96,1.02,0.347,0.051,0.097,0.047,0.063,0.195,0.84,88980.54,No injected typology,0
NPI2000003340,DME Supplier,South,279,5.61,167.17,0.95,0.25,0.041,0.204,0.023,0.158,0.21,-1.45,247919.4,No injected typology,0
NPI2000003341,Orthopedics,South,388,2.46,706.46,0.57,0.044,0.022,0.305,0.026,0.127,0.558,-0.88,381680.9,No injected typology,0
NPI2000003342,Internal Medicine,West,156,6.87,682.9,0.72,0.776,0.023,0.114,0.078,0.014,0.391,4.85,530281.42,Upcoding,1
NPI2000003343,Radiology,West,124,6.15,487.93,0.73,0.147,0.063,0.019,0.039,0.053,0.224,0.21,272217.82,No injected typology,0
NPI2000003344,Oncology,South,176,5.94,1400.69,1.24,0.509,0.031,0.045,0.205,0.04,0.205,1.35,1817405.72,No injected typology,0
NPI2000003345,Radiology,Northeast,213,5.94,418.35,0.79,0.319,0.007,0.05,0.006,0.078,0.358,0.13,417443.72,No injected typology,0
NPI2000003346,Radiology,Northeast,115,6.24,351.94,0.94,0.284,0.057,0.029,0.057,0.075,0.233,1.03,238303.38,No injected typology,0
NPI2000003347,Radiology,South,43,7.01,177.5,1.05,0.33,0.029,0.071,0.136,0.051,0.103,0.64,56129.95,No injected typology,0
NPI2000003348,Oncology,Northeast,462,6.63,510.13,0.93,0.226,0.007,0.04,0.217,0.084,0.263,0.79,1457325.72,No injected typology,0
NPI2000003349,Internal Medicine,Midwest,245,7.26,416.24,1.17,0.112,0.005,0.019,0.018,0.044,0.087,-2.42,869026.69,No injected typology,0
NPI2000003350,Lab,Midwest,101,5.7,469.35,1.24,0.079,0.004,0.074,0.053,0.217,0.126,-0.79,334838.55,No injected typology,0
NPI2000003351,Radiology,Midwest,193,4.75,367.53,1.2,0.159,0.064,0.114,0.031,0.057,0.144,0.09,404337.0,No injected typology,0
NPI2000003352,Oncology,Midwest,271,4.64,156.48,0.88,0.141,0.046,0.067,0.044,0.082,0.095,0.05,172690.72,No injected typology,0
NPI2000003353,Lab,South,311,7.08,412.63,1.26,0.09,0.121,0.017,0.023,0.075,0.169,0.1,1140856.72,No injected typology,0
NPI2000003354,DME Supplier,West,131,2.76,183.3,0.67,0.043,0.015,0.091,0.046,0.083,0.256,-1.16,44221.38,No injected typology,0
NPI2000003355,Home Health,South,123,7.31,728.95,1.09,0.268,0.011,0.11,0.078,0.031,0.538,-0.45,716402.18,No injected typology,0
NPI2000003356,Cardiology,South,139,6.2,309.3,1.22,0.091,0.004,0.123,0.082,0.177,0.137,-0.93,325381.64,No injected typology,0
NPI2000003357,Orthopedics,Northeast,215,3.56,426.81,1.11,0.142,0.01,0.055,0.021,0.191,0.198,-0.77,361357.17,No injected typology,0
NPI2000003358,Internal Medicine,Northeast,39,6.25,398.71,0.85,0.125,0.077,0.136,0.021,0.054,0.449,-1.63,82606.91,No injected typology,0
NPI2000003359,Orthopedics,Northeast,471,6.76,173.93,0.68,0.163,0.094,0.039,0.084,0.078,0.359,-1.37,377905.91,No injected typology,0
NPI2000003360,Lab,Midwest,136,7.65,328.05,1.47,0.013,0.101,0.015,0.056,0.109,0.353,1.02,500499.26,No injected typology,0
NPI2000003361,Orthopedics,South,160,8.49,261.33,1.33,0.213,0.02,0.239,0.01,0.203,0.277,0.27,471283.56,No injected typology,0
NPI2000003362,Lab,Midwest,104,5.46,359.6,0.8,0.406,0.003,0.023,0.154,0.11,0.21,-1.09,164372.04,No injected typology,0
NPI2000003363,Internal Medicine,South,103,3.21,756.29,0.93,0.173,0.04,0.142,0.031,0.026,0.146,-0.86,232981.85,No injected typology,0
NPI2000003364,Home Health,Midwest,180,7.31,256.25,1.24,0.291,0.26,0.075,0.036,0.117,0.087,0.56,419500.3,Duplicate billing,1
NPI2000003365,Cardiology,South,137,7.34,292.69,0.78,0.366,0.003,0.067,0.017,0.118,0.334,0.14,228295.75,No injected typology,0
NPI2000003366,Home Health,West,161,7.37,131.14,1.54,0.26,0.066,0.007,0.047,0.134,0.255,0.12,239192.88,No injected typology,0
NPI2000003367,Radiology,South,103,3.97,246.68,1.27,0.212,0.06,0.096,0.045,0.102,0.264,-0.92,127885.75,No injected typology,0
NPI2000003368,Lab,Northeast,294,7.77,340.86,1.11,0.306,0.357,0.159,0.051,0.015,0.347,0.99,862756.83,Duplicate billing,1
NPI2000003369,Radiology,West,113,6.45,765.66,1.26,0.054,0.428,0.056,0.051,0.069,0.029,0.62,704968.89,Duplicate billing,1
NPI2000003370,Internal Medicine,Midwest,206,4.66,362.34,1.15,0.153,0.04,0.03,0.04,0.081,0.348,0.83,400562.72,No injected typology,0
NPI2000003371,Home Health,West,87,6.46,413.37,1.09,0.088,0.071,0.066,0.131,0.107,0.332,0.37,252337.93,No injected typology,0
NPI2000003372,Cardiology,South,239,7.61,553.53,1.49,0.445,0.064,0.102,0.015,0.063,0.309,-0.63,1495962.16,No injected typology,0
NPI2000003373,Pain Management,West,232,3.32,521.26,0.76,0.105,0.112,0.016,0.068,0.188,0.144,1.3,302947.49,No injected typology,0
NPI2000003374,Internal Medicine,South,236,10.29,422.54,1.47,0.361,0.017,0.22,0.026,0.146,0.032,1.52,1503226.88,No injected typology,0
NPI2000003375,Pain Management,Midwest,101,8.26,366.46,1.35,0.062,0.026,0.061,0.087,0.115,0.416,1.13,412550.12,No injected typology,0
NPI2000003376,Home Health,Midwest,161,9.2,340.56,1.17,0.082,0.015,0.062,0.027,0.271,0.186,1.06,589164.7,No injected typology,0
NPI2000003377,Internal Medicine,South,200,7.68,662.22,1.08,0.061,0.066,0.106,0.112,0.081,0.202,0.64,1098152.99,No injected typology,0
NPI2000003378,DME Supplier,Midwest,362,5.06,453.04,1.03,0.017,0.075,0.159,0.079,0.457,0.294,4.75,855862.58,DME aberrancy,1
NPI2000003379,Lab,Midwest,149,7.63,282.91,1.15,0.096,0.09,0.311,0.015,0.025,0.102,-0.92,370280.51,No injected typology,0
NPI2000003380,DME Supplier,South,212,4.62,582.83,0.96,0.074,0.108,0.109,0.006,0.119,0.106,0.63,546135.83,No injected typology,0
NPI2000003381,Orthopedics,Northeast,162,9.58,644.51,0.9,0.122,0.058,0.011,0.119,0.039,0.552,0.74,895705.29,No injected typology,0
NPI2000003382,Cardiology,South,90,6.49,320.52,1.11,0.251,0.02,0.037,0.093,0.2,0.199,-1.08,206970.27,No injected typology,0
NPI2000003383,Pain Management,South,68,6.64,173.37,1.19,0.298,0.031,0.037,0.076,0.245,0.171,0.03,93549.21,No injected typology,0
NPI2000003384,Orthopedics,West,72,3.86,172.09,1.18,0.06,0.047,0.141,0.221,0.022,0.352,-0.35,56180.09,No injected typology,0
NPI2000003385,Home Health,Midwest,267,7.21,467.07,0.83,0.365,0.036,0.158,0.13,0.058,0.312,-0.19,743386.66,No injected typology,0
NPI2000003386,Radiology,South,44,7.54,182.16,0.77,0.435,0.038,0.062,0.054,0.027,0.333,-0.21,46339.78,No injected typology,0
NPI2000003387,Home Health,Midwest,133,5.05,1347.7,0.98,0.085,0.023,0.195,0.098,0.239,0.508,1.71,886461.19,No injected typology,0
NPI2000003388,Radiology,Northeast,72,5.15,280.38,0.75,0.17,0.074,0.251,0.097,0.093,0.451,-0.54,77604.73,No injected typology,0
NPI2000003389,Radiology,South,157,3.7,239.13,1.21,0.144,0.036,0.29,0.499,0.056,0.239,-2.42,167271.23,Impossible frequency,1
NPI2000003390,Radiology,Midwest,130,5.16,138.42,0.89,0.22,0.041,0.287,0.014,0.099,0.376,-1.48,82300.19,No injected typology,0
NPI2000003391,Cardiology,South,307,4.84,454.27,0.99,0.434,0.019,0.2,0.005,0.185,0.334,-0.55,670307.77,No injected typology,0
NPI2000003392,DME Supplier,Midwest,186,5.91,390.22,1.08,0.081,0.005,0.124,0.082,0.133,0.069,0.94,464633.14,No injected typology,0
NPI2000003393,Orthopedics,South,92,5.9,600.03,0.83,0.744,0.041,0.14,0.091,0.119,0.364,4.31,270416.98,Upcoding,1
NPI2000003394,Internal Medicine,Midwest,247,7.44,314.85,0.91,0.316,0.058,0.028,0.025,0.149,0.133,1.04,526941.76,No injected typology,0
NPI2000003395,Home Health,South,120,7.93,531.22,1.15,0.376,0.022,0.118,0.008,0.046,0.352,-0.07,579601.28,No injected typology,0
NPI2000003396,Internal Medicine,South,232,5.88,366.47,1.24,0.091,0.023,0.14,0.055,0.042,0.472,-0.76,617173.97,No injected typology,0
NPI2000003397,Home Health,West,114,4.03,403.8,0.99,0.107,0.059,0.821,0.008,0.033,0.197,2.71,183358.9,Unbundling/modifier abuse,1
NPI2000003398,DME Supplier,Midwest,48,7.45,961.26,1.3,0.263,0.058,0.678,0.123,0.248,0.517,4.54,447928.63,Unbundling/modifier abuse,1
NPI2000003399,Internal Medicine,Northeast,236,8.41,216.69,1.22,0.124,0.019,0.23,0.072,0.299,0.313,-0.66,524347.23,No injected typology,0
NPI2000003400,Orthopedics,Northeast,130,6.16,283.47,1.13,0.086,0.063,0.139,0.001,0.03,0.204,0.18,256039.1,No injected typology,0
NPI2000003401,DME Supplier,Northeast,641,6.99,419.23,0.76,0.333,0.024,0.044,0.032,0.039,0.1,0.18,1433001.37,No injected typology,0
NPI2000003402,Cardiology,West,177,4.74,163.82,1.12,0.135,0.281,0.022,0.007,0.192,0.365,-0.66,154236.52,Duplicate billing,1
NPI2000003403,Oncology,West,68,8.17,397.39,1.25,0.06,0.051,0.069,0.024,0.054,0.308,-0.43,274984.57,No injected typology,0
NPI2000003404,Oncology,Northeast,122,7.72,266.74,1.09,0.219,0.038,0.088,0.015,0.1,0.402,-0.18,273791.97,No injected typology,0
NPI2000003405,Internal Medicine,Midwest,404,4.74,329.15,1.08,0.234,0.022,0.683,0.075,0.155,0.254,4.72,680373.66,Unbundling/modifier abuse,1
NPI2000003406,Radiology,South,146,5.92,398.84,1.37,0.214,0.008,0.059,0.019,0.022,0.074,-0.49,472975.26,No injected typology,0
NPI2000003407,Orthopedics,South,112,4.43,316.68,0.93,0.263,0.041,0.161,0.006,0.062,0.15,0.08,145734.21,No injected typology,0
NPI2000003408,Lab,South,141,6.14,415.24,1.06,0.25,0.38,0.107,0.038,0.066,0.072,-0.62,379543.26,Duplicate billing,1
NPI2000003409,Oncology,South,167,6.48,316.55,0.89,0.401,0.013,0.118,0.067,0.053,0.31,0.55,304305.09,No injected typology,0
NPI2000003410,Pain Management,Northeast,117,7.65,302.52,0.94,0.292,0.005,0.107,0.001,0.058,0.492,-0.42,253620.96,No injected typology,0
NPI2000003411,Home Health,South,82,6.35,347.55,1.13,0.089,0.029,0.502,0.077,0.193,0.021,0.39,205197.43,No injected typology,0
NPI2000003412,Orthopedics,Northeast,67,6.34,690.83,0.83,0.205,0.004,0.163,0.04,0.074,0.289,1.25,244218.03,No injected typology,0
NPI2000003413,Home Health,Midwest,289,6.63,542.32,0.79,0.132,0.069,0.052,0.014,0.045,0.198,-0.72,819448.32,No injected typology,0
NPI2000003414,Oncology,Midwest,842,5.34,485.71,0.69,0.059,0.019,0.256,0.038,0.074,0.326,-0.91,1501399.71,No injected typology,0
NPI2000003415,Orthopedics,South,213,5.78,333.58,1.06,0.066,0.119,0.112,0.097,0.085,0.41,0.58,435833.08,No injected typology,0
NPI2000003416,Internal Medicine,South,374,5.35,326.95,1.54,0.192,0.059,0.122,0.013,0.177,0.509,0.22,1006833.71,No injected typology,0
NPI2000003417,Oncology,South,246,7.18,146.21,0.77,0.068,0.004,0.075,0.046,0.156,0.271,-0.56,198766.34,No injected typology,0
NPI2000003418,Internal Medicine,West,194,6.38,388.02,1.01,0.044,0.018,0.208,0.014,0.076,0.086,-2.0,485999.39,No injected typology,0
NPI2000003419,Home Health,South,68,3.63,320.87,1.24,0.264,0.039,0.03,0.025,0.241,0.105,-1.02,98431.63,No injected typology,0
NPI2000003420,DME Supplier,Midwest,166,5.77,197.37,0.91,0.372,0.063,0.047,0.152,0.221,0.168,0.23,172726.78,No injected typology,0
NPI2000003421,Orthopedics,South,189,6.64,476.93,1.13,0.049,0.063,0.095,0.038,0.081,0.183,1.21,674396.76,No injected typology,0
NPI2000003422,Oncology,West,146,6.21,287.53,1.29,0.143,0.024,0.059,0.038,0.013,0.413,0.51,337080.91,No injected typology,0
NPI2000003423,Internal Medicine,West,129,4.6,358.79,1.2,0.399,0.13,0.06,0.0,0.26,0.191,-0.31,256136.03,No injected typology,0
NPI2000003424,Cardiology,Northeast,171,4.53,293.41,1.31,0.064,0.02,0.06,0.054,0.108,0.27,-0.05,296869.57,No injected typology,0
NPI2000003425,Lab,West,162,5.19,519.5,1.14,0.216,0.04,0.027,0.139,0.076,0.213,1.01,496120.64,No injected typology,0
NPI2000003426,Internal Medicine,Midwest,136,5.45,328.67,0.96,0.254,0.03,0.089,0.074,0.227,0.311,0.61,234591.59,No injected typology,0
NPI2000003427,Cardiology,West,121,6.49,532.44,1.29,0.105,0.031,0.68,0.082,0.272,0.172,5.25,537520.44,Unbundling/modifier abuse,1
NPI2000003428,Internal Medicine,South,154,5.38,170.72,0.95,0.134,0.025,0.024,0.029,0.069,0.205,1.21,134305.63,No injected typology,0
NPI2000003429,Orthopedics,Northeast,194,4.16,323.83,1.46,0.438,0.021,0.083,0.093,0.242,0.402,1.15,381125.4,No injected typology,0
NPI2000003430,Radiology,South,197,6.04,385.62,0.79,0.153,0.041,0.137,0.052,0.081,0.129,0.86,360997.58,No injected typology,0
NPI2000003431,Oncology,South,205,7.16,594.53,1.34,0.126,0.02,0.081,0.019,0.148,0.218,-0.84,1172960.63,No injected typology,0
NPI2000003432,Cardiology,Midwest,309,5.47,159.0,0.75,0.145,0.049,0.122,0.041,0.202,0.193,0.26,200593.18,No injected typology,0
NPI2000003433,Internal Medicine,South,229,8.09,406.99,1.11,0.238,0.005,0.047,0.01,0.213,0.59,0.78,833585.17,No injected typology,0
NPI2000003434,Radiology,Northeast,335,8.16,140.47,0.82,0.152,0.105,0.086,0.044,0.111,0.546,0.41,313811.92,No injected typology,0
NPI2000003435,Lab,South,354,4.63,878.79,0.67,0.459,0.016,0.057,0.013,0.309,0.163,1.99,959020.39,No injected typology,0
NPI2000003436,Internal Medicine,South,102,6.82,531.52,1.11,0.42,0.005,0.085,0.036,0.003,0.279,0.77,408687.12,No injected typology,0
NPI2000003437,Home Health,Northeast,165,5.6,283.43,0.96,0.237,0.053,0.697,0.041,0.126,0.158,4.08,250177.58,Unbundling/modifier abuse,1
NPI2000003438,DME Supplier,West,166,4.64,739.29,1.14,0.042,0.042,0.214,0.02,0.006,0.18,0.7,646653.91,No injected typology,0
NPI2000003439,DME Supplier,West,182,5.92,615.1,1.16,0.195,0.03,0.026,0.029,0.106,0.408,0.84,766706.9,No injected typology,0
NPI2000003440,Home Health,West,105,5.48,173.38,0.83,0.026,0.075,0.11,0.156,0.157,0.218,0.3,83279.17,No injected typology,0
NPI2000003441,Cardiology,West,602,3.25,539.83,0.88,0.39,0.005,0.011,0.029,0.067,0.319,-1.18,932971.82,No injected typology,0
NPI2000003442,Lab,Midwest,52,7.23,265.13,1.12,0.242,0.034,0.049,0.218,0.145,0.2,0.24,111270.82,No injected typology,0
NPI2000003443,Cardiology,Northeast,115,6.4,623.46,1.29,0.144,0.041,0.019,0.002,0.088,0.319,1.38,590812.55,No injected typology,0
NPI2000003444,Oncology,Northeast,231,5.69,421.16,0.86,0.448,0.036,0.128,0.042,0.107,0.398,-0.64,473454.99,No injected typology,0
NPI2000003445,Oncology,Northeast,60,6.26,176.18,1.07,0.361,0.009,0.07,0.019,0.243,0.145,-0.1,70704.53,No injected typology,0
NPI2000003446,Lab,Midwest,133,7.19,434.05,1.35,0.12,0.027,0.925,0.07,0.095,0.264,3.18,562285.77,Unbundling/modifier abuse,1
NPI2000003447,Orthopedics,Midwest,176,6.23,404.83,1.16,0.215,0.134,0.081,0.05,0.403,0.39,-0.42,513929.1,No injected typology,0
NPI2000003448,Oncology,Midwest,105,5.53,170.38,1.17,0.071,0.053,0.11,0.137,0.012,0.22,-0.28,116031.43,No injected typology,0
NPI2000003449,Cardiology,West,233,6.66,820.33,1.33,0.383,0.064,0.56,0.044,0.168,0.354,2.78,1696779.69,Unbundling/modifier abuse,1
NPI2000003450,Pain Management,South,57,3.64,424.08,1.46,0.082,0.051,0.042,0.232,0.019,0.098,-0.1,128260.75,No injected typology,0
NPI2000003451,Pain Management,Northeast,80,7.69,312.83,0.91,0.167,0.004,0.047,0.049,0.045,0.158,0.9,175317.52,No injected typology,0
NPI2000003452,Internal Medicine,Northeast,464,5.57,379.36,1.31,0.088,0.134,0.056,0.002,0.036,0.406,-1.13,1285260.41,No injected typology,0
NPI2000003453,Oncology,South,176,7.03,514.98,1.16,0.221,0.021,0.126,0.037,0.084,0.447,0.27,739040.11,No injected typology,0
NPI2000003454,Internal Medicine,West,185,5.34,769.54,1.13,0.15,0.032,0.038,0.037,0.154,0.312,1.64,858238.46,No injected typology,0
NPI2000003455,Pain Management,Northeast,52,5.66,248.95,1.39,0.054,0.004,0.026,0.132,0.064,0.245,-0.44,102125.0,No injected typology,0
NPI2000003456,Internal Medicine,South,111,6.82,380.4,0.86,0.044,0.03,0.047,0.04,0.153,0.665,1.05,246103.9,No injected typology,0
NPI2000003457,Cardiology,Midwest,221,6.67,245.5,1.48,0.052,0.055,0.07,0.005,0.094,0.273,0.89,534658.5,No injected typology,0
NPI2000003458,Lab,South,80,8.18,361.53,1.13,0.192,0.039,0.053,0.014,0.034,0.13,0.03,266740.92,No injected typology,0
NPI2000003459,Home Health,Northeast,96,6.5,356.41,0.9,0.224,0.065,0.074,0.113,0.106,0.032,1.35,199091.19,No injected typology,0
NPI2000003460,Orthopedics,Midwest,281,3.96,275.21,1.05,0.07,0.018,0.091,0.056,0.062,0.205,0.77,320479.29,No injected typology,0
NPI2000003461,Home Health,South,81,8.48,396.62,0.77,0.107,0.002,0.112,0.091,0.028,0.241,0.91,209469.11,No injected typology,0
NPI2000003462,Internal Medicine,Northeast,164,5.87,264.33,0.74,0.236,0.002,0.058,0.17,0.065,0.381,-0.69,187608.33,No injected typology,0
NPI2000003463,Home Health,West,131,8.01,471.52,0.91,0.082,0.065,0.116,0.03,0.13,0.133,0.01,448607.06,No injected typology,0
NPI2000003464,Lab,Northeast,75,8.09,269.43,1.12,0.196,0.086,0.117,0.04,0.083,0.023,-0.54,183452.78,No injected typology,0
NPI2000003465,Internal Medicine,Northeast,164,5.48,273.03,1.11,0.156,0.679,0.067,0.02,0.097,0.285,-0.49,271537.45,Duplicate billing,1
NPI2000003466,Cardiology,Midwest,190,5.54,322.31,0.91,0.105,0.018,0.039,0.007,0.175,0.317,-1.02,310213.94,No injected typology,0
NPI2000003467,Cardiology,West,48,4.11,157.93,0.77,0.085,0.029,0.009,0.047,0.183,0.07,-0.35,23958.08,No injected typology,0
NPI2000003468,Internal Medicine,Midwest,298,6.58,575.62,1.01,0.522,0.017,0.192,0.019,0.054,0.338,0.71,1139843.82,No injected typology,0
NPI2000003469,Oncology,Northeast,92,3.78,625.52,0.79,0.359,0.065,0.06,0.018,0.303,0.192,0.91,172120.21,No injected typology,0
NPI2000003470,Home Health,Northeast,100,8.54,477.47,1.56,0.327,0.042,0.149,0.05,0.254,0.144,-0.5,636302.18,No injected typology,0
NPI2000003471,Home Health,South,179,7.21,343.57,0.87,0.48,0.03,0.028,0.069,0.228,0.107,-1.22,387384.34,No injected typology,0
NPI2000003472,Home Health,Northeast,247,7.04,452.85,1.12,0.124,0.008,0.228,0.001,0.098,0.489,0.64,879901.68,No injected typology,0
NPI2000003473,Home Health,West,293,5.98,285.55,0.98,0.254,0.023,0.059,0.741,0.033,0.521,0.22,489667.35,Impossible frequency,1
NPI2000003474,Cardiology,West,65,6.23,204.03,1.14,0.129,0.022,0.051,0.035,0.112,0.195,-0.65,94367.83,No injected typology,0
NPI2000003475,Cardiology,West,157,5.55,251.61,1.33,0.301,0.042,0.134,0.05,0.105,0.069,-0.98,290874.7,No injected typology,0
NPI2000003476,Internal Medicine,Midwest,274,2.2,223.84,0.98,0.454,0.011,0.127,0.126,0.197,0.153,0.07,132285.22,No injected typology,0
NPI2000003477,Internal Medicine,Midwest,110,5.6,203.04,1.0,0.166,0.061,0.117,0.052,0.049,0.245,-2.96,125669.87,No injected typology,0
NPI2000003478,Internal Medicine,South,107,5.53,290.07,1.12,0.434,0.044,0.29,0.033,0.145,0.255,1.51,191458.46,No injected typology,0
NPI2000003479,Radiology,South,156,7.43,96.45,0.79,0.105,0.015,0.178,0.124,0.13,0.605,-1.35,88078.1,No injected typology,0
NPI2000003480,Orthopedics,Midwest,289,4.46,184.53,0.83,0.329,0.026,0.013,0.026,0.051,0.071,-1.77,198094.7,No injected typology,0
NPI2000003481,Orthopedics,South,267,6.51,640.47,1.11,0.307,0.028,0.054,0.032,0.059,0.378,1.3,1234891.16,No injected typology,0
NPI2000003482,Radiology,West,203,7.1,449.36,0.8,0.3,0.006,0.302,0.027,0.079,0.153,-1.51,516290.39,No injected typology,0
NPI2000003483,Oncology,West,149,6.93,374.81,1.06,0.066,0.06,0.194,0.001,0.021,0.16,-0.43,410078.27,No injected typology,0
NPI2000003484,Internal Medicine,West,85,4.79,381.45,1.51,0.104,0.054,0.185,0.069,0.064,0.061,-0.31,234793.96,No injected typology,0
NPI2000003485,DME Supplier,South,102,5.49,567.32,1.36,0.954,0.061,0.047,0.08,0.158,0.509,3.24,432108.23,Upcoding,1
NPI2000003486,Orthopedics,Midwest,57,4.58,435.77,1.31,0.371,0.006,0.829,0.099,0.022,0.076,3.05,149011.51,Unbundling/modifier abuse,1
NPI2000003487,Internal Medicine,South,354,5.43,1455.83,0.93,0.228,0.419,0.034,0.127,0.218,0.146,1.65,2614355.7,Duplicate billing,1
NPI2000003488,Orthopedics,Northeast,210,6.51,301.48,0.96,0.1,0.04,0.133,0.053,0.161,0.09,-0.48,395518.59,No injected typology,0
NPI2000003489,Radiology,West,158,5.38,493.37,1.13,0.297,0.014,0.065,0.045,0.244,0.358,0.71,473769.64,No injected typology,0
NPI2000003490,Cardiology,South,141,6.16,349.84,0.55,0.313,0.105,0.142,0.04,0.183,0.071,-0.48,167226.92,No injected typology,0
NPI2000003491,DME Supplier,Midwest,202,6.17,476.72,1.03,0.075,0.075,0.224,0.035,0.031,0.399,-1.07,613616.7,No injected typology,0
NPI2000003492,Pain Management,Northeast,51,7.25,183.31,1.05,0.077,0.057,0.146,0.073,0.093,0.119,-0.62,70881.76,No injected typology,0
NPI2000003493,Internal Medicine,Northeast,371,6.99,226.71,0.84,0.36,0.004,0.219,0.051,0.122,0.321,-0.77,495247.44,No injected typology,0
NPI2000003494,Lab,West,244,7.04,248.26,1.27,0.426,0.024,0.009,0.054,0.277,0.265,1.26,541887.16,No injected typology,0
NPI2000003495,Lab,West,102,7.44,372.6,0.95,0.092,0.004,0.144,0.024,0.045,0.168,-0.18,267564.44,No injected typology,0
NPI2000003496,Lab,West,148,5.77,272.78,0.82,0.272,0.038,0.194,0.523,0.221,0.356,-0.81,190267.51,Impossible frequency,1
NPI2000003497,Pain Management,Midwest,571,7.6,278.33,0.87,0.285,0.037,0.13,0.084,0.236,0.495,-0.53,1049423.8,No injected typology,0
NPI2000003498,Orthopedics,Midwest,262,6.43,366.21,1.44,0.995,0.001,0.164,0.004,0.107,0.147,2.94,886154.88,Upcoding,1
NPI2000003499,Home Health,Northeast,395,7.91,357.28,1.29,0.064,0.026,0.043,0.105,0.027,0.321,0.22,1439112.91,No injected typology,0
NPI2000003500,Oncology,Midwest,174,6.54,589.42,0.77,0.22,0.049,0.766,0.071,0.015,0.304,4.26,516341.29,Unbundling/modifier abuse,1
NPI2000003501,Pain Management,Northeast,98,8.11,230.49,1.21,0.164,0.015,0.19,0.071,0.151,0.08,-0.79,221063.2,No injected typology,0
NPI2000003502,Cardiology,South,130,6.49,669.84,0.84,0.083,0.027,0.553,0.048,0.061,0.264,3.13,476475.99,Unbundling/modifier abuse,1
NPI2000003503,Pain Management,Midwest,305,4.23,371.59,0.95,0.208,0.006,0.005,0.065,0.093,0.456,0.95,455805.26,No injected typology,0
NPI2000003504,DME Supplier,West,188,5.47,402.56,1.26,0.062,0.057,0.125,0.042,0.084,0.154,1.69,523500.9,No injected typology,0
NPI2000003505,Home Health,Midwest,116,6.56,276.06,0.85,0.243,0.014,0.055,0.73,0.143,0.109,-0.85,178002.06,Impossible frequency,1
NPI2000003506,Oncology,South,32,6.38,214.36,1.15,0.175,0.08,0.036,0.046,0.16,0.341,-0.56,50300.94,No injected typology,0
NPI2000003507,DME Supplier,Midwest,261,6.82,157.57,0.79,0.115,0.065,0.042,0.025,0.097,0.099,0.79,220330.29,No injected typology,0
NPI2000003508,Lab,South,293,5.64,372.31,1.15,0.131,0.007,0.102,0.025,0.113,0.332,-1.57,708549.73,No injected typology,0
NPI2000003509,Pain Management,Midwest,161,5.58,399.91,1.01,0.247,0.024,0.106,0.066,0.096,0.383,1.11,364563.65,No injected typology,0
NPI2000003510,Pain Management,Midwest,169,3.72,860.59,1.15,0.178,0.027,0.158,0.015,0.028,0.272,1.16,625142.81,No injected typology,0
NPI2000003511,Lab,West,154,7.53,727.69,0.99,0.273,0.049,0.056,0.672,0.123,0.491,-0.88,832837.36,Impossible frequency,1
NPI2000003512,Cardiology,South,77,7.64,240.94,1.03,0.42,0.064,0.107,0.043,0.138,0.341,-0.42,145877.67,No injected typology,0
NPI2000003513,Cardiology,West,195,7.51,529.82,0.61,0.105,0.076,0.05,0.005,0.051,0.568,0.47,472502.46,No injected typology,0
NPI2000003514,DME Supplier,South,78,3.34,245.45,0.69,0.298,0.01,0.124,0.011,0.513,0.18,5.19,44215.61,DME aberrancy,1
NPI2000003515,Internal Medicine,Northeast,156,5.19,182.83,1.0,0.259,0.013,0.049,0.057,0.092,0.203,-0.68,147787.45,No injected typology,0
NPI2000003516,Internal Medicine,Northeast,185,5.31,259.09,0.6,0.192,0.001,0.018,0.252,0.134,0.22,1.89,153740.51,No injected typology,0
NPI2000003517,DME Supplier,West,163,6.1,334.81,1.14,0.368,0.019,0.198,0.088,0.083,0.103,-1.92,378402.7,No injected typology,0
NPI2000003518,Home Health,West,84,4.48,271.64,0.96,0.12,0.121,0.032,0.302,0.128,0.109,-1.01,97890.62,No injected typology,0
NPI2000003519,Oncology,South,93,8.92,179.1,1.35,0.133,0.058,0.09,0.125,0.032,0.188,-1.64,199932.32,No injected typology,0
NPI2000003520,Internal Medicine,Midwest,199,7.4,314.27,1.28,0.055,0.015,0.026,0.09,0.205,0.246,1.11,593109.66,No injected typology,0
NPI2000003521,Internal Medicine,Northeast,72,5.96,1330.1,0.87,0.156,0.033,0.019,0.023,0.212,0.211,0.19,499430.04,No injected typology,0
NPI2000003522,Home Health,Midwest,89,5.5,678.26,0.91,0.25,0.007,0.022,0.028,0.067,0.297,-0.7,301365.64,No injected typology,0
NPI2000003523,Lab,West,218,3.64,355.15,0.92,0.087,0.443,0.091,0.009,0.052,0.093,-0.59,258886.25,Duplicate billing,1
NPI2000003524,Internal Medicine,Midwest,118,7.58,405.8,1.45,0.766,0.042,0.3,0.126,0.05,0.174,3.69,525118.65,Upcoding,1
NPI2000003525,Cardiology,South,208,6.57,212.04,1.13,0.577,0.061,0.081,0.008,0.386,0.319,-1.11,327953.46,No injected typology,0
NPI2000003526,Home Health,West,155,6.62,274.27,0.77,0.308,0.017,0.066,0.1,0.192,0.539,-1.1,217334.32,No injected typology,0
NPI2000003527,Home Health,West,177,7.51,387.58,0.68,0.332,0.007,0.15,0.528,0.077,0.305,0.47,350747.45,Impossible frequency,1
NPI2000003528,Lab,West,133,4.7,519.17,0.65,0.485,0.063,0.226,0.118,0.074,0.642,-0.02,212019.39,No injected typology,0
NPI2000003529,Home Health,Midwest,83,2.71,885.23,1.05,0.239,0.02,0.067,0.161,0.066,0.365,-0.07,208717.93,No injected typology,0
NPI2000003530,Oncology,Midwest,68,9.38,368.42,1.29,0.062,0.05,0.069,0.133,0.103,0.495,1.05,302836.87,No injected typology,0
NPI2000003531,Cardiology,South,239,5.39,243.72,1.35,0.077,0.004,0.302,0.02,0.192,0.089,0.16,423540.63,No injected typology,0
NPI2000003532,Radiology,Northeast,212,7.15,530.96,1.0,0.325,0.101,0.074,0.063,0.166,0.166,0.03,807065.56,No injected typology,0
NPI2000003533,DME Supplier,Midwest,101,4.06,426.84,1.03,0.079,0.065,0.087,0.236,0.154,0.107,1.1,179770.87,No injected typology,0
NPI2000003534,Orthopedics,Midwest,462,7.05,438.09,0.9,0.277,0.008,0.097,0.042,0.015,0.685,-0.76,1284370.91,No injected typology,0
NPI2000003535,Radiology,West,194,8.71,454.05,0.92,0.149,0.016,0.051,0.218,0.221,0.062,1.82,706969.95,No injected typology,0
NPI2000003536,Lab,West,174,6.77,438.44,0.75,0.328,0.037,0.097,0.016,0.104,0.396,-0.93,385291.5,No injected typology,0
NPI2000003537,DME Supplier,South,230,4.11,375.84,1.16,0.125,0.002,0.125,0.057,0.08,0.38,-0.93,412558.48,No injected typology,0
NPI2000003538,Radiology,South,101,5.22,574.14,1.13,0.254,0.014,0.17,0.001,0.067,0.1,-0.48,341004.49,No injected typology,0
NPI2000003539,Orthopedics,Midwest,110,3.53,291.3,1.16,0.126,0.018,0.401,0.091,0.1,0.281,0.02,131172.47,No injected typology,0
NPI2000003540,Lab,Midwest,113,5.8,412.27,0.62,0.322,0.017,0.182,0.105,0.144,0.119,0.88,168696.16,No injected typology,0
NPI2000003541,Orthopedics,South,151,7.5,535.12,0.77,0.085,0.084,0.066,0.101,0.012,0.093,-1.31,468816.71,No injected typology,0
NPI2000003542,Home Health,Northeast,282,7.1,275.31,0.85,0.154,0.002,0.027,0.69,0.032,0.219,0.13,470398.34,Impossible frequency,1
NPI2000003543,DME Supplier,South,243,5.47,485.66,0.82,0.165,0.083,0.166,0.007,0.174,0.23,0.65,528350.61,No injected typology,0
NPI2000003544,DME Supplier,South,96,6.47,582.6,0.98,0.43,0.002,0.079,0.009,0.47,0.624,3.69,354419.31,DME aberrancy,1
NPI2000003545,Oncology,West,302,6.12,311.91,1.0,0.338,0.024,0.159,0.039,0.058,0.028,-0.03,575491.56,No injected typology,0
NPI2000003546,Radiology,West,911,4.08,146.48,0.73,0.202,0.425,0.026,0.009,0.132,0.179,0.99,397015.78,Duplicate billing,1
NPI2000003547,DME Supplier,Northeast,100,4.81,333.58,1.01,0.067,0.036,0.15,0.008,0.043,0.129,0.77,162100.8,No injected typology,0
NPI2000003548,Radiology,South,404,6.64,311.48,1.21,0.094,0.021,0.084,0.014,0.064,0.165,0.69,1014304.84,No injected typology,0
NPI2000003549,Radiology,South,76,8.88,944.71,1.0,0.061,0.154,0.078,0.155,0.095,0.112,2.8,636660.72,No injected typology,0
NPI2000003550,Orthopedics,Northeast,121,6.09,325.9,1.14,0.668,0.032,0.069,0.073,0.162,0.264,5.14,272563.7,Upcoding,1
NPI2000003551,Cardiology,Midwest,177,6.27,497.69,1.07,0.123,0.065,0.007,0.08,0.025,0.287,0.12,589789.89,No injected typology,0
NPI2000003552,Home Health,South,41,4.33,386.96,0.87,0.096,0.03,0.336,0.093,0.035,0.312,0.39,59898.43,No injected typology,0
NPI2000003553,Internal Medicine,Northeast,142,7.07,432.54,1.16,0.282,0.046,0.08,0.021,0.062,0.138,-1.22,503996.49,No injected typology,0
NPI2000003554,Lab,Northeast,205,3.83,367.54,1.03,0.295,0.022,0.137,0.058,0.092,0.245,-0.14,298160.61,No injected typology,0
NPI2000003555,Radiology,Midwest,327,6.64,241.93,1.12,0.171,0.088,0.046,0.252,0.049,0.274,-1.68,586714.34,No injected typology,0
NPI2000003556,Home Health,Midwest,207,6.91,222.2,0.82,0.123,0.018,0.105,0.02,0.476,0.222,-1.61,260307.95,No injected typology,0
NPI2000003557,Orthopedics,West,215,6.08,582.67,1.38,0.178,0.057,0.272,0.081,0.069,0.086,0.99,1055416.53,No injected typology,0
NPI2000003558,Oncology,Northeast,44,5.16,240.09,1.15,0.267,0.058,0.177,0.171,0.057,0.363,-0.4,62584.16,No injected typology,0
NPI2000003559,Radiology,Midwest,158,5.04,316.69,1.21,0.141,0.041,0.197,0.046,0.18,0.369,0.35,305122.4,No injected typology,0
NPI2000003560,Lab,South,138,8.16,293.42,1.01,0.412,0.05,0.081,0.103,0.129,0.412,-1.42,334557.1,No injected typology,0
NPI2000003561,Radiology,West,684,7.43,136.99,0.8,0.374,0.011,0.077,0.031,0.049,0.339,-0.59,557918.72,No injected typology,0
NPI2000003562,DME Supplier,South,355,6.52,670.09,0.91,0.069,0.169,0.071,0.017,0.115,0.284,1.15,1405056.53,No injected typology,0
NPI2000003563,Cardiology,South,102,7.52,352.16,1.29,0.128,0.052,0.064,0.043,0.073,0.392,-0.61,347579.5,No injected typology,0
NPI2000003564,Internal Medicine,Midwest,348,5.51,364.42,1.12,0.5,0.057,0.038,0.01,0.132,0.33,-0.21,780722.93,No injected typology,0
NPI2000003565,Lab,South,83,6.15,347.48,0.63,0.144,0.022,0.021,0.039,0.003,0.108,0.71,111704.89,No injected typology,0
NPI2000003566,Home Health,Midwest,230,5.12,322.3,1.27,0.295,0.027,0.301,0.02,0.032,0.238,1.52,481893.36,No injected typology,0
NPI2000003567,Cardiology,West,90,5.1,722.51,1.05,0.18,0.042,0.181,0.039,0.035,0.282,1.33,348622.84,No injected typology,0
NPI2000003568,Cardiology,South,364,5.68,397.08,1.32,0.464,0.027,0.144,0.012,0.056,0.264,-0.4,1084450.92,No injected typology,0
NPI2000003569,Pain Management,South,225,7.78,154.49,1.04,0.129,0.006,0.138,0.118,0.098,0.07,-1.02,280105.83,No injected typology,0
NPI2000003570,Home Health,West,360,5.12,346.65,0.86,0.139,0.029,0.081,0.088,0.12,0.281,-0.33,552853.79,No injected typology,0
NPI2000003571,Radiology,Northeast,260,5.46,421.0,0.97,0.357,0.11,0.015,0.176,0.062,0.192,1.77,581384.65,No injected typology,0
NPI2000003572,Pain Management,Midwest,158,6.09,287.14,1.23,0.053,0.015,0.317,0.138,0.069,0.256,0.83,341168.83,No injected typology,0
NPI2000003573,Cardiology,West,108,8.13,371.58,0.91,0.272,0.011,0.159,0.018,0.127,0.599,0.42,296082.76,No injected typology,0
NPI2000003574,Home Health,West,141,4.75,140.27,1.13,0.077,0.08,0.103,0.008,0.103,0.353,-1.41,106310.98,No injected typology,0
NPI2000003575,Internal Medicine,Midwest,171,10.36,485.48,1.09,0.1,0.021,0.007,0.143,0.036,0.185,0.26,934791.2,No injected typology,0
NPI2000003576,Internal Medicine,West,221,5.92,1128.07,0.76,0.315,0.061,0.041,0.023,0.105,0.061,1.65,1124698.99,No injected typology,0
NPI2000003577,Orthopedics,West,228,5.65,525.54,1.21,0.172,0.095,0.002,0.027,0.274,0.35,0.42,818419.06,No injected typology,0
NPI2000003578,DME Supplier,Midwest,163,6.41,445.37,1.28,0.213,0.006,0.008,0.111,0.564,0.2,2.3,593732.2,DME aberrancy,1
NPI2000003579,Internal Medicine,Northeast,247,5.39,425.47,0.89,0.162,0.026,0.09,0.01,0.171,0.163,0.6,503943.83,No injected typology,0
NPI2000003580,Internal Medicine,Midwest,97,5.64,196.53,0.99,0.221,0.036,0.067,0.03,0.088,0.126,2.49,106158.32,No injected typology,0
NPI2000003581,Radiology,West,185,4.71,88.34,0.81,0.68,0.036,0.014,0.038,0.04,0.146,-2.74,62611.69,No injected typology,0
NPI2000003582,Orthopedics,West,68,9.12,1085.25,0.81,0.034,0.137,0.099,0.036,0.045,0.163,1.2,544357.22,No injected typology,0
NPI2000003583,Pain Management,Northeast,194,4.52,530.97,1.18,0.083,0.006,0.009,0.007,0.024,0.447,-0.53,547324.07,No injected typology,0
NPI2000003584,Pain Management,West,145,7.32,560.48,1.03,0.079,0.033,0.066,0.06,0.049,0.122,1.22,609868.52,No injected typology,0
NPI2000003585,Internal Medicine,Midwest,392,7.2,795.95,1.22,0.206,0.016,0.071,0.064,0.042,0.305,0.1,2743544.95,No injected typology,0
NPI2000003586,Oncology,Midwest,119,5.85,272.92,0.71,0.274,0.052,0.017,0.144,0.122,0.166,1.32,134681.88,No injected typology,0
NPI2000003587,Oncology,South,115,7.31,333.68,1.01,0.246,0.041,0.066,0.004,0.03,0.464,-0.3,284019.27,No injected typology,0
NPI2000003588,Home Health,Midwest,60,7.56,543.53,0.98,0.199,0.017,0.038,0.094,0.133,0.128,0.52,242224.01,No injected typology,0
NPI2000003589,Internal Medicine,Midwest,254,7.29,1205.14,0.97,0.424,0.008,0.038,0.066,0.125,0.074,0.71,2161699.29,No injected typology,0
NPI2000003590,Home Health,Northeast,71,3.84,360.3,0.91,0.17,0.014,0.238,0.037,0.046,0.318,2.55,89274.55,No injected typology,0
NPI2000003591,Lab,Midwest,373,7.74,422.6,0.97,0.097,0.02,0.065,0.067,0.088,0.222,0.95,1179805.15,No injected typology,0
NPI2000003592,Orthopedics,Midwest,73,7.4,253.38,0.87,0.015,0.022,0.169,0.054,0.055,0.325,-1.63,118828.75,No injected typology,0
NPI2000003593,Internal Medicine,West,100,6.5,1159.43,1.2,0.317,0.012,0.061,0.113,0.226,0.154,1.09,903563.56,No injected typology,0
NPI2000003594,Radiology,Northeast,45,5.29,138.46,1.15,0.339,0.026,0.106,0.014,0.309,0.313,-2.65,37931.27,No injected typology,0
NPI2000003595,Home Health,Northeast,162,5.73,638.6,1.02,0.454,0.144,0.049,0.051,0.034,0.224,0.61,603395.03,No injected typology,0
NPI2000003596,Orthopedics,West,221,2.55,415.76,1.22,0.102,0.043,0.046,0.014,0.028,0.117,0.92,285159.65,No injected typology,0
NPI2000003597,Cardiology,Midwest,454,7.74,187.76,1.2,0.266,0.088,0.112,0.017,0.076,0.307,0.43,793360.09,No injected typology,0
NPI2000003598,Oncology,Midwest,256,3.58,194.38,1.04,0.239,0.06,0.1,0.114,0.142,0.166,-1.21,184844.18,No injected typology,0
NPI2000003599,Internal Medicine,Midwest,171,8.0,494.23,0.99,0.287,0.017,0.117,0.009,0.138,0.185,-0.07,666333.2,No injected typology,0
NPI2000003600,Cardiology,South,111,6.66,237.83,0.79,0.076,0.147,0.053,0.049,0.009,0.348,1.73,138973.0,No injected typology,0
NPI2000003601,Pain Management,West,141,8.29,317.74,0.6,0.455,0.358,0.225,0.024,0.158,0.102,-1.54,224363.41,Duplicate billing,1
NPI2000003602,DME Supplier,South,629,4.51,289.94,1.41,0.073,0.007,0.04,0.068,0.465,0.053,2.82,1162874.0,DME aberrancy,1
NPI2000003603,Cardiology,West,517,5.06,332.33,0.89,0.227,0.062,0.166,0.783,0.161,0.142,1.59,774679.06,Impossible frequency,1
NPI2000003604,DME Supplier,Midwest,267,5.97,235.55,0.91,0.279,0.052,0.069,0.078,0.121,0.365,-1.79,341137.43,No injected typology,0
NPI2000003605,Internal Medicine,South,77,2.85,496.05,0.73,0.252,0.015,0.232,0.015,0.09,0.21,0.16,79859.74,No injected typology,0
NPI2000003606,DME Supplier,South,193,4.34,272.91,1.23,0.419,0.037,0.157,0.174,0.021,0.055,0.63,280522.08,No injected typology,0
NPI2000003607,Internal Medicine,Northeast,260,6.91,407.46,1.18,0.228,0.026,0.005,0.018,0.04,0.492,1.88,866130.94,No injected typology,0
NPI2000003608,Orthopedics,West,85,9.39,356.51,0.73,0.398,0.014,0.025,0.126,0.135,0.275,-0.5,208883.76,No injected typology,0
NPI2000003609,Radiology,Northeast,225,4.38,538.58,1.4,0.087,0.005,0.057,0.171,0.357,0.155,-1.02,742584.37,No injected typology,0
NPI2000003610,Internal Medicine,Midwest,235,7.41,144.23,0.9,0.287,0.034,0.096,0.801,0.101,0.093,-0.01,226162.88,Impossible frequency,1
NPI2000003611,Internal Medicine,South,163,5.18,279.68,1.08,0.371,0.001,0.277,0.085,0.089,0.174,1.35,256304.21,No injected typology,0
NPI2000003612,Oncology,West,108,6.36,367.31,1.19,0.225,0.027,0.214,0.028,0.049,0.136,0.31,299830.94,No injected typology,0
NPI2000003613,Orthopedics,South,366,7.26,724.93,0.96,0.228,0.07,0.723,0.03,0.006,0.086,4.2,1854943.97,Unbundling/modifier abuse,1
NPI2000003614,Internal Medicine,Midwest,119,5.83,908.03,1.49,0.311,0.01,0.197,0.031,0.037,0.284,-0.35,938032.2,No injected typology,0
NPI2000003615,Orthopedics,Midwest,232,6.11,172.96,1.17,0.19,0.028,0.036,0.132,0.134,0.411,-2.25,286263.09,No injected typology,0
NPI2000003616,Cardiology,South,283,5.76,554.89,1.07,0.315,0.022,0.221,0.046,0.104,0.321,0.34,969265.41,No injected typology,0
NPI2000003617,Lab,South,110,6.07,566.47,1.24,0.027,0.01,0.155,0.297,0.086,0.285,-0.29,469492.17,No injected typology,0
NPI2000003618,Lab,West,234,6.66,449.17,1.11,0.223,0.029,0.056,0.024,0.075,0.099,-0.25,776594.67,No injected typology,0
NPI2000003619,Radiology,Northeast,374,7.18,439.52,1.41,0.249,0.11,0.058,0.768,0.086,0.099,0.53,1661045.6,Impossible frequency,1
NPI2000003620,Home Health,West,247,5.54,314.95,0.92,0.158,0.014,0.026,0.01,0.081,0.289,-1.83,394558.65,No injected typology,0
NPI2000003621,DME Supplier,South,140,5.44,1029.93,0.86,0.14,0.11,0.514,0.033,0.112,0.368,3.46,676040.08,Unbundling/modifier abuse,1
NPI2000003622,Internal Medicine,Midwest,198,5.41,264.69,1.05,0.818,0.04,0.044,0.011,0.077,0.318,3.08,297894.52,Upcoding,1
NPI2000003623,Home Health,Northeast,147,4.83,456.49,1.24,0.194,0.023,0.123,0.061,0.109,0.319,-0.6,400306.26,No injected typology,0
NPI2000003624,Orthopedics,Northeast,116,6.55,1136.72,1.28,0.264,0.056,0.031,0.096,0.063,0.151,0.2,1103647.72,No injected typology,0
NPI2000003625,Cardiology,Midwest,166,7.77,189.38,0.76,0.245,0.021,0.03,0.045,0.038,0.47,0.98,185628.8,No injected typology,0
NPI2000003626,DME Supplier,West,143,8.0,428.17,0.71,0.222,0.113,0.073,0.065,0.156,0.279,1.21,349406.77,No injected typology,0
NPI2000003627,Cardiology,South,115,4.47,477.63,0.82,0.118,0.065,0.289,0.041,0.138,0.336,0.51,201699.88,No injected typology,0
NPI2000003628,Oncology,South,102,5.29,206.52,0.9,0.195,0.029,0.049,0.041,0.124,0.15,-0.72,99718.5,No injected typology,0
NPI2000003629,DME Supplier,Midwest,71,5.92,277.17,1.15,0.176,0.482,0.06,0.022,0.118,0.225,0.02,134096.8,Duplicate billing,1
NPI2000003630,Radiology,Northeast,210,6.58,256.34,1.3,0.438,0.006,0.048,0.013,0.267,0.369,-0.1,459279.84,No injected typology,0
NPI2000003631,Internal Medicine,Northeast,115,7.99,414.38,1.16,0.184,0.013,0.25,0.028,0.145,0.322,0.86,440396.1,No injected typology,0
NPI2000003632,Internal Medicine,Northeast,301,5.86,495.3,0.97,0.319,0.019,0.077,0.023,0.108,0.307,-0.52,847692.31,No injected typology,0
NPI2000003633,Internal Medicine,South,160,4.6,353.64,0.99,0.223,0.016,0.02,0.014,0.205,0.202,0.08,257818.39,No injected typology,0
NPI2000003634,Internal Medicine,South,183,8.01,129.56,1.07,0.042,0.014,0.059,0.061,0.118,0.165,-2.58,202580.29,No injected typology,0
NPI2000003635,DME Supplier,Northeast,136,7.8,165.82,1.27,0.179,0.02,0.178,0.025,0.177,0.151,-0.39,222639.27,No injected typology,0
NPI2000003636,Home Health,Northeast,317,6.3,528.07,0.73,0.445,0.036,0.068,0.03,0.158,0.282,0.41,768424.49,No injected typology,0
NPI2000003637,Lab,Midwest,69,5.74,551.9,1.04,0.055,0.039,0.149,0.007,0.109,0.304,-0.66,226521.55,No injected typology,0
NPI2000003638,Internal Medicine,South,160,4.39,749.6,0.88,0.148,0.034,0.275,0.009,0.148,0.066,0.91,463220.38,No injected typology,0
NPI2000003639,Pain Management,South,208,5.65,521.15,1.2,0.111,0.017,0.02,0.173,0.065,0.137,1.68,736613.82,No injected typology,0
NPI2000003640,Home Health,South,94,4.01,644.97,1.02,0.153,0.003,0.061,0.056,0.06,0.403,-0.16,247704.77,No injected typology,0
NPI2000003641,Orthopedics,Midwest,126,5.86,392.27,0.92,0.265,0.013,0.12,0.066,0.075,0.027,0.72,267737.9,No injected typology,0
NPI2000003642,Internal Medicine,Midwest,135,6.05,518.22,0.82,0.06,0.053,0.122,0.253,0.029,0.288,0.74,346144.87,No injected typology,0
NPI2000003643,Internal Medicine,West,706,6.79,416.84,1.15,0.158,0.09,0.094,0.001,0.112,0.157,1.49,2297061.84,No injected typology,0
NPI2000003644,Internal Medicine,South,389,7.69,288.25,1.46,0.051,0.012,0.037,0.13,0.006,0.093,-0.67,1259409.81,No injected typology,0
NPI2000003645,Orthopedics,South,263,4.89,699.42,0.98,0.065,0.018,0.099,0.038,0.244,0.437,0.85,883578.83,No injected typology,0
NPI2000003646,Internal Medicine,Northeast,658,6.08,196.87,0.55,0.145,0.043,0.135,0.198,0.049,0.264,-2.69,433457.76,No injected typology,0
NPI2000003647,Oncology,Midwest,569,6.53,295.4,1.12,0.251,0.022,0.146,0.012,0.115,0.048,-0.73,1225766.34,No injected typology,0
NPI2000003648,Home Health,Midwest,274,8.12,388.67,0.71,0.501,0.003,0.05,0.312,0.225,0.166,0.01,615088.77,No injected typology,0
NPI2000003649,Internal Medicine,Northeast,180,5.06,175.82,1.03,0.355,0.038,0.292,0.124,0.087,0.256,0.48,164510.06,No injected typology,0
NPI2000003650,Home Health,West,72,7.39,191.99,1.22,0.04,0.081,0.097,0.056,0.101,0.033,-1.95,124914.33,No injected typology,0
NPI2000003651,Pain Management,Midwest,83,7.55,698.68,0.78,0.11,0.05,0.313,0.105,0.067,0.272,1.61,339661.84,No injected typology,0
NPI2000003652,Lab,West,132,5.92,747.9,0.62,0.085,0.045,0.32,0.053,0.118,0.289,0.49,362192.7,No injected typology,0
NPI2000003653,Internal Medicine,Northeast,134,8.55,316.98,0.55,0.022,0.036,0.024,0.008,0.036,0.485,-0.71,199631.79,No injected typology,0
NPI2000003654,Orthopedics,Northeast,238,4.75,266.4,1.2,0.537,0.407,0.03,0.148,0.024,0.099,0.67,361261.39,Duplicate billing,1
NPI2000003655,Pain Management,West,90,6.98,538.79,0.88,0.069,0.006,0.046,0.015,0.107,0.106,-1.25,297951.15,No injected typology,0
NPI2000003656,DME Supplier,West,289,5.74,707.35,0.66,0.337,0.012,0.007,0.115,0.134,0.172,0.0,776311.96,No injected typology,0
NPI2000003657,Internal Medicine,South,106,6.36,210.08,1.04,0.212,0.013,0.052,0.018,0.195,0.107,0.33,147053.46,No injected typology,0
NPI2000003658,Lab,South,163,6.89,779.08,0.73,0.435,0.039,0.036,0.067,0.09,0.313,-0.48,641689.42,No injected typology,0
NPI2000003659,Internal Medicine,Northeast,81,9.3,260.69,1.19,0.082,0.011,0.045,0.112,0.104,0.055,-0.54,232799.59,No injected typology,0
NPI2000003660,Pain Management,South,180,3.91,206.17,0.93,0.221,0.12,0.066,0.064,0.258,0.109,0.23,134685.38,No injected typology,0
NPI2000003661,DME Supplier,Midwest,53,8.74,505.18,0.99,0.118,0.009,0.164,0.005,0.091,0.189,-0.35,232730.3,No injected typology,0
NPI2000003662,Pain Management,South,154,4.52,96.78,1.64,0.235,0.001,0.123,0.022,0.165,0.179,0.73,110061.35,No injected typology,0
NPI2000003663,Orthopedics,South,258,3.64,329.5,1.02,0.541,0.027,0.067,0.642,0.048,0.341,-1.07,314576.23,Impossible frequency,1
NPI2000003664,Radiology,Northeast,55,6.78,410.29,0.92,0.137,0.062,0.092,0.122,0.077,0.099,0.87,141498.97,No injected typology,0
NPI2000003665,DME Supplier,South,136,6.09,765.58,1.08,0.939,0.022,0.125,0.079,0.058,0.238,5.74,682949.3,Upcoding,1
NPI2000003666,Home Health,South,88,7.56,276.17,0.84,0.469,0.06,0.112,0.102,0.096,0.038,0.8,154949.59,No injected typology,0
NPI2000003667,Radiology,Midwest,125,5.55,410.94,1.08,0.099,0.067,0.113,0.032,0.219,0.236,0.54,308528.71,No injected typology,0
NPI2000003668,Oncology,Midwest,104,6.9,527.93,1.2,0.054,0.056,0.099,0.122,0.333,0.12,-0.41,456277.39,No injected typology,0
NPI2000003669,Pain Management,South,242,3.82,566.52,0.9,0.044,0.011,0.159,0.039,0.155,0.155,-1.05,472399.22,No injected typology,0
NPI2000003670,Orthopedics,South,503,5.22,349.93,1.02,0.261,0.005,0.114,0.004,0.246,0.428,-1.13,937979.11,No injected typology,0
NPI2000003671,Oncology,West,213,4.42,350.95,0.86,0.153,0.074,0.106,0.066,0.122,0.136,-0.54,285202.8,No injected typology,0
NPI2000003672,Oncology,South,149,3.95,198.98,1.31,0.07,0.005,0.038,0.095,0.091,0.441,0.8,153809.16,No injected typology,0
NPI2000003673,Lab,Midwest,30,5.89,307.42,1.6,0.139,0.048,0.062,0.083,0.105,0.314,1.27,87098.99,No injected typology,0
NPI2000003674,Cardiology,South,87,9.43,541.78,1.2,0.189,0.047,0.647,0.017,0.179,0.349,4.4,534531.42,Unbundling/modifier abuse,1
NPI2000003675,Lab,Northeast,186,5.45,275.76,1.0,0.172,0.03,0.578,0.11,0.183,0.431,1.95,279016.74,Unbundling/modifier abuse,1
NPI2000003676,Home Health,Northeast,101,7.51,576.09,0.98,0.114,0.087,0.098,0.012,0.103,0.672,0.37,427888.22,No injected typology,0
NPI2000003677,DME Supplier,South,246,5.72,253.66,1.15,0.103,0.007,0.082,0.271,0.071,0.448,-0.88,410398.7,No injected typology,0
NPI2000003678,Internal Medicine,West,200,7.96,155.7,0.91,0.075,0.006,0.09,0.04,0.195,0.29,-0.64,224944.05,No injected typology,0
NPI2000003679,Internal Medicine,Northeast,169,4.52,261.29,1.54,0.123,0.042,0.138,0.084,0.155,0.246,0.0,307676.65,No injected typology,0
NPI2000003680,Lab,Midwest,160,8.1,627.65,1.26,0.14,0.005,0.078,0.031,0.238,0.272,2.53,1027621.3,No injected typology,0
NPI2000003681,Cardiology,Northeast,225,6.42,653.39,0.55,0.105,0.019,0.14,0.583,0.055,0.172,0.1,519460.21,Impossible frequency,1
NPI2000003682,Pain Management,Northeast,250,4.35,615.4,1.2,0.196,0.039,0.35,0.032,0.102,0.139,0.31,805431.2,No injected typology,0
NPI2000003683,Orthopedics,Midwest,109,4.53,394.02,0.74,0.127,0.032,0.012,0.012,0.023,0.395,-0.88,143469.88,No injected typology,0
NPI2000003684,Orthopedics,West,194,7.55,352.88,1.3,0.58,0.063,0.103,0.067,0.252,0.311,0.15,671664.53,No injected typology,0
NPI2000003685,Orthopedics,South,62,6.67,192.09,1.01,0.035,0.014,0.05,0.069,0.031,0.251,-0.97,80204.15,No injected typology,0
NPI2000003686,Cardiology,South,230,4.31,276.96,1.15,0.21,0.036,0.096,0.006,0.061,0.35,-0.07,316106.5,No injected typology,0
NPI2000003687,Lab,South,350,4.09,254.44,1.15,0.242,0.007,0.096,0.021,0.144,0.437,1.38,417950.41,No injected typology,0
NPI2000003688,DME Supplier,South,262,5.12,450.72,0.99,0.121,0.028,0.056,0.055,0.117,0.475,0.34,600289.94,No injected typology,0
NPI2000003689,Cardiology,South,173,4.45,530.59,1.11,0.138,0.019,0.054,0.052,0.161,0.347,2.2,453118.64,No injected typology,0
NPI2000003690,Cardiology,Midwest,207,6.22,373.44,1.02,0.152,0.008,0.145,0.226,0.015,0.41,-0.19,491166.47,No injected typology,0
NPI2000003691,Lab,Northeast,242,9.52,269.47,0.92,0.266,0.025,0.121,0.011,0.235,0.288,0.13,570581.43,No injected typology,0
NPI2000003692,Radiology,West,147,6.86,535.97,0.73,0.219,0.015,0.012,0.268,0.237,0.444,0.92,394138.82,No injected typology,0
NPI2000003693,Lab,Northeast,729,4.97,550.49,0.97,0.118,0.002,0.033,0.074,0.264,0.389,-0.79,1934415.31,No injected typology,0
NPI2000003694,DME Supplier,West,195,6.88,372.86,1.24,0.024,0.361,0.121,0.248,0.033,0.45,-1.1,622203.97,Duplicate billing,1
NPI2000003695,Orthopedics,Midwest,189,5.4,234.95,1.49,0.245,0.04,0.315,0.037,0.067,0.057,-1.25,356421.14,No injected typology,0
NPI2000003696,Cardiology,Northeast,120,5.02,182.18,1.22,0.175,0.029,0.274,0.051,0.194,0.387,0.48,133452.57,No injected typology,0
NPI2000003697,Orthopedics,Midwest,260,6.76,400.83,1.17,0.062,0.023,0.041,0.144,0.152,0.184,1.1,826115.06,No injected typology,0
NPI2000003698,Internal Medicine,Northeast,158,2.81,757.63,1.08,0.17,0.084,0.038,0.18,0.044,0.187,1.45,364903.47,No injected typology,0
NPI2000003699,Cardiology,South,275,5.17,265.07,0.81,0.291,0.089,0.014,0.014,0.16,0.287,-0.44,306041.25,No injected typology,0
NPI2000003700,Orthopedics,West,227,10.45,196.1,0.95,0.223,0.041,0.162,0.049,0.244,0.143,-0.35,443422.2,No injected typology,0
NPI2000003701,Internal Medicine,South,71,4.73,141.58,0.87,0.109,0.066,0.035,0.127,0.054,0.094,-2.41,41432.26,No injected typology,0
NPI2000003702,Internal Medicine,Midwest,172,6.45,445.73,0.88,0.047,0.025,0.149,0.052,0.106,0.056,1.69,433731.61,No injected typology,0
NPI2000003703,Internal Medicine,West,275,7.16,394.74,0.99,0.326,0.013,0.216,0.095,0.299,0.275,-0.44,767243.95,No injected typology,0
NPI2000003704,Orthopedics,Midwest,293,4.95,270.72,0.88,0.223,0.001,0.063,0.055,0.006,0.081,-0.42,346187.41,No injected typology,0
NPI2000003705,Oncology,Midwest,182,5.3,196.32,1.06,0.272,0.057,0.04,0.049,0.085,0.076,-0.5,200118.28,No injected typology,0
NPI2000003706,Oncology,West,63,8.88,778.49,0.87,0.037,0.022,0.034,0.044,0.054,0.254,0.14,376875.9,No injected typology,0
NPI2000003707,Internal Medicine,West,96,6.26,231.58,1.16,0.121,0.125,0.173,0.223,0.059,0.26,-1.93,161849.58,No injected typology,0
NPI2000003708,DME Supplier,West,542,5.27,409.44,1.14,0.172,0.011,0.027,0.035,0.026,0.214,0.87,1336065.47,No injected typology,0
NPI2000003709,Internal Medicine,South,248,4.42,448.84,0.98,0.02,0.006,0.132,0.058,0.184,0.402,0.97,483892.16,No injected typology,0
NPI2000003710,Home Health,Midwest,334,8.26,416.7,0.96,0.114,0.048,0.014,0.085,0.094,0.148,-0.48,1103518.38,No injected typology,0
NPI2000003711,Home Health,West,35,7.89,269.26,0.96,0.127,0.085,0.165,0.067,0.095,0.191,-1.22,71373.56,No injected typology,0
NPI2000003712,DME Supplier,Midwest,171,6.14,328.99,0.99,0.106,0.037,0.242,0.108,0.146,0.639,0.4,343052.84,No injected typology,0
NPI2000003713,Cardiology,South,219,7.72,320.19,1.05,0.218,0.088,0.167,0.179,0.208,0.183,-0.02,567132.1,No injected typology,0
NPI2000003714,Pain Management,South,173,6.1,577.11,0.84,0.212,0.031,0.069,0.139,0.139,0.243,-0.77,508820.18,No injected typology,0
NPI2000003715,Internal Medicine,Midwest,272,5.72,1181.82,1.06,0.16,0.016,0.173,0.005,0.057,0.334,0.45,1957170.73,No injected typology,0
NPI2000003716,Home Health,Midwest,340,4.8,320.0,0.83,0.15,0.022,0.084,0.059,0.035,0.113,-0.58,432204.98,No injected typology,0
NPI2000003717,Radiology,Midwest,254,7.43,711.96,1.09,0.19,0.098,0.074,0.017,0.033,0.135,0.71,1468729.38,No injected typology,0
NPI2000003718,Internal Medicine,South,89,5.5,208.07,1.27,0.238,0.004,0.115,0.112,0.037,0.085,-1.06,129124.99,No injected typology,0
NPI2000003719,Oncology,West,62,5.93,552.89,0.62,0.105,0.004,0.224,0.125,0.075,0.184,0.1,125616.37,No injected typology,0
NPI2000003720,Internal Medicine,South,145,7.33,127.46,0.96,0.04,0.013,0.235,0.028,0.204,0.432,-0.49,130248.09,No injected typology,0
NPI2000003721,Oncology,Northeast,60,8.05,249.23,1.23,0.117,0.05,0.093,0.042,0.088,0.222,-0.64,147874.2,No injected typology,0
NPI2000003722,Oncology,South,161,3.63,257.49,0.99,0.164,0.006,0.067,0.055,0.265,0.224,0.93,149322.88,No injected typology,0
NPI2000003723,Orthopedics,Northeast,439,6.47,218.8,0.76,0.018,0.071,0.071,0.059,0.09,0.163,-0.22,470294.63,No injected typology,0
NPI2000003724,Lab,South,101,7.17,458.56,0.57,0.243,0.073,0.074,0.107,0.075,0.136,1.12,189728.13,No injected typology,0
NPI2000003725,DME Supplier,West,278,7.02,825.88,0.97,0.211,0.006,0.144,0.079,0.13,0.194,1.76,1564478.51,No injected typology,0
NPI2000003726,Cardiology,South,234,3.07,338.36,1.06,0.198,0.013,0.072,0.003,0.364,0.151,-0.2,257173.53,No injected typology,0
NPI2000003727,Home Health,South,126,6.95,315.75,0.95,0.087,0.004,0.094,0.103,0.054,0.319,-0.89,261649.93,No injected typology,0
NPI2000003728,Orthopedics,West,161,5.13,741.86,0.78,0.222,0.009,0.007,0.001,0.161,0.206,1.42,476378.39,No injected typology,0
NPI2000003729,Internal Medicine,South,87,7.6,516.04,1.13,0.155,0.085,0.027,0.146,0.023,0.118,0.42,385678.7,No injected typology,0
NPI2000003730,Radiology,Northeast,161,8.5,299.13,0.64,0.1,0.06,0.306,0.02,0.187,0.141,-1.21,262132.25,No injected typology,0
NPI2000003731,Internal Medicine,West,245,5.95,195.0,1.04,0.217,0.022,0.042,0.041,0.124,0.065,-0.94,295319.75,No injected typology,0
NPI2000003732,Oncology,Northeast,107,7.3,632.82,1.04,0.161,0.019,0.19,0.081,0.113,0.201,0.97,515605.64,No injected typology,0
NPI2000003733,Internal Medicine,South,158,5.22,369.03,0.85,0.275,0.005,0.063,0.002,0.04,0.258,-0.07,258979.44,No injected typology,0
NPI2000003734,Orthopedics,Northeast,135,7.36,662.7,0.86,0.205,0.03,0.019,0.003,0.103,0.518,-0.21,569111.92,No injected typology,0
NPI2000003735,Lab,South,285,7.32,324.4,0.62,0.569,0.052,0.081,0.189,0.086,0.475,0.5,420437.85,No injected typology,0
NPI2000003736,Lab,Northeast,383,6.02,411.3,0.8,0.386,0.049,0.085,0.692,0.022,0.151,-0.19,755400.42,Impossible frequency,1
NPI2000003737,Orthopedics,South,112,6.45,352.68,0.93,0.244,0.04,0.171,0.062,0.179,0.586,-0.65,235658.74,No injected typology,0
NPI2000003738,Home Health,South,86,4.46,313.66,0.96,0.261,0.02,0.076,0.142,0.048,0.525,-0.46,116005.29,No injected typology,0
NPI2000003739,Oncology,South,211,5.52,532.54,1.04,0.036,0.021,0.189,0.187,0.215,0.271,-0.84,643186.31,No injected typology,0
NPI2000003740,Cardiology,Northeast,146,2.28,257.19,0.86,0.254,0.016,0.028,0.03,0.054,0.641,-0.5,73969.0,No injected typology,0
NPI2000003741,Cardiology,West,191,6.92,939.68,0.93,0.424,0.06,0.052,0.086,0.127,0.375,1.5,1155011.74,No injected typology,0
NPI2000003742,Internal Medicine,Midwest,290,6.18,534.89,0.81,0.173,0.02,0.074,0.758,0.025,0.16,-1.73,775753.93,Impossible frequency,1
NPI2000003743,Home Health,West,180,2.6,286.63,0.93,0.128,0.063,0.092,0.027,0.108,0.052,0.44,125318.62,No injected typology,0
NPI2000003744,Home Health,South,238,4.88,399.52,1.26,0.268,0.466,0.165,0.123,0.148,0.159,0.76,586187.77,Duplicate billing,1
NPI2000003745,Internal Medicine,Northeast,67,5.39,723.85,1.03,0.308,0.019,0.049,0.375,0.074,0.346,-0.29,270048.57,No injected typology,0
NPI2000003746,Radiology,West,136,8.35,219.37,1.02,0.251,0.033,0.181,0.095,0.096,0.387,-1.67,254701.09,No injected typology,0
NPI2000003747,Cardiology,West,141,5.91,812.36,1.23,0.222,0.121,0.079,0.137,0.288,0.182,-0.46,834701.08,No injected typology,0
NPI2000003748,DME Supplier,Midwest,192,6.73,311.1,1.04,0.547,0.095,0.069,0.049,0.148,0.091,0.83,419746.08,No injected typology,0
NPI2000003749,DME Supplier,Midwest,177,6.57,456.89,1.18,0.202,0.063,0.108,0.147,0.094,0.33,0.42,625491.39,No injected typology,0
NPI2000003750,DME Supplier,West,145,4.01,277.56,1.22,0.292,0.038,0.241,0.035,0.176,0.141,-0.92,196652.37,No injected typology,0
NPI2000003751,DME Supplier,Northeast,67,6.43,343.76,0.62,0.298,0.066,0.182,0.017,0.016,0.24,-0.82,92331.12,No injected typology,0
NPI2000003752,Orthopedics,Northeast,202,8.28,303.31,1.35,0.179,0.018,0.082,0.221,0.092,0.186,0.75,686567.44,No injected typology,0
NPI2000003753,Radiology,South,240,7.29,545.71,0.66,0.139,0.384,0.077,0.068,0.278,0.315,0.01,630383.94,Duplicate billing,1
NPI2000003754,Cardiology,West,136,4.09,450.85,1.21,0.21,0.05,0.273,0.177,0.114,0.34,0.42,303495.82,No injected typology,0
NPI2000003755,Lab,Midwest,181,4.57,524.14,1.05,0.173,0.049,0.064,0.166,0.089,0.059,1.81,454847.11,No injected typology,0
NPI2000003756,Orthopedics,Northeast,122,7.03,280.64,0.73,0.061,0.046,0.051,0.026,0.226,0.282,-0.5,175073.49,No injected typology,0
NPI2000003757,Radiology,West,95,9.3,427.68,0.83,0.092,0.048,0.236,0.126,0.182,0.215,0.36,312142.43,No injected typology,0
NPI2000003758,Home Health,Northeast,116,4.3,657.61,0.91,0.34,0.129,0.12,0.075,0.092,0.279,-0.1,297629.37,No injected typology,0
NPI2000003759,Pain Management,Northeast,74,6.29,415.87,0.55,0.276,0.018,0.044,0.029,0.162,0.348,0.65,106456.34,No injected typology,0
NPI2000003760,Pain Management,Midwest,114,8.96,380.36,0.93,0.213,0.009,0.257,0.042,0.186,0.089,-0.34,360890.65,No injected typology,0
NPI2000003761,DME Supplier,West,49,6.81,293.66,0.95,0.187,0.027,0.148,0.053,0.285,0.14,0.6,92746.87,No injected typology,0
NPI2000003762,Orthopedics,South,178,7.41,245.35,0.96,0.099,0.007,0.106,0.013,0.115,0.261,-0.15,311250.78,No injected typology,0
NPI2000003763,DME Supplier,West,343,4.76,1043.95,1.16,0.162,0.029,0.1,0.003,0.478,0.196,2.23,1982126.71,DME aberrancy,1
NPI2000003764,Pain Management,South,235,4.73,438.73,1.05,0.171,0.128,0.069,0.024,0.127,0.172,0.29,511994.87,No injected typology,0
NPI2000003765,Lab,Midwest,148,3.02,399.46,1.21,0.49,0.018,0.054,0.171,0.023,0.171,1.38,216524.04,No injected typology,0
NPI2000003766,Cardiology,South,122,7.63,431.31,1.02,0.414,0.032,0.42,0.139,0.095,0.235,1.07,410089.74,No injected typology,0
NPI2000003767,Radiology,South,63,7.23,313.84,1.11,0.303,0.13,0.177,0.079,0.029,0.109,0.55,158444.6,No injected typology,0
NPI2000003768,Orthopedics,Northeast,140,9.36,258.2,0.74,0.247,0.035,0.05,0.011,0.072,0.185,-0.41,249731.01,No injected typology,0
NPI2000003769,Lab,West,340,4.13,320.12,0.81,0.25,0.034,0.016,0.092,0.252,0.166,0.58,365880.1,No injected typology,0
NPI2000003770,Lab,West,221,8.3,543.65,1.19,0.032,0.025,0.059,0.121,0.21,0.154,0.86,1183974.31,No injected typology,0
NPI2000003771,Internal Medicine,South,57,6.39,570.81,0.93,0.04,0.095,0.138,0.09,0.094,0.382,-0.17,192504.17,No injected typology,0
NPI2000003772,Oncology,South,60,7.04,143.97,1.26,0.052,0.041,0.065,0.04,0.319,0.081,-1.35,76392.88,No injected typology,0
NPI2000003773,Lab,Midwest,182,4.24,110.57,1.13,0.119,0.083,0.113,0.104,0.099,0.339,-0.3,96116.68,No injected typology,0
NPI2000003774,Home Health,South,66,7.06,103.51,1.02,0.206,0.031,0.028,0.047,0.056,0.041,-0.55,49009.51,No injected typology,0
NPI2000003775,Internal Medicine,Northeast,59,7.02,564.9,1.03,0.301,0.035,0.044,0.031,0.172,0.628,1.05,241518.13,No injected typology,0
NPI2000003776,Lab,West,291,8.6,530.51,0.9,0.146,0.01,0.278,0.26,0.049,0.437,0.44,1189033.19,No injected typology,0
NPI2000003777,DME Supplier,West,55,7.17,784.41,1.04,0.255,0.04,0.063,0.048,0.509,0.127,4.45,323327.44,DME aberrancy,1
NPI2000003778,Cardiology,Midwest,146,7.0,297.13,1.02,0.165,0.028,0.215,0.024,0.051,0.382,1.56,309986.56,No injected typology,0
NPI2000003779,Home Health,South,209,5.74,372.03,0.68,0.335,0.006,0.25,0.011,0.045,0.084,1.45,304208.81,No injected typology,0
NPI2000003780,Internal Medicine,Northeast,298,8.63,436.56,1.22,0.274,0.048,0.041,0.04,0.181,0.173,-0.18,1373393.09,No injected typology,0
NPI2000003781,Home Health,Midwest,67,9.11,365.67,0.93,0.164,0.019,0.199,0.017,0.023,0.584,-0.44,208463.39,No injected typology,0
NPI2000003782,Internal Medicine,South,152,7.49,397.04,0.72,0.138,0.005,0.007,0.105,0.177,0.037,0.46,326414.2,No injected typology,0
NPI2000003783,Cardiology,West,339,4.06,609.89,1.24,0.221,0.013,0.088,0.039,0.203,0.078,-0.71,1042774.87,No injected typology,0
NPI2000003784,Internal Medicine,West,51,4.88,648.33,0.68,0.2,0.044,0.61,0.031,0.094,0.292,3.96,109563.26,Unbundling/modifier abuse,1
NPI2000003785,Orthopedics,Midwest,88,5.07,527.65,0.94,0.133,0.015,0.169,0.0,0.12,0.312,-0.37,219951.43,No injected typology,0
NPI2000003786,Home Health,West,140,9.31,427.29,0.99,0.283,0.104,0.025,0.022,0.066,0.332,-0.82,549636.32,No injected typology,0
NPI2000003787,Home Health,Midwest,129,5.73,263.49,0.96,0.286,0.012,0.141,0.096,0.02,0.283,-0.47,187456.39,No injected typology,0
NPI2000003788,Orthopedics,Midwest,121,7.74,504.3,0.98,0.966,0.07,0.149,0.095,0.044,0.243,2.99,461859.62,Upcoding,1
NPI2000003789,Cardiology,Northeast,263,7.06,266.64,1.09,0.197,0.021,0.09,0.043,0.023,0.342,0.06,540604.65,No injected typology,0
NPI2000003790,Internal Medicine,Northeast,146,6.41,263.51,1.2,0.155,0.005,0.026,0.065,0.007,0.075,-0.68,294786.83,No injected typology,0
NPI2000003791,Orthopedics,South,123,5.74,233.0,0.55,0.26,0.4,0.13,0.027,0.055,0.389,-1.25,90474.33,Duplicate billing,1
NPI2000003792,Radiology,South,68,7.06,199.95,0.55,0.128,0.019,0.204,0.01,0.037,0.333,-2.39,52795.48,No injected typology,0
NPI2000003793,Oncology,West,220,8.7,344.96,0.88,0.102,0.025,0.064,0.08,0.109,0.394,0.5,581880.8,No injected typology,0
NPI2000003794,Oncology,South,253,6.88,297.47,0.79,0.12,0.011,0.067,0.202,0.284,0.242,0.85,409466.05,No injected typology,0
NPI2000003795,Internal Medicine,Northeast,103,4.2,278.47,1.22,0.274,0.007,0.223,0.006,0.1,0.394,-0.64,147445.79,No injected typology,0
NPI2000003796,Internal Medicine,West,403,6.1,454.19,1.32,0.437,0.009,0.059,0.248,0.068,0.558,-0.75,1474976.02,No injected typology,0
NPI2000003797,Orthopedics,Northeast,133,7.47,255.66,1.0,0.228,0.062,0.006,0.094,0.041,0.37,1.74,253430.3,No injected typology,0
NPI2000003798,DME Supplier,Midwest,174,7.82,440.82,0.92,0.093,0.069,0.036,0.086,0.065,0.3,1.03,552567.05,No injected typology,0
NPI2000003799,Internal Medicine,South,151,4.01,430.63,0.86,0.185,0.089,0.076,0.088,0.098,0.1,0.65,223646.95,No injected typology,0
NPI2000003800,Internal Medicine,South,180,7.17,718.93,1.12,0.38,0.018,0.091,0.127,0.05,0.129,0.25,1034447.29,No injected typology,0
NPI2000003801,Lab,Northeast,160,8.01,370.61,1.14,0.163,0.024,0.013,0.075,0.143,0.516,0.21,539844.09,No injected typology,0
NPI2000003802,Oncology,Northeast,762,6.69,373.65,1.32,0.511,0.027,0.374,0.051,0.054,0.111,0.44,2520832.06,No injected typology,0
NPI2000003803,Pain Management,Northeast,164,5.21,337.24,0.95,0.107,0.064,0.024,0.103,0.077,0.407,0.9,272371.98,No injected typology,0
NPI2000003804,Radiology,Northeast,196,6.2,537.29,0.97,0.203,0.089,0.072,0.099,0.136,0.112,0.56,635731.08,No injected typology,0
NPI2000003805,Radiology,South,553,5.49,207.48,1.29,0.151,0.004,0.102,0.005,0.063,0.256,0.83,813056.68,No injected typology,0
NPI2000003806,Radiology,Midwest,776,6.54,478.1,1.16,0.092,0.043,0.113,0.109,0.146,0.189,-0.09,2811877.65,No injected typology,0
NPI2000003807,Orthopedics,Midwest,94,5.41,210.88,0.99,0.27,0.048,0.012,0.736,0.109,0.292,0.58,105641.45,Impossible frequency,1
NPI2000003808,Oncology,Northeast,261,13.51,929.16,0.75,0.338,0.024,0.569,0.04,0.203,0.229,3.68,2446881.07,Unbundling/modifier abuse,1
NPI2000003809,Internal Medicine,West,172,4.63,575.39,0.78,0.062,0.006,0.064,0.048,0.12,0.135,0.75,356195.99,No injected typology,0
NPI2000003810,Cardiology,West,184,4.91,167.37,1.14,0.079,0.05,0.117,0.022,0.063,0.209,0.27,173183.01,No injected typology,0
NPI2000003811,Home Health,Midwest,147,5.89,301.59,1.08,0.188,0.022,0.002,0.047,0.08,0.24,-0.67,280849.4,No injected typology,0
NPI2000003812,Cardiology,Northeast,149,6.6,347.13,1.04,0.145,0.008,0.06,0.02,0.037,0.26,-1.96,354658.1,No injected typology,0
NPI2000003813,Lab,Northeast,193,4.04,343.7,0.92,0.127,0.152,0.164,0.005,0.096,0.164,0.93,245115.65,No injected typology,0
NPI2000003814,Lab,Northeast,141,3.6,331.84,0.92,0.221,0.039,0.036,0.038,0.126,0.178,-0.8,154367.11,No injected typology,0
NPI2000003815,Radiology,Midwest,242,6.35,396.15,1.29,0.373,0.027,0.034,0.016,0.098,0.48,2.14,783653.38,No injected typology,0
NPI2000003816,Lab,South,425,4.5,521.26,1.33,0.227,0.046,0.063,0.049,0.069,0.134,1.0,1321794.06,No injected typology,0
NPI2000003817,Home Health,South,124,7.11,387.46,0.6,0.125,0.005,0.021,0.035,0.103,0.283,1.21,203737.34,No injected typology,0
NPI2000003818,Internal Medicine,South,108,5.77,297.11,0.83,0.14,0.074,0.705,0.149,0.066,0.272,2.11,152836.12,Unbundling/modifier abuse,1
NPI2000003819,Orthopedics,Northeast,155,7.89,386.45,1.07,0.414,0.038,0.066,0.043,0.196,0.058,-0.72,503301.88,No injected typology,0
NPI2000003820,Internal Medicine,Midwest,1052,5.97,596.12,1.34,0.505,0.061,0.217,0.009,0.14,0.041,1.66,5036228.06,No injected typology,0
NPI2000003821,Orthopedics,South,214,6.55,265.25,1.05,0.043,0.024,0.109,0.114,0.12,0.811,0.82,388974.6,No injected typology,0
NPI2000003822,Home Health,West,36,7.37,317.5,0.87,0.033,0.046,0.265,0.012,0.138,0.063,0.61,73545.66,No injected typology,0
NPI2000003823,Home Health,West,101,7.82,457.14,0.91,0.051,0.03,0.009,0.09,0.156,0.328,-1.42,328861.37,No injected typology,0
NPI2000003824,Radiology,West,73,5.51,279.76,0.78,1.0,0.039,0.077,0.101,0.11,0.306,4.71,88278.0,Upcoding,1
NPI2000003825,Cardiology,South,180,6.95,509.34,0.91,0.087,0.015,0.023,0.127,0.139,0.229,-0.18,581966.5,No injected typology,0
NPI2000003826,Oncology,South,196,5.88,279.3,0.98,0.038,0.115,0.034,0.054,0.122,0.072,-0.73,315846.06,No injected typology,0
NPI2000003827,DME Supplier,South,131,7.78,230.73,1.24,0.178,0.021,0.083,0.025,0.054,0.371,0.33,291362.16,No injected typology,0
NPI2000003828,Cardiology,South,100,5.41,629.54,0.82,0.216,0.043,0.118,0.021,0.197,0.315,-0.25,280400.21,No injected typology,0
NPI2000003829,Oncology,Northeast,94,4.63,566.58,0.58,0.07,0.01,0.097,0.136,0.109,0.524,-0.26,143112.15,No injected typology,0
NPI2000003830,Home Health,South,475,8.37,237.67,0.86,0.209,0.003,0.021,0.23,0.04,0.193,-0.22,812967.42,No injected typology,0
NPI2000003831,Home Health,Midwest,132,2.27,464.99,1.09,0.045,0.008,0.218,0.06,0.014,0.246,0.39,151460.31,No injected typology,0
NPI2000003832,Home Health,Northeast,123,8.55,432.67,1.1,0.404,0.028,0.11,0.139,0.036,0.116,-0.92,498757.97,No injected typology,0
NPI2000003833,Internal Medicine,South,180,5.69,263.47,0.82,0.358,0.025,0.184,0.0,0.258,0.626,1.62,222090.5,No injected typology,0
NPI2000003834,DME Supplier,West,124,5.81,433.17,0.82,0.271,0.01,0.077,0.185,0.423,0.406,0.71,256221.79,No injected typology,0
NPI2000003835,Radiology,Northeast,268,7.59,400.14,1.09,0.318,0.026,0.335,0.132,0.026,0.251,0.0,883787.88,No injected typology,0
NPI2000003836,Home Health,South,105,4.26,597.26,1.29,0.042,0.012,0.037,0.029,0.141,0.489,-0.54,344583.17,No injected typology,0
NPI2000003837,Cardiology,South,74,7.24,195.87,0.6,0.075,0.008,0.031,0.134,0.019,0.254,0.04,62935.94,No injected typology,0
NPI2000003838,Pain Management,South,221,7.62,670.9,0.95,0.142,0.02,0.035,0.145,0.218,0.094,1.77,1072779.68,No injected typology,0
NPI2000003839,Radiology,South,159,3.56,215.68,0.98,0.088,0.004,0.023,0.668,0.11,0.358,0.59,119292.0,Impossible frequency,1
NPI2000003840,Lab,South,133,3.55,349.57,1.39,0.132,0.091,0.164,0.003,0.082,0.398,0.09,229953.9,No injected typology,0
NPI2000003841,Cardiology,South,76,5.93,1112.46,1.27,0.634,0.043,0.168,0.01,0.181,0.53,7.1,638325.02,Upcoding,1
NPI2000003842,DME Supplier,Midwest,92,6.26,374.84,1.27,0.424,0.019,0.072,0.074,0.051,0.311,0.67,273893.41,No injected typology,0
NPI2000003843,Internal Medicine,West,182,5.6,1045.99,0.76,0.746,0.033,0.123,0.104,0.143,0.126,3.72,810246.05,Upcoding,1
NPI2000003844,Internal Medicine,Midwest,144,5.43,395.02,0.91,0.197,0.066,0.746,0.03,0.167,0.255,2.93,281223.69,Unbundling/modifier abuse,1
NPI2000003845,Orthopedics,West,261,6.47,385.46,0.68,0.251,0.009,0.072,0.043,0.049,0.54,2.33,444607.14,No injected typology,0
NPI2000003846,Internal Medicine,Northeast,112,6.95,461.47,1.03,0.207,0.073,0.077,0.076,0.124,0.301,0.51,369447.97,No injected typology,0
NPI2000003847,Orthopedics,South,52,7.0,667.39,1.11,0.222,0.005,0.419,0.121,0.374,0.347,0.91,268553.5,No injected typology,0
NPI2000003848,Lab,West,166,6.9,358.34,0.68,0.118,0.025,0.064,0.012,0.145,0.135,2.46,280364.67,No injected typology,0
NPI2000003849,Cardiology,West,187,7.31,161.23,1.01,0.241,0.025,0.044,0.035,0.05,0.175,0.3,223059.75,No injected typology,0
NPI2000003850,Internal Medicine,Midwest,202,5.63,372.84,1.2,0.025,0.038,0.077,0.047,0.033,0.521,0.3,507190.14,No injected typology,0
NPI2000003851,Internal Medicine,West,171,8.24,440.14,1.25,0.492,0.014,0.048,0.037,0.123,0.058,-0.15,776885.97,No injected typology,0
NPI2000003852,DME Supplier,South,61,5.38,190.23,1.06,0.279,0.026,0.056,0.046,0.014,0.134,0.7,66423.75,No injected typology,0
NPI2000003853,Orthopedics,South,218,4.63,173.24,1.08,0.075,0.053,0.022,0.091,0.016,0.244,-0.04,189222.02,No injected typology,0
NPI2000003854,Home Health,West,35,6.68,143.24,1.01,0.213,0.03,0.055,0.021,0.173,0.331,-0.95,33788.84,No injected typology,0
NPI2000003855,Orthopedics,South,287,6.46,250.22,1.06,0.103,0.064,0.02,0.108,0.057,0.09,1.23,493491.89,No injected typology,0
NPI2000003856,DME Supplier,South,165,5.45,247.71,1.17,0.221,0.106,0.111,0.075,0.064,0.136,0.58,259743.99,No injected typology,0
NPI2000003857,Orthopedics,West,276,6.37,338.98,1.24,0.165,0.044,0.322,0.108,0.139,0.458,0.43,737553.09,No injected typology,0
NPI2000003858,Cardiology,South,61,3.81,189.57,1.13,0.131,0.024,0.245,0.023,0.044,0.446,0.26,49930.74,No injected typology,0
NPI2000003859,Internal Medicine,Northeast,168,4.95,230.89,0.88,0.189,0.041,0.054,0.055,0.149,0.099,-0.65,169333.32,No injected typology,0
NPI2000003860,Cardiology,West,57,6.56,283.35,0.98,0.224,0.048,0.152,0.022,0.035,0.339,-0.38,104065.26,No injected typology,0
NPI2000003861,Radiology,West,287,7.4,607.82,1.15,0.934,0.057,0.193,0.031,0.153,0.283,3.12,1483076.06,Upcoding,1
NPI2000003862,Orthopedics,Northeast,162,7.51,790.26,0.9,0.169,0.042,0.051,0.013,0.079,0.259,1.08,861312.67,No injected typology,0
NPI2000003863,Radiology,West,73,6.02,268.19,1.13,0.144,0.296,0.27,0.012,0.025,0.279,-1.58,133347.01,Duplicate billing,1
NPI2000003864,Internal Medicine,Midwest,496,6.19,424.89,0.82,0.171,0.031,0.059,0.121,0.119,0.465,0.01,1069368.13,No injected typology,0
NPI2000003865,Radiology,Midwest,133,8.56,335.82,1.14,0.226,0.001,0.104,0.789,0.108,0.215,-0.18,435396.89,Impossible frequency,1
NPI2000003866,Lab,West,82,3.3,254.17,1.26,0.16,0.106,0.093,0.017,0.042,0.193,-0.4,86384.46,No injected typology,0
NPI2000003867,Cardiology,South,56,4.22,173.35,1.16,0.367,0.029,0.053,0.06,0.046,0.373,-0.46,47702.87,No injected typology,0
NPI2000003868,Orthopedics,South,419,5.77,270.51,0.96,0.143,0.021,0.063,0.034,0.235,0.354,-0.63,626981.01,No injected typology,0
NPI2000003869,Cardiology,Midwest,154,4.4,181.54,0.95,0.218,0.01,0.03,0.129,0.204,0.38,0.09,116586.73,No injected typology,0
NPI2000003870,Pain Management,West,137,6.98,443.19,0.92,0.842,0.027,0.08,0.016,0.025,0.335,4.51,390260.75,Upcoding,1
NPI2000003871,Oncology,South,198,6.59,563.46,1.08,0.32,0.014,0.383,0.009,0.114,0.295,0.22,796810.77,No injected typology,0
NPI2000003872,Home Health,South,142,4.73,234.77,1.35,0.17,0.034,0.02,0.028,0.107,0.244,1.31,212091.05,No injected typology,0
NPI2000003873,Internal Medicine,South,297,8.55,344.28,1.56,0.19,0.001,0.098,0.034,0.131,0.304,0.63,1366610.23,No injected typology,0
NPI2000003874,Oncology,Northeast,80,6.22,908.87,1.12,0.255,0.06,0.202,0.034,0.099,0.057,0.55,508576.32,No injected typology,0
NPI2000003875,Home Health,Midwest,186,6.28,426.84,0.94,0.336,0.073,0.07,0.18,0.142,0.241,-0.16,470156.03,No injected typology,0
NPI2000003876,Lab,South,265,8.29,323.9,1.11,0.288,0.002,0.122,0.007,0.001,0.314,-0.56,787263.01,No injected typology,0
NPI2000003877,Lab,Northeast,78,5.11,367.25,0.94,0.126,0.015,0.06,0.069,0.136,0.108,0.83,137072.92,No injected typology,0
NPI2000003878,Oncology,South,180,4.85,408.91,0.9,0.284,0.29,0.064,0.053,0.246,0.319,-0.12,320743.65,Duplicate billing,1
NPI2000003879,Radiology,Northeast,359,10.44,510.1,1.14,0.221,0.102,0.017,0.022,0.03,0.184,0.95,2183422.06,No injected typology,0
NPI2000003880,Cardiology,South,73,3.37,618.54,0.93,0.163,0.084,0.097,0.124,0.297,0.257,-1.19,141484.47,No injected typology,0
NPI2000003881,Radiology,West,297,6.65,619.01,0.71,0.181,0.011,0.141,0.126,0.08,0.319,0.52,863148.86,No injected typology,0
NPI2000003882,Home Health,Midwest,215,6.07,345.16,0.84,0.371,0.006,0.003,0.139,0.13,0.472,0.2,378401.32,No injected typology,0
NPI2000003883,Orthopedics,West,177,4.82,556.77,1.08,0.201,0.011,0.016,0.007,0.05,0.068,0.61,512234.26,No injected typology,0
NPI2000003884,Lab,West,203,4.76,763.96,1.23,0.195,0.08,0.484,0.021,0.136,0.203,4.06,907073.4,Unbundling/modifier abuse,1
NPI2000003885,Internal Medicine,Northeast,199,5.33,242.96,1.35,0.401,0.005,0.113,0.142,0.07,0.243,0.38,348270.63,No injected typology,0
NPI2000003886,Pain Management,Northeast,303,8.53,373.67,0.88,0.163,0.045,0.141,0.041,0.071,0.163,1.11,853316.03,No injected typology,0
NPI2000003887,Lab,Northeast,274,4.41,462.2,1.05,0.138,0.045,0.064,0.022,0.253,0.367,0.48,584328.65,No injected typology,0
NPI2000003888,DME Supplier,West,79,5.98,824.37,1.19,0.049,0.048,0.119,0.046,0.603,0.154,2.25,464394.96,DME aberrancy,1
NPI2000003889,Orthopedics,Northeast,139,5.62,426.69,1.26,0.364,0.081,0.046,0.125,0.175,0.181,-2.05,418570.0,No injected typology,0
NPI2000003890,Internal Medicine,South,63,8.72,405.87,0.9,0.075,0.098,0.042,0.035,0.202,0.408,-0.64,200278.81,No injected typology,0
NPI2000003891,Internal Medicine,Midwest,225,7.18,453.12,0.97,0.207,0.028,0.101,0.077,0.031,0.104,0.57,713587.9,No injected typology,0
NPI2000003892,Cardiology,West,226,6.34,1036.09,1.25,0.223,0.061,0.187,0.07,0.09,0.249,0.03,1849028.7,No injected typology,0
NPI2000003893,Oncology,Northeast,122,5.23,609.24,0.93,0.163,0.104,0.036,0.215,0.028,0.242,0.55,362091.07,No injected typology,0
NPI2000003894,DME Supplier,West,158,7.84,217.14,0.76,0.072,0.026,0.008,0.008,0.067,0.513,-0.47,205306.41,No injected typology,0
NPI2000003895,Cardiology,South,272,7.8,1047.96,1.3,0.188,0.052,0.679,0.023,0.037,0.381,4.65,2881088.44,Unbundling/modifier abuse,1
NPI2000003896,Lab,South,237,7.9,631.59,0.88,0.13,0.013,0.096,0.062,0.116,0.395,0.98,1043772.43,No injected typology,0
NPI2000003897,Home Health,South,193,5.77,253.44,1.11,0.31,0.062,0.087,0.116,0.019,0.018,-0.35,314269.54,No injected typology,0
NPI2000003898,Cardiology,Midwest,302,5.15,201.64,1.49,0.35,0.459,0.181,0.012,0.053,0.476,-1.12,465819.45,Duplicate billing,1
NPI2000003899,Home Health,West,63,4.84,427.6,1.21,0.491,0.038,0.114,0.343,0.217,0.202,0.4,157946.51,No injected typology,0
NPI2000003900,Internal Medicine,Midwest,119,6.05,390.1,1.07,0.211,0.02,0.03,0.072,0.037,0.052,0.97,299664.2,No injected typology,0
NPI2000003901,DME Supplier,Northeast,424,4.35,362.11,1.0,0.189,0.08,0.032,0.042,0.213,0.313,-2.9,669615.65,No injected typology,0
NPI2000003902,DME Supplier,Midwest,122,7.67,279.48,0.85,0.022,0.045,0.075,0.036,0.07,0.355,-0.72,222650.63,No injected typology,0
NPI2000003903,Internal Medicine,Midwest,55,9.43,349.09,0.96,0.267,0.32,0.757,0.052,0.117,0.332,2.71,172913.45,Duplicate billing,1
NPI2000003904,Home Health,Northeast,154,5.8,227.96,1.34,0.075,0.071,0.028,0.103,0.113,0.037,-0.6,272989.2,No injected typology,0
NPI2000003905,Internal Medicine,Midwest,142,4.16,83.68,1.07,0.102,0.014,0.287,0.044,0.077,0.12,-0.73,52777.6,No injected typology,0
NPI2000003906,Internal Medicine,Northeast,199,6.79,218.53,1.2,0.376,0.002,0.113,0.042,0.047,0.124,0.29,355628.46,No injected typology,0
NPI2000003907,Radiology,West,90,5.48,424.35,0.96,0.356,0.003,0.197,0.088,0.037,0.658,0.5,200896.56,No injected typology,0
NPI2000003908,Orthopedics,Midwest,213,6.05,639.4,0.74,0.052,0.02,0.055,0.012,0.132,0.078,0.78,607572.79,No injected typology,0
NPI2000003909,Radiology,South,93,6.34,517.0,0.99,0.174,0.031,0.048,0.017,0.104,0.27,0.89,302615.65,No injected typology,0
NPI2000003910,DME Supplier,West,234,7.98,513.21,1.28,0.171,0.071,0.069,0.022,0.086,0.039,1.18,1222506.83,No injected typology,0
NPI2000003911,Pain Management,West,209,7.11,601.4,1.29,0.16,0.017,0.203,0.097,0.187,0.095,1.41,1153725.15,No injected typology,0
NPI2000003912,DME Supplier,Northeast,46,4.3,706.77,1.03,0.294,0.03,0.047,0.033,0.167,0.211,-1.99,143660.9,No injected typology,0
NPI2000003913,Internal Medicine,Midwest,86,4.86,590.82,1.09,0.438,0.006,0.068,0.04,0.029,0.304,-1.34,268759.22,No injected typology,0
NPI2000003914,Internal Medicine,West,232,9.24,382.41,0.95,0.546,0.282,0.012,0.089,0.073,0.729,1.82,776312.3,Duplicate billing,1
NPI2000003915,Oncology,South,188,4.66,194.78,1.09,0.289,0.01,0.069,0.074,0.043,0.163,-0.52,186495.14,No injected typology,0
NPI2000003916,Home Health,West,134,5.34,415.03,0.72,0.049,0.024,0.012,0.041,0.022,0.051,-0.48,212531.24,No injected typology,0
NPI2000003917,Internal Medicine,Northeast,118,4.78,451.04,0.99,0.358,0.053,0.045,0.019,0.191,0.079,0.02,251182.19,No injected typology,0
NPI2000003918,Home Health,Northeast,175,4.79,222.57,0.69,0.205,0.037,0.088,0.186,0.11,0.041,1.32,128441.53,No injected typology,0
NPI2000003919,Oncology,West,387,6.45,211.54,1.58,0.03,0.017,0.078,0.223,0.06,0.311,-1.95,832386.69,No injected typology,0
NPI2000003920,Lab,West,259,8.25,541.14,1.14,0.248,0.027,0.122,0.069,0.02,0.414,0.4,1321455.38,No injected typology,0
NPI2000003921,Home Health,Midwest,298,4.24,656.67,0.91,0.158,0.017,0.024,0.01,0.086,0.284,0.64,753074.04,No injected typology,0
NPI2000003922,DME Supplier,Northeast,494,8.66,446.51,1.02,0.309,0.014,0.099,0.061,0.109,0.182,0.99,1940408.43,No injected typology,0
NPI2000003923,Home Health,Midwest,97,6.52,327.51,1.31,0.359,0.044,0.084,0.046,0.177,0.181,1.14,271076.7,No injected typology,0
NPI2000003924,Internal Medicine,South,79,8.18,280.5,0.76,0.37,0.068,0.399,0.019,0.056,0.418,0.43,137697.52,No injected typology,0
NPI2000003925,Pain Management,Northeast,139,5.25,271.04,1.25,0.269,0.072,0.1,0.081,0.309,0.092,0.96,247060.87,No injected typology,0
NPI2000003926,Lab,Midwest,234,4.9,480.43,0.82,0.185,0.065,0.036,0.018,0.273,0.322,0.11,450343.81,No injected typology,0
NPI2000003927,Orthopedics,South,74,6.45,509.71,1.01,0.15,0.017,0.058,0.051,0.174,0.173,-0.18,245293.39,No injected typology,0
NPI2000003928,Cardiology,Northeast,135,5.75,214.11,0.79,0.796,0.042,0.155,0.031,0.101,0.188,1.44,131234.07,Upcoding,1
NPI2000003929,DME Supplier,South,156,5.92,189.39,0.62,0.181,0.053,0.405,0.026,0.08,0.261,-1.25,109264.52,No injected typology,0
NPI2000003930,Lab,West,232,5.76,243.3,1.2,0.185,0.054,0.999,0.007,0.028,0.378,1.75,391491.86,Unbundling/modifier abuse,1
NPI2000003931,Lab,West,82,6.8,378.06,0.62,0.079,0.01,0.27,0.017,0.026,0.161,0.98,130160.34,No injected typology,0
NPI2000003932,Oncology,West,929,2.62,637.61,0.83,0.207,0.121,0.017,0.048,0.03,0.258,0.61,1287033.06,No injected typology,0
NPI2000003933,Oncology,Midwest,231,5.69,254.55,1.33,0.24,0.015,0.1,0.068,0.064,0.31,-0.96,446606.54,No injected typology,0
NPI2000003934,Internal Medicine,West,274,7.53,358.05,0.98,0.147,0.067,0.008,0.105,0.124,0.49,-1.1,723296.91,No injected typology,0
NPI2000003935,Pain Management,West,156,5.78,250.48,0.86,0.331,0.077,0.181,0.033,0.07,0.454,-1.79,193833.98,No injected typology,0
NPI2000003936,DME Supplier,Midwest,223,5.52,503.51,1.03,0.147,0.004,0.123,0.027,0.013,0.068,0.77,639081.26,No injected typology,0
NPI2000003937,Home Health,Midwest,542,7.08,264.5,1.42,0.233,0.018,0.174,0.58,0.292,0.031,-1.53,1438926.57,Impossible frequency,1
NPI2000003938,Internal Medicine,South,111,5.8,369.29,1.49,0.311,0.09,0.096,0.013,0.015,0.441,0.4,354362.5,No injected typology,0
NPI2000003939,Orthopedics,South,140,5.86,295.77,0.98,0.223,0.02,0.116,0.161,0.014,0.113,1.02,237990.63,No injected typology,0
NPI2000003940,Orthopedics,Midwest,68,6.95,586.19,1.47,0.42,0.005,0.042,0.085,0.101,0.298,1.22,408578.75,No injected typology,0
NPI2000003941,Home Health,West,104,7.54,323.52,1.26,0.08,0.045,0.131,0.161,0.304,0.096,-0.86,320480.38,No injected typology,0
NPI2000003942,Orthopedics,West,105,7.22,208.87,1.04,0.289,0.005,0.089,0.029,0.133,0.402,-0.52,164296.09,No injected typology,0
NPI2000003943,Cardiology,Midwest,168,5.41,200.27,1.61,0.11,0.016,0.094,0.013,0.11,0.307,-0.73,293367.08,No injected typology,0
NPI2000003944,Internal Medicine,West,188,3.88,463.77,1.08,0.271,0.037,0.195,0.185,0.155,0.208,0.14,365827.95,No injected typology,0
NPI2000003945,Home Health,West,144,7.83,241.9,1.36,0.208,0.005,0.053,0.228,0.059,0.175,-0.97,369604.14,No injected typology,0
NPI2000003946,Cardiology,South,93,5.04,333.41,0.99,0.209,0.021,0.271,0.046,0.222,0.331,-1.59,153914.62,No injected typology,0
NPI2000003947,Cardiology,South,86,4.15,629.01,0.89,0.318,0.015,0.043,0.061,0.056,0.093,1.3,199643.91,No injected typology,0
NPI2000003948,Oncology,West,162,4.68,505.78,0.75,0.196,0.098,0.186,0.055,0.04,0.309,1.96,288306.43,No injected typology,0
NPI2000003949,Orthopedics,South,131,4.34,441.76,0.96,0.15,0.022,0.15,0.11,0.015,0.116,-0.11,240671.99,No injected typology,0
NPI2000003950,Cardiology,West,80,5.45,350.64,0.84,0.069,0.026,0.038,0.066,0.125,0.163,0.42,128750.88,No injected typology,0
NPI2000003951,Internal Medicine,West,215,4.31,272.34,0.86,0.01,0.025,0.106,0.104,0.089,0.125,-0.76,216559.64,No injected typology,0
NPI2000003952,DME Supplier,Northeast,257,6.52,1013.45,1.0,0.153,0.086,0.153,0.07,0.045,0.134,0.93,1702381.83,No injected typology,0
NPI2000003953,Orthopedics,West,184,7.65,397.63,0.99,0.504,0.015,0.08,0.057,0.017,0.138,-0.31,554578.71,No injected typology,0
NPI2000003954,DME Supplier,Midwest,132,6.61,275.18,1.03,0.251,0.026,0.059,0.139,0.431,0.264,1.44,246930.39,DME aberrancy,1
NPI2000003955,Cardiology,Northeast,145,4.87,173.16,1.22,0.131,0.081,0.14,0.003,0.148,0.273,-0.77,148835.28,No injected typology,0
NPI2000003956,Pain Management,South,109,4.82,553.44,0.89,0.238,0.014,0.163,0.059,0.082,0.304,-0.84,257660.69,No injected typology,0
NPI2000003957,Internal Medicine,Northeast,259,5.12,327.65,0.77,0.239,0.049,0.073,0.062,0.121,0.474,-2.15,332616.62,No injected typology,0
NPI2000003958,Internal Medicine,Midwest,91,6.13,182.95,1.04,0.119,0.018,0.029,0.042,0.258,0.127,-1.18,106574.89,No injected typology,0
NPI2000003959,Oncology,South,336,4.22,661.02,0.74,0.303,0.128,0.241,0.014,0.068,0.148,0.24,693109.07,No injected typology,0
NPI2000003960,Radiology,Midwest,183,6.79,280.04,0.96,0.155,0.005,0.013,0.089,0.086,0.123,0.08,335377.04,No injected typology,0
NPI2000003961,Orthopedics,Midwest,36,5.26,603.01,1.03,0.155,0.025,0.152,0.028,0.08,0.588,0.83,117460.8,No injected typology,0
NPI2000003962,Internal Medicine,Northeast,590,5.64,227.7,0.77,0.35,0.034,0.053,0.025,0.228,0.334,1.84,586693.58,No injected typology,0
NPI2000003963,Home Health,South,103,5.64,338.63,1.47,0.274,0.032,0.037,0.005,0.119,0.455,0.5,288157.82,No injected typology,0
NPI2000003964,Home Health,Midwest,195,8.52,445.09,0.71,1.0,0.027,0.226,0.171,0.279,0.042,5.31,527638.36,Upcoding,1
NPI2000003965,Home Health,South,115,6.93,715.16,1.03,0.125,0.013,0.1,0.07,0.098,0.467,1.09,585927.37,No injected typology,0
NPI2000003966,Oncology,Northeast,90,10.07,277.02,0.94,0.18,0.076,0.011,0.019,0.124,0.083,-0.99,235475.93,No injected typology,0
NPI2000003967,Orthopedics,Northeast,276,5.41,261.56,0.88,0.033,0.008,0.09,0.033,0.177,0.531,0.71,343544.22,No injected typology,0
NPI2000003968,Oncology,Northeast,231,7.12,719.34,0.88,0.234,0.043,0.061,0.008,0.176,0.139,1.11,1043376.81,No injected typology,0
NPI2000003969,Pain Management,West,204,2.95,309.3,0.81,0.295,0.071,0.086,0.009,0.161,0.343,1.56,150355.41,No injected typology,0
NPI2000003970,Oncology,South,177,6.33,527.76,1.47,0.279,0.054,0.162,0.006,0.086,0.024,1.1,871079.39,No injected typology,0
NPI2000003971,Oncology,West,162,6.96,364.09,1.0,0.283,0.022,0.253,0.151,0.154,0.232,0.75,410826.69,No injected typology,0
NPI2000003972,Orthopedics,West,110,4.12,228.57,1.05,0.22,0.007,0.042,0.0,0.095,0.049,-0.43,108796.93,No injected typology,0
NPI2000003973,Pain Management,South,109,4.45,331.84,1.1,0.062,0.036,0.23,0.014,0.045,0.163,-0.05,177858.27,No injected typology,0
NPI2000003974,Lab,West,110,5.34,418.57,1.17,0.106,0.012,0.042,0.089,0.185,0.292,0.16,288510.69,No injected typology,0
NPI2000003975,Lab,West,189,5.01,1607.53,0.74,0.194,0.011,0.01,0.107,0.087,0.16,0.74,1121340.62,No injected typology,0
NPI2000003976,Internal Medicine,South,165,8.77,451.14,1.62,0.121,0.046,0.142,0.083,0.111,0.066,1.51,1058904.59,No injected typology,0
NPI2000003977,Pain Management,West,217,6.15,581.62,1.05,0.015,0.056,0.381,0.003,0.069,0.184,-0.47,813204.73,No injected typology,0
NPI2000003978,Internal Medicine,West,102,4.21,328.56,1.04,0.703,0.067,0.028,0.091,0.143,0.078,-0.4,146345.57,No injected typology,0
NPI2000003979,Lab,Midwest,266,6.98,299.91,1.12,0.165,0.032,0.032,0.133,0.039,0.242,-1.93,625344.53,No injected typology,0
NPI2000003980,Cardiology,West,202,7.05,390.24,1.09,0.155,0.014,0.032,0.069,0.081,0.166,0.01,605277.03,No injected typology,0
NPI2000003981,Orthopedics,West,47,7.03,453.97,1.04,0.013,0.078,0.055,0.032,0.034,0.387,1.5,155951.75,No injected typology,0
NPI2000003982,Cardiology,South,155,7.2,893.42,1.17,0.156,0.032,0.241,0.046,0.051,0.459,1.57,1169473.34,No injected typology,0
NPI2000003983,Radiology,South,550,5.05,252.23,1.15,0.271,0.033,0.151,0.032,0.018,0.193,0.27,805452.87,No injected typology,0
NPI2000003984,Orthopedics,West,153,6.48,499.3,1.22,0.589,0.022,0.038,0.204,0.033,0.057,0.57,603720.26,No injected typology,0
NPI2000003985,Pain Management,West,132,7.1,337.68,1.1,0.088,0.012,0.046,0.058,0.012,0.145,-0.39,348739.79,No injected typology,0
NPI2000003986,Lab,Midwest,112,7.11,513.81,1.2,0.201,0.077,0.027,0.11,0.095,0.13,-0.62,492043.79,No injected typology,0
NPI2000003987,Pain Management,Northeast,197,5.37,241.4,0.82,0.379,0.094,0.112,0.055,0.209,0.296,-0.5,209633.1,No injected typology,0
NPI2000003988,Oncology,South,169,7.47,185.08,1.47,0.033,0.088,0.045,0.271,0.081,0.439,0.23,343426.37,No injected typology,0
NPI2000003989,Oncology,South,189,6.19,406.58,1.22,0.115,0.02,0.215,0.057,0.013,0.314,-0.04,579782.11,No injected typology,0
NPI2000003990,Pain Management,South,189,5.84,425.58,0.74,0.124,0.042,0.082,0.107,0.177,0.482,0.66,349137.12,No injected typology,0
NPI2000003991,Cardiology,South,84,5.2,303.98,1.07,0.279,0.071,0.024,0.127,0.206,0.196,0.87,142564.94,No injected typology,0
NPI2000003992,Oncology,South,126,4.76,932.92,1.1,0.26,0.047,0.531,0.192,0.089,0.442,4.62,615667.68,Unbundling/modifier abuse,1
NPI2000003993,DME Supplier,South,223,4.68,350.77,1.2,0.248,0.034,0.084,0.166,0.03,0.159,-2.11,437937.92,No injected typology,0
NPI2000003994,Orthopedics,South,91,3.07,623.88,1.03,0.319,0.075,0.255,0.026,0.095,0.022,-0.67,178808.53,No injected typology,0
NPI2000003995,Internal Medicine,West,176,5.85,406.1,1.35,0.363,0.026,0.14,0.178,0.124,0.277,-0.69,566009.39,No injected typology,0
NPI2000003996,Pain Management,Northeast,246,3.8,362.62,0.89,0.051,0.059,0.526,0.281,0.034,0.479,-0.3,303604.6,No injected typology,0
NPI2000003997,Internal Medicine,Northeast,124,5.83,242.97,0.85,0.322,0.019,0.029,0.158,0.073,0.221,1.45,149608.22,No injected typology,0
NPI2000003998,Home Health,Midwest,235,6.67,386.84,1.25,0.41,0.028,0.02,0.184,0.16,0.093,-1.2,754902.13,No injected typology,0
NPI2000003999,Orthopedics,Midwest,86,8.71,189.98,1.06,0.757,0.025,0.142,0.003,0.118,0.162,2.37,150637.96,Upcoding,1
NPI2000004000,Cardiology,Northeast,80,6.1,315.29,1.18,0.161,0.027,0.084,0.008,0.146,0.286,0.94,181047.35,No injected typology,0
NPI2000004001,Cardiology,Midwest,70,5.09,594.58,1.18,0.674,0.006,0.03,0.067,0.276,0.26,3.47,251035.89,Upcoding,1
NPI2000004002,Radiology,Midwest,240,4.73,385.22,1.42,0.289,0.025,0.049,0.006,0.092,0.281,-0.32,621192.81,No injected typology,0
NPI2000004003,Lab,South,126,4.9,424.46,0.89,0.194,0.011,0.042,0.036,0.091,0.583,-0.71,232219.44,No injected typology,0
NPI2000004004,Internal Medicine,Midwest,212,8.39,447.56,1.42,0.093,0.023,0.069,0.19,0.033,0.073,0.05,1131680.56,No injected typology,0
NPI2000004005,DME Supplier,South,77,4.33,434.27,0.74,0.221,0.011,0.092,0.075,0.234,0.212,-0.39,107427.65,No injected typology,0
NPI2000004006,Internal Medicine,Midwest,253,6.56,226.94,0.9,0.126,0.006,0.089,0.078,0.019,0.388,-0.92,339721.74,No injected typology,0
NPI2000004007,Internal Medicine,Midwest,121,7.52,225.81,1.26,0.225,0.034,0.209,0.05,0.051,0.077,0.71,257931.93,No injected typology,0
NPI2000004008,Oncology,Northeast,192,8.39,738.14,1.09,0.157,0.052,0.034,0.084,0.2,0.282,1.26,1291667.48,No injected typology,0
NPI2000004009,Cardiology,Midwest,156,8.23,109.69,0.89,0.107,0.032,0.154,0.119,0.019,0.259,-0.51,125093.52,No injected typology,0
NPI2000004010,DME Supplier,West,138,7.54,375.94,1.26,0.103,0.04,0.073,0.097,0.031,0.09,1.73,491046.35,No injected typology,0
NPI2000004011,Lab,Midwest,100,5.19,270.83,0.92,0.205,0.004,0.045,0.052,0.055,0.322,-0.73,128891.14,No injected typology,0
NPI2000004012,Home Health,South,161,7.41,459.35,1.06,0.115,0.074,0.119,0.007,0.118,0.405,-0.9,578109.26,No injected typology,0
NPI2000004013,Orthopedics,South,87,6.29,529.08,1.03,0.239,0.08,0.07,0.13,0.066,0.349,-0.63,299481.01,No injected typology,0
NPI2000004014,Radiology,South,616,6.81,726.39,0.85,0.193,0.016,0.11,0.017,0.227,0.418,0.78,2597196.36,No injected typology,0
NPI2000004015,Radiology,Midwest,418,4.97,137.48,0.68,0.297,0.038,0.085,0.018,0.269,0.173,-0.3,192668.48,No injected typology,0
NPI2000004016,Home Health,Midwest,735,8.72,287.75,0.73,0.129,0.092,0.057,0.016,0.132,0.333,0.17,1344772.55,No injected typology,0
NPI2000004017,Orthopedics,Northeast,99,4.57,1014.02,0.73,0.222,0.005,0.129,0.055,0.08,0.293,0.33,334253.31,No injected typology,0
NPI2000004018,Radiology,South,151,6.36,494.27,0.6,1.0,0.01,0.01,0.046,0.039,0.307,4.74,283276.73,Upcoding,1
NPI2000004019,Orthopedics,Northeast,80,4.55,328.94,1.0,0.101,0.04,0.036,0.077,0.029,0.305,-1.05,119687.19,No injected typology,0
NPI2000004020,Orthopedics,South,220,5.45,390.78,0.74,0.173,0.052,0.215,0.679,0.109,0.357,-1.13,347504.73,Impossible frequency,1
NPI2000004021,Cardiology,Northeast,209,7.46,327.21,0.7,0.175,0.002,0.218,0.026,0.262,0.067,-1.18,355955.24,No injected typology,0
NPI2000004022,Oncology,South,284,4.95,180.92,1.44,0.683,0.476,0.221,0.057,0.1,0.262,1.96,366409.59,Upcoding,1
NPI2000004023,Internal Medicine,South,231,5.88,399.59,0.7,0.073,0.027,0.034,0.053,0.04,0.087,0.38,381026.63,No injected typology,0
NPI2000004024,Internal Medicine,West,59,6.46,239.9,0.77,0.299,0.019,0.268,0.031,0.21,0.254,1.5,70120.61,No injected typology,0
NPI2000004025,Cardiology,West,149,3.7,507.59,0.69,0.09,0.013,0.069,0.02,0.024,0.204,1.57,193585.73,No injected typology,0
NPI2000004026,Internal Medicine,Northeast,650,2.43,403.45,1.13,0.425,0.063,0.044,0.054,0.078,0.285,-0.6,717255.76,No injected typology,0
NPI2000004027,Orthopedics,South,135,6.57,394.08,1.11,0.158,0.012,0.096,0.064,0.076,0.102,0.19,388319.11,No injected typology,0
NPI2000004028,Oncology,Midwest,241,5.72,332.76,0.92,0.278,0.018,0.148,0.006,0.1,0.063,-0.22,422646.27,No injected typology,0
NPI2000004029,Oncology,Midwest,133,6.05,462.8,1.25,0.129,0.009,0.029,0.039,0.195,0.316,-0.36,465655.09,No injected typology,0
NPI2000004030,Cardiology,Northeast,269,6.27,181.48,1.16,0.072,0.046,0.016,0.131,0.113,0.045,-0.38,354895.13,No injected typology,0
NPI2000004031,Cardiology,Midwest,198,6.06,541.84,0.98,0.082,0.11,0.775,0.136,0.1,0.67,4.23,636216.6,Unbundling/modifier abuse,1
NPI2000004032,Orthopedics,Midwest,172,6.15,618.8,1.14,0.134,0.03,0.036,0.089,0.268,0.138,2.36,748516.6,No injected typology,0
NPI2000004033,Oncology,Northeast,247,5.36,232.59,1.08,0.114,0.005,0.066,0.067,0.114,0.421,0.31,333701.92,No injected typology,0
NPI2000004034,Cardiology,South,126,7.45,350.35,0.91,0.051,0.035,0.149,0.0,0.159,0.553,0.77,299138.01,No injected typology,0
NPI2000004035,Radiology,South,207,6.97,291.09,0.9,0.262,0.066,0.017,0.043,0.216,0.271,-0.23,377112.79,No injected typology,0
NPI2000004036,Home Health,South,171,7.04,310.63,1.0,0.307,0.005,0.067,0.035,0.086,0.28,0.81,375702.4,No injected typology,0
NPI2000004037,Lab,Midwest,234,7.02,232.69,1.08,0.385,0.065,0.101,0.03,0.103,0.176,-0.26,411874.86,No injected typology,0
NPI2000004038,Cardiology,Midwest,156,6.15,516.97,1.0,0.149,0.043,0.098,0.007,0.114,0.585,2.29,493376.91,No injected typology,0
NPI2000004039,Oncology,West,47,4.55,182.94,1.05,0.176,0.042,0.159,0.122,0.067,0.336,0.28,41093.23,No injected typology,0
NPI2000004040,Oncology,West,136,6.18,234.64,0.8,0.286,0.004,0.064,0.014,0.093,0.131,-0.65,157364.48,No injected typology,0
NPI2000004041,Orthopedics,Northeast,107,7.31,180.81,0.96,0.141,0.053,0.034,0.086,0.169,0.168,-0.6,136319.85,No injected typology,0
NPI2000004042,Oncology,South,90,6.65,667.08,0.82,0.105,0.068,0.062,0.12,0.062,0.105,1.72,327962.46,No injected typology,0
NPI2000004043,Radiology,West,231,7.4,429.65,1.16,0.129,0.128,0.146,0.035,0.223,0.195,1.56,851520.82,No injected typology,0
NPI2000004044,Cardiology,South,50,6.88,288.68,1.3,0.376,0.061,0.064,0.002,0.121,0.128,-1.73,129269.85,No injected typology,0
NPI2000004045,Pain Management,South,169,7.87,285.65,1.18,0.113,0.046,0.079,0.028,0.081,0.156,-0.95,447354.0,No injected typology,0
NPI2000004046,Cardiology,South,208,5.76,289.52,1.32,0.284,0.04,0.246,0.174,0.394,0.191,1.01,458295.6,No injected typology,0
NPI2000004047,Lab,West,219,6.53,321.52,1.5,0.192,0.026,0.134,0.08,0.08,0.078,-0.6,687800.29,No injected typology,0
NPI2000004048,Cardiology,West,273,7.49,447.65,1.1,0.074,0.04,0.174,0.108,0.193,0.074,0.69,1007094.8,No injected typology,0
NPI2000004049,Lab,West,160,6.52,245.58,0.85,0.162,0.038,0.052,0.059,0.112,0.277,-0.52,217130.37,No injected typology,0
NPI2000004050,Cardiology,South,100,3.96,222.12,0.9,0.543,0.033,0.161,0.09,0.102,0.336,-2.0,78959.8,No injected typology,0
NPI2000004051,Lab,Midwest,328,7.26,168.49,0.96,0.125,0.013,0.074,0.151,0.093,0.097,-2.25,385525.82,No injected typology,0
NPI2000004052,Radiology,Northeast,175,6.87,724.13,0.76,0.238,0.002,0.133,0.06,0.008,0.195,1.26,657860.75,No injected typology,0
NPI2000004053,Radiology,Midwest,192,3.91,310.18,0.78,0.095,0.027,0.057,0.109,0.161,0.161,0.55,182208.45,No injected typology,0
NPI2000004054,Cardiology,Midwest,155,5.35,118.98,0.96,0.276,0.003,0.122,0.185,0.04,0.659,-1.16,95062.57,No injected typology,0
NPI2000004055,Radiology,Midwest,164,6.52,381.2,0.88,0.052,0.001,0.119,0.04,0.039,0.333,0.56,357648.6,No injected typology,0
NPI2000004056,Home Health,Midwest,294,4.57,426.71,0.75,0.277,0.004,0.017,0.084,0.114,0.296,-0.22,432207.0,No injected typology,0
NPI2000004057,Orthopedics,Northeast,197,6.3,436.33,0.76,0.219,0.02,0.104,0.149,0.169,0.014,-0.62,410004.54,No injected typology,0
NPI2000004058,Oncology,Midwest,151,4.84,316.63,1.27,0.11,0.035,0.11,0.112,0.121,0.339,0.23,292921.7,No injected typology,0
NPI2000004059,Oncology,South,317,6.58,626.24,1.35,0.115,0.023,0.154,0.197,0.102,0.261,0.87,1766451.43,No injected typology,0
NPI2000004060,Home Health,Midwest,242,6.04,134.58,0.67,0.187,0.024,0.085,0.01,0.022,0.135,1.19,131735.89,No injected typology,0
NPI2000004061,Lab,South,187,5.5,200.21,0.77,0.278,0.077,0.003,0.11,0.045,0.24,-1.31,159543.87,No injected typology,0
NPI2000004062,Orthopedics,South,168,4.69,552.22,0.55,0.106,0.016,0.05,0.096,0.305,0.023,0.57,239271.62,No injected typology,0
NPI2000004063,Internal Medicine,South,278,6.87,422.27,1.07,0.306,0.024,0.236,0.011,0.239,0.505,-0.07,864743.91,No injected typology,0
NPI2000004064,Orthopedics,Northeast,78,4.26,216.9,0.84,0.09,0.048,0.043,0.019,0.167,0.108,-0.36,60771.01,No injected typology,0
NPI2000004065,DME Supplier,South,111,6.14,200.09,1.24,0.28,0.046,0.28,0.032,0.218,0.27,0.46,169524.1,No injected typology,0
NPI2000004066,Lab,West,335,3.87,981.18,0.91,0.119,0.034,0.021,0.019,0.058,0.033,1.71,1155460.27,No injected typology,0
NPI2000004067,Lab,South,149,5.73,368.67,1.49,0.128,0.052,0.291,0.109,0.062,0.414,0.72,468678.09,No injected typology,0
NPI2000004068,Cardiology,South,137,8.56,438.65,1.19,0.318,0.403,0.067,0.063,0.094,0.375,0.66,613340.22,Duplicate billing,1
NPI2000004069,Lab,West,374,5.95,278.27,0.94,0.247,0.012,0.12,0.023,0.108,0.32,0.03,582572.77,No injected typology,0
NPI2000004070,Lab,Northeast,304,10.0,201.2,0.94,0.155,0.027,0.044,0.056,0.042,0.278,1.46,577196.62,No injected typology,0
NPI2000004071,DME Supplier,South,189,7.64,278.23,1.3,0.189,0.471,0.106,0.138,0.103,0.474,1.38,522377.49,Duplicate billing,1
NPI2000004072,Pain Management,Midwest,254,6.6,369.15,1.04,0.873,0.036,0.116,0.001,0.019,0.354,5.64,645916.43,Upcoding,1
NPI2000004073,Pain Management,Northeast,197,5.92,389.56,0.83,0.153,0.067,0.125,0.016,0.1,0.118,-1.23,376188.2,No injected typology,0
NPI2000004074,Internal Medicine,Northeast,163,5.06,362.61,1.37,0.385,0.038,0.011,0.046,0.031,0.465,0.66,410577.56,No injected typology,0
NPI2000004075,Cardiology,Northeast,287,4.66,390.07,0.61,0.086,0.004,0.107,0.042,0.191,0.435,0.91,317124.69,No injected typology,0
NPI2000004076,Pain Management,Midwest,290,6.59,313.12,0.88,0.183,0.158,0.194,0.221,0.305,0.172,1.53,528865.15,No injected typology,0
NPI2000004077,DME Supplier,Northeast,166,5.38,1109.33,0.92,1.0,0.069,0.19,0.105,0.062,0.06,4.46,914511.67,Upcoding,1
NPI2000004078,DME Supplier,South,179,4.29,213.44,1.39,0.428,0.021,0.04,0.018,0.064,0.314,-0.31,227563.55,No injected typology,0
NPI2000004079,Pain Management,West,77,4.22,334.35,1.0,0.284,0.015,0.162,0.575,0.087,0.091,1.37,108256.01,Impossible frequency,1
NPI2000004080,Lab,South,115,6.6,366.34,1.12,0.297,0.007,0.179,0.053,0.482,0.412,-0.92,311111.73,No injected typology,0
NPI2000004081,Internal Medicine,Northeast,91,7.64,115.8,1.11,0.288,0.021,0.201,0.076,0.155,0.02,1.59,89766.83,No injected typology,0
NPI2000004082,Internal Medicine,Midwest,302,10.89,299.51,0.85,0.102,0.015,0.196,0.052,0.243,0.064,-0.14,838610.5,No injected typology,0
NPI2000004083,Oncology,Midwest,337,5.03,297.72,0.77,0.33,0.009,0.011,0.004,0.208,0.148,-0.7,389152.86,No injected typology,0
NPI2000004084,DME Supplier,Midwest,88,8.9,636.03,1.41,0.312,0.112,0.034,0.019,0.059,0.251,0.93,702709.32,No injected typology,0
NPI2000004085,Home Health,West,213,3.67,643.72,0.76,0.37,0.054,0.182,0.262,0.13,0.405,-1.09,384881.8,No injected typology,0
NPI2000004086,Pain Management,West,352,6.13,96.65,1.28,0.396,0.055,0.049,0.02,0.089,0.385,0.71,266460.41,No injected typology,0
NPI2000004087,Orthopedics,West,230,6.98,229.81,0.71,0.209,0.106,0.107,0.092,0.04,0.193,0.95,262613.77,No injected typology,0
NPI2000004088,Orthopedics,Midwest,81,4.8,308.69,0.93,0.041,0.003,0.02,0.036,0.087,0.396,-0.16,111117.85,No injected typology,0
NPI2000004089,DME Supplier,West,120,6.32,424.32,0.94,0.102,0.085,0.616,0.19,0.219,0.478,2.27,302011.69,Unbundling/modifier abuse,1
NPI2000004090,Lab,South,215,6.09,213.01,0.85,0.354,0.032,0.06,0.034,0.109,0.14,-1.39,236715.96,No injected typology,0
NPI2000004091,Internal Medicine,West,273,5.94,331.2,1.06,0.788,0.069,0.135,0.003,0.023,0.429,4.9,570207.82,Upcoding,1
NPI2000004092,Oncology,Northeast,216,5.26,241.93,1.09,0.287,0.129,0.037,0.094,0.072,0.023,-1.49,298864.39,No injected typology,0
NPI2000004093,Internal Medicine,Midwest,213,5.77,525.07,0.71,0.15,0.023,0.032,0.003,0.175,0.215,0.31,460652.99,No injected typology,0
NPI2000004094,Pain Management,Midwest,173,7.22,362.09,0.87,0.163,0.047,0.022,0.031,0.114,0.288,-1.04,393900.97,No injected typology,0
NPI2000004095,Lab,Northeast,258,5.2,271.49,0.87,0.18,0.021,0.079,0.021,0.14,0.207,0.15,315506.08,No injected typology,0
NPI2000004096,Internal Medicine,West,122,6.27,181.58,1.28,0.159,0.011,0.022,0.116,0.014,0.202,-0.65,177312.28,No injected typology,0
NPI2000004097,Home Health,South,216,7.1,216.21,1.13,0.227,0.028,0.022,0.078,0.182,0.156,-1.01,374313.25,No injected typology,0
NPI2000004098,Home Health,Midwest,132,4.6,227.45,1.3,0.1,0.022,0.024,0.212,0.066,0.151,-0.4,179276.21,No injected typology,0
NPI2000004099,DME Supplier,South,217,5.93,713.16,0.87,0.321,0.036,0.119,0.036,0.344,0.263,0.38,802900.53,No injected typology,0
NPI2000004100,Lab,Midwest,41,4.65,415.1,0.59,0.04,0.029,0.082,0.091,0.158,0.565,-1.45,46496.45,No injected typology,0
NPI2000004101,Internal Medicine,South,209,8.08,212.33,0.62,0.162,0.046,0.442,0.138,0.096,0.306,0.68,221102.03,No injected typology,0
NPI2000004102,Cardiology,South,108,8.28,324.91,1.0,0.304,0.021,0.09,0.02,0.071,0.276,0.67,291653.82,No injected typology,0
NPI2000004103,Oncology,Midwest,234,6.26,610.93,1.33,0.231,0.017,0.043,0.068,0.057,0.333,1.15,1189551.56,No injected typology,0
NPI2000004104,Oncology,South,59,5.44,255.92,1.04,0.159,0.023,0.081,0.164,0.071,0.373,0.64,85312.81,No injected typology,0
NPI2000004105,Internal Medicine,Midwest,193,3.84,449.95,0.81,0.027,0.005,0.093,0.002,0.028,0.41,0.8,268923.43,No injected typology,0
NPI2000004106,Home Health,South,96,8.05,179.99,0.9,0.419,0.043,0.044,0.009,0.08,0.498,1.51,125486.62,No injected typology,0
NPI2000004107,Internal Medicine,Northeast,154,5.66,675.14,0.87,0.282,0.029,0.068,0.039,0.162,0.215,0.31,512825.16,No injected typology,0
NPI2000004108,Oncology,Midwest,112,4.27,375.18,1.24,0.054,0.028,0.084,0.014,0.113,0.221,0.31,223071.29,No injected typology,0
NPI2000004109,Oncology,South,49,5.7,281.62,1.05,0.099,0.046,0.06,0.02,0.053,0.008,-1.32,82375.14,No injected typology,0
NPI2000004110,Home Health,South,381,5.32,428.51,0.71,0.09,0.018,0.024,0.1,0.188,0.486,-1.03,613034.39,No injected typology,0
NPI2000004111,Pain Management,Midwest,185,6.98,531.66,1.12,0.315,0.031,0.208,0.091,0.066,0.18,0.86,768763.81,No injected typology,0
NPI2000004112,Home Health,Midwest,118,6.4,428.55,1.12,0.124,0.098,0.031,0.063,0.153,0.115,0.29,362016.06,No injected typology,0
NPI2000004113,DME Supplier,Northeast,239,6.75,388.9,1.21,0.389,0.004,0.035,0.002,0.163,0.111,0.4,761050.97,No injected typology,0
NPI2000004114,Lab,South,61,7.74,622.35,1.01,0.448,0.108,0.1,0.045,0.13,0.282,2.1,297088.72,No injected typology,0
NPI2000004115,Lab,West,131,4.85,415.33,1.14,0.208,0.049,0.022,0.025,0.195,0.195,0.89,301544.32,No injected typology,0
NPI2000004116,Lab,South,279,5.61,478.16,0.95,0.183,0.101,0.02,0.003,0.072,0.257,-0.76,713164.53,No injected typology,0
NPI2000004117,Lab,Midwest,110,5.88,617.34,1.13,0.178,0.01,0.029,0.006,0.222,0.225,1.06,450169.69,No injected typology,0
NPI2000004118,Cardiology,Northeast,169,6.2,249.5,0.85,0.152,0.047,0.265,0.105,0.115,0.275,0.88,221598.98,No injected typology,0
NPI2000004119,Cardiology,Midwest,319,7.48,256.91,1.33,0.234,0.068,0.046,0.045,0.099,0.327,1.04,813490.37,No injected typology,0
NPI2000004120,Home Health,South,144,5.09,782.07,0.92,0.237,0.024,0.922,0.115,0.052,0.05,3.44,526043.62,Unbundling/modifier abuse,1
NPI2000004121,DME Supplier,West,162,3.73,237.76,0.55,0.104,0.045,0.052,0.026,0.095,0.359,0.09,79067.91,No injected typology,0
NPI2000004122,Oncology,West,140,8.02,346.2,1.31,0.048,0.005,0.033,0.082,0.144,0.257,1.57,510910.2,No injected typology,0
NPI2000004123,Internal Medicine,South,194,4.21,435.68,1.16,0.264,0.077,0.067,0.065,0.154,0.501,0.44,410986.06,No injected typology,0
NPI2000004124,Orthopedics,South,202,7.77,428.0,1.31,0.14,0.035,0.019,0.062,0.076,0.304,-0.98,882613.49,No injected typology,0
NPI2000004125,Lab,South,121,4.09,339.39,0.93,0.13,0.018,0.09,0.058,0.256,0.181,1.81,156454.5,No injected typology,0
NPI2000004126,Pain Management,Northeast,416,8.79,248.58,1.07,0.431,0.017,0.084,0.029,0.247,0.222,-0.18,970430.91,No injected typology,0
NPI2000004127,Internal Medicine,Midwest,134,6.64,1194.91,0.89,1.0,0.04,0.408,0.097,0.125,0.079,4.08,941493.56,Upcoding,1
NPI2000004128,Orthopedics,South,100,5.83,514.19,0.83,0.041,0.064,0.012,0.207,0.28,0.173,-0.39,249580.41,No injected typology,0
NPI2000004129,Oncology,Northeast,131,7.81,309.66,1.07,0.201,0.001,0.085,0.292,0.134,0.088,0.48,339980.9,No injected typology,0
NPI2000004130,Radiology,Midwest,262,6.53,223.12,0.76,0.455,0.013,0.273,0.014,0.165,0.151,-0.58,291702.48,No injected typology,0
NPI2000004131,Lab,Midwest,171,6.49,382.66,1.05,0.278,0.052,0.295,0.056,0.057,0.209,-1.02,444213.27,No injected typology,0
NPI2000004132,Cardiology,Northeast,213,6.25,357.35,1.15,0.215,0.089,0.117,0.177,0.085,0.081,0.43,549245.2,No injected typology,0
NPI2000004133,Lab,West,35,7.23,814.64,1.13,0.085,0.012,0.012,0.018,0.101,0.311,1.57,232229.63,No injected typology,0
NPI2000004134,Internal Medicine,South,181,6.8,562.22,0.8,0.185,0.031,0.136,0.01,0.009,0.605,-0.24,557079.67,No injected typology,0
NPI2000004135,Cardiology,South,163,9.06,402.66,0.94,0.316,0.005,0.179,0.033,0.109,0.04,-0.82,561409.61,No injected typology,0
NPI2000004136,Home Health,South,70,7.44,732.11,1.12,0.203,0.01,0.296,0.023,0.005,0.098,-1.04,427097.23,No injected typology,0
NPI2000004137,Home Health,West,102,6.52,307.26,1.03,0.305,0.027,0.803,0.036,0.101,0.115,2.85,210492.69,Unbundling/modifier abuse,1
NPI2000004138,Pain Management,South,276,5.52,278.12,1.2,0.147,0.041,0.026,0.125,0.043,0.196,-0.31,507443.92,No injected typology,0
NPI2000004139,Oncology,Midwest,350,4.85,406.42,1.36,0.133,0.029,0.083,0.003,0.233,0.537,0.07,937342.38,No injected typology,0
NPI2000004140,Orthopedics,Midwest,86,3.86,517.01,1.08,0.17,0.035,0.03,0.31,0.122,0.678,-1.32,184997.44,No injected typology,0
NPI2000004141,Cardiology,Northeast,59,6.25,385.47,0.9,0.201,0.023,0.15,0.035,0.199,0.401,-1.0,128147.36,No injected typology,0
NPI2000004142,Cardiology,South,150,3.62,982.44,1.07,0.161,0.039,0.149,0.017,0.147,0.088,-0.06,570967.32,No injected typology,0
NPI2000004143,Radiology,West,170,6.72,186.84,0.99,0.062,0.023,0.093,0.013,0.081,0.009,-0.57,211714.62,No injected typology,0
NPI2000004144,Lab,West,108,4.4,305.3,1.15,0.244,0.03,0.149,0.155,0.288,0.329,-0.44,166434.56,No injected typology,0
NPI2000004145,Lab,Northeast,85,8.48,317.25,1.54,0.05,0.109,0.282,0.008,0.147,0.158,0.11,351416.96,No injected typology,0
NPI2000004146,Home Health,West,41,3.95,277.14,1.33,0.318,0.042,0.144,0.037,0.018,0.359,-0.29,59615.24,No injected typology,0
NPI2000004147,Internal Medicine,South,174,4.6,193.11,0.89,0.284,0.065,0.209,0.122,0.058,0.349,0.68,137061.92,No injected typology,0
NPI2000004148,Orthopedics,Midwest,118,4.52,509.18,1.13,0.09,0.013,0.065,0.535,0.088,0.403,1.19,307475.2,Impossible frequency,1
NPI2000004149,Internal Medicine,Midwest,48,6.37,195.66,1.38,0.118,0.026,0.128,0.122,0.061,0.342,-1.26,82502.39,No injected typology,0
NPI2000004150,Cardiology,South,98,6.17,444.52,1.06,0.067,0.082,0.057,0.67,0.064,0.188,0.01,284683.52,Impossible frequency,1
NPI2000004151,Internal Medicine,South,159,6.18,761.88,1.36,0.211,0.02,0.305,0.009,0.06,0.554,1.64,1017601.54,No injected typology,0
NPI2000004152,Home Health,Northeast,111,4.36,824.29,0.96,0.046,0.037,0.048,0.148,0.092,0.067,-0.95,383907.48,No injected typology,0
NPI2000004153,Cardiology,Northeast,404,6.19,647.66,0.74,0.138,0.031,0.085,0.012,0.084,0.16,-0.04,1201156.24,No injected typology,0
NPI2000004154,DME Supplier,South,143,4.76,435.14,1.12,0.199,0.016,0.056,0.033,0.045,0.287,-0.43,332096.28,No injected typology,0
NPI2000004155,Oncology,Midwest,139,7.41,358.37,1.33,0.371,0.035,0.18,0.007,0.12,0.48,-0.96,490166.23,No injected typology,0
NPI2000004156,Cardiology,Midwest,309,4.85,282.1,0.67,0.099,0.013,0.261,0.051,0.136,0.135,0.2,281926.19,No injected typology,0
NPI2000004157,Cardiology,Midwest,215,5.6,321.44,1.09,0.092,0.002,0.099,0.047,0.13,0.192,1.13,422934.56,No injected typology,0
NPI2000004158,Cardiology,West,266,7.24,488.26,1.16,0.122,0.017,0.15,0.144,0.046,0.124,-0.05,1087863.68,No injected typology,0
NPI2000004159,Internal Medicine,South,157,4.52,405.64,0.7,0.391,0.12,0.248,0.03,0.033,0.474,-0.5,201714.73,No injected typology,0
NPI2000004160,DME Supplier,South,94,4.36,1006.28,1.17,0.169,0.023,0.023,0.062,0.112,0.284,1.32,482266.09,No injected typology,0
NPI2000004161,DME Supplier,Midwest,262,5.78,283.7,1.37,0.232,0.05,0.087,0.023,0.092,0.618,0.27,590580.01,No injected typology,0
NPI2000004162,DME Supplier,South,58,5.24,353.75,1.41,0.081,0.021,0.037,0.213,0.185,0.5,-1.35,151495.55,No injected typology,0
NPI2000004163,Oncology,South,143,5.72,612.73,0.97,0.085,0.022,0.69,0.023,0.075,0.321,5.57,487644.42,Unbundling/modifier abuse,1
NPI2000004164,DME Supplier,Midwest,94,6.68,246.56,0.82,0.102,0.011,0.139,0.01,0.089,0.201,-0.25,127023.8,No injected typology,0
NPI2000004165,Home Health,South,140,6.81,298.84,0.8,0.211,0.019,0.102,0.015,0.121,0.32,0.08,227282.51,No injected typology,0
NPI2000004166,Lab,Midwest,152,6.04,253.0,0.82,0.162,0.057,0.121,0.217,0.159,0.237,-1.72,191315.57,No injected typology,0
NPI2000004167,Lab,Northeast,222,7.5,397.03,1.21,0.263,0.065,0.318,0.023,0.053,0.121,-1.6,799243.31,No injected typology,0
NPI2000004168,DME Supplier,West,43,4.88,516.74,0.77,0.114,0.063,0.07,0.186,0.038,0.169,-1.3,84002.73,No injected typology,0
NPI2000004169,Home Health,South,194,7.56,296.26,0.87,0.359,0.005,0.238,0.148,0.022,0.068,1.88,379294.53,No injected typology,0
NPI2000004170,Orthopedics,West,356,4.71,212.28,1.36,0.155,0.042,0.211,0.073,0.111,0.09,-0.61,485367.16,No injected typology,0
NPI2000004171,Pain Management,South,435,6.24,530.7,0.59,0.034,0.037,0.023,0.021,0.058,0.125,1.0,845342.73,No injected typology,0
NPI2000004172,Pain Management,Midwest,131,4.54,483.18,1.23,0.333,0.384,0.063,0.01,0.164,0.09,-0.3,352484.56,Duplicate billing,1
NPI2000004173,DME Supplier,Northeast,367,6.91,219.38,1.25,0.333,0.379,0.108,0.015,0.174,0.085,-0.52,697919.1,Duplicate billing,1
NPI2000004174,Cardiology,West,102,5.82,378.68,1.14,0.226,0.107,0.195,0.034,0.078,0.574,-0.62,257038.52,No injected typology,0
NPI2000004175,Home Health,West,166,7.17,500.55,1.01,0.35,0.021,0.103,0.1,0.117,0.475,-0.13,599669.47,No injected typology,0
NPI2000004176,Cardiology,Midwest,210,3.89,471.24,1.31,0.39,0.027,0.067,0.094,0.103,0.043,-0.55,504975.8,No injected typology,0
NPI2000004177,Cardiology,South,89,5.61,428.57,1.0,0.095,0.034,0.031,0.13,0.056,0.337,0.81,213412.9,No injected typology,0
NPI2000004178,Cardiology,Northeast,142,5.95,498.81,1.39,0.175,0.052,0.597,0.021,0.09,0.071,3.1,587933.62,Unbundling/modifier abuse,1
NPI2000004179,Radiology,Midwest,80,5.51,238.92,0.85,0.452,0.014,0.343,0.067,0.038,0.203,-1.3,89614.82,No injected typology,0
NPI2000004180,Internal Medicine,South,278,8.14,273.41,1.05,0.152,0.03,0.02,0.041,0.2,0.081,-0.73,648812.74,No injected typology,0
NPI2000004181,Oncology,South,168,3.7,185.13,1.28,0.289,0.034,0.095,0.131,0.004,0.615,-2.09,147273.62,No injected typology,0
NPI2000004182,Internal Medicine,Midwest,739,6.31,453.28,1.0,0.14,0.009,0.015,0.035,0.068,0.233,-1.46,2111444.84,No injected typology,0
NPI2000004183,Home Health,Northeast,140,4.15,480.11,1.25,0.741,0.037,0.032,0.084,0.212,0.396,4.18,347468.3,Upcoding,1
NPI2000004184,Cardiology,West,165,5.22,407.82,0.9,0.207,0.0,0.147,0.011,0.167,0.669,0.04,316867.44,No injected typology,0
NPI2000004185,Home Health,West,511,5.93,280.13,0.9,0.078,0.038,0.056,0.033,0.013,0.13,-0.92,760807.58,No injected typology,0
NPI2000004186,Lab,South,208,5.56,481.09,1.39,0.15,0.023,0.241,0.005,0.102,0.213,0.77,773288.26,No injected typology,0
NPI2000004187,Pain Management,South,249,3.14,369.71,0.55,0.091,0.025,0.076,0.034,0.049,0.461,-0.04,159085.03,No injected typology,0
NPI2000004188,Pain Management,Midwest,73,5.88,326.99,1.23,0.214,0.1,0.141,0.009,0.127,0.175,0.57,172401.85,No injected typology,0
NPI2000004189,Oncology,South,245,9.3,549.67,1.2,0.094,0.071,0.169,0.136,0.045,0.285,-0.82,1504953.19,No injected typology,0
NPI2000004190,DME Supplier,South,82,8.24,432.15,1.17,0.234,0.048,0.071,0.046,0.046,0.083,0.05,342117.07,No injected typology,0
NPI2000004191,Orthopedics,South,190,7.03,320.23,0.56,0.06,0.086,0.16,0.026,0.238,0.584,0.23,240150.43,No injected typology,0
NPI2000004192,Cardiology,Northeast,79,6.88,235.96,1.04,0.112,0.035,0.225,0.098,0.016,0.249,-0.41,132973.63,No injected typology,0
NPI2000004193,Lab,South,303,6.49,429.61,1.2,0.052,0.011,0.127,0.003,0.019,0.411,1.73,1016687.8,No injected typology,0
NPI2000004194,Home Health,South,207,5.4,561.36,1.29,0.318,0.062,0.114,0.105,0.04,0.605,-0.56,809661.98,No injected typology,0
NPI2000004195,Cardiology,South,57,4.53,450.36,1.19,0.216,0.038,0.023,0.011,0.091,0.099,-0.83,138004.89,No injected typology,0
NPI2000004196,Pain Management,Northeast,85,6.3,583.74,1.07,0.045,0.036,0.03,0.051,0.054,0.219,1.66,335066.35,No injected typology,0
NPI2000004197,Internal Medicine,Midwest,180,5.18,168.98,1.13,0.102,0.002,0.263,0.044,0.111,0.406,0.54,178287.47,No injected typology,0
NPI2000004198,Radiology,South,89,4.75,326.72,1.22,0.235,0.048,0.184,0.054,0.163,0.1,0.07,167781.82,No injected typology,0
NPI2000004199,Lab,South,150,3.66,180.07,0.88,0.12,0.018,0.11,0.858,0.041,0.29,-0.67,87371.8,Impossible frequency,1
NPI2000004200,Radiology,South,123,5.43,251.04,0.96,0.278,0.025,0.007,0.041,0.078,0.048,1.15,160342.6,No injected typology,0
NPI2000004201,Radiology,West,76,6.24,605.7,1.0,0.084,0.023,0.086,0.002,0.202,0.095,1.39,286389.56,No injected typology,0
NPI2000004202,Internal Medicine,South,152,4.6,455.73,0.91,0.03,0.002,0.197,0.003,0.011,0.651,-1.07,288721.01,No injected typology,0
NPI2000004203,Oncology,West,228,7.53,511.75,0.85,0.253,0.011,0.031,0.042,0.129,0.207,-1.25,748976.35,No injected typology,0
NPI2000004204,DME Supplier,Midwest,268,5.55,274.94,0.78,0.298,0.013,0.086,0.005,0.111,0.096,-0.48,318151.91,No injected typology,0
NPI2000004205,Lab,South,113,5.95,278.54,0.81,0.366,0.008,0.033,0.089,0.023,0.054,0.49,151285.39,No injected typology,0
NPI2000004206,Radiology,Northeast,217,3.53,371.64,1.2,0.201,0.398,0.053,0.047,0.11,0.241,0.29,341975.26,Duplicate billing,1
NPI2000004207,Lab,Northeast,98,4.37,637.46,1.27,0.276,0.013,0.111,0.224,0.118,0.073,0.28,347674.91,No injected typology,0
NPI2000004208,Lab,West,188,7.65,247.67,1.05,0.317,0.034,0.126,0.023,0.144,0.048,-1.3,373267.69,No injected typology,0
NPI2000004209,Radiology,West,69,4.5,373.81,0.75,0.298,0.063,0.049,0.019,0.058,0.218,-0.83,87218.86,No injected typology,0
NPI2000004210,DME Supplier,Northeast,228,6.8,962.76,0.95,0.341,0.003,0.173,0.008,0.131,0.157,0.23,1419306.26,No injected typology,0
NPI2000004211,Cardiology,Northeast,143,7.55,369.92,1.08,0.267,0.016,0.019,0.049,0.127,0.219,-0.68,431462.28,No injected typology,0
NPI2000004212,Cardiology,Northeast,83,5.46,333.91,1.2,0.035,0.012,0.048,0.024,0.085,0.19,-0.66,181630.45,No injected typology,0
NPI2000004213,Oncology,Northeast,395,6.1,422.41,1.08,0.106,0.032,0.785,0.083,0.063,0.507,4.61,1100533.68,Unbundling/modifier abuse,1
NPI2000004214,Radiology,West,477,5.52,522.99,1.06,0.282,0.067,0.129,0.076,0.055,0.104,-0.51,1458595.22,No injected typology,0
NPI2000004215,Cardiology,South,105,5.76,199.36,1.38,0.147,0.062,0.038,0.017,0.155,0.507,-0.23,166153.48,No injected typology,0
NPI2000004216,Internal Medicine,Midwest,206,8.26,281.52,1.06,0.314,0.04,0.11,0.031,0.066,0.494,0.65,508833.73,No injected typology,0
NPI2000004217,Lab,South,277,5.4,244.56,0.84,0.408,0.003,0.1,0.006,0.087,0.314,0.39,306070.65,No injected typology,0
NPI2000004218,Internal Medicine,West,228,8.46,285.75,1.29,0.186,0.005,0.061,0.085,0.05,0.151,-0.21,711063.78,No injected typology,0
NPI2000004219,Home Health,South,167,9.23,331.28,1.14,0.307,0.005,0.137,0.235,0.253,0.583,-0.16,583066.08,No injected typology,0
NPI2000004220,Radiology,South,131,6.16,157.03,1.25,0.173,0.019,0.049,0.011,0.166,0.328,2.49,157918.17,No injected typology,0
NPI2000004221,Orthopedics,Northeast,150,5.15,469.05,1.22,0.285,0.061,0.042,0.02,0.144,0.41,0.43,440806.26,No injected typology,0
NPI2000004222,Oncology,South,130,5.35,412.56,1.3,0.187,0.102,0.038,0.152,0.115,0.481,-1.47,373089.54,No injected typology,0
NPI2000004223,Home Health,Midwest,457,6.02,700.42,1.23,0.093,0.353,0.732,0.097,0.263,0.207,3.91,2375738.47,Duplicate billing,1
NPI2000004224,Oncology,Northeast,78,7.05,335.14,1.24,0.242,0.015,0.014,0.0,0.088,0.492,1.68,228349.52,No injected typology,0
NPI2000004225,Home Health,South,145,4.53,161.77,1.14,0.067,0.011,0.116,0.047,0.005,0.299,1.49,121666.56,No injected typology,0
NPI2000004226,DME Supplier,Midwest,201,3.61,1092.3,0.77,0.095,0.089,0.198,0.14,0.005,0.224,0.44,608732.08,No injected typology,0
NPI2000004227,Internal Medicine,Midwest,97,8.05,227.88,1.13,0.147,0.015,0.035,0.033,0.177,0.356,-0.03,201104.39,No injected typology,0
NPI2000004228,Lab,Midwest,258,7.77,695.33,0.97,0.298,0.045,0.025,0.074,0.147,0.183,2.31,1351327.41,No injected typology,0
NPI2000004229,Internal Medicine,Northeast,129,6.62,174.97,0.62,0.248,0.03,0.246,0.051,0.079,0.122,-0.12,92710.82,No injected typology,0
NPI2000004230,Cardiology,West,346,6.38,100.6,1.0,0.258,0.021,0.164,0.016,0.05,0.188,1.11,222573.72,No injected typology,0
NPI2000004231,Home Health,Northeast,68,5.21,422.98,1.08,0.052,0.02,0.213,0.123,0.137,0.308,0.32,162294.34,No injected typology,0
NPI2000004232,Home Health,South,776,5.93,628.53,0.88,0.098,0.394,0.046,0.144,0.107,0.27,1.03,2547026.64,Duplicate billing,1
NPI2000004233,Oncology,South,303,6.16,403.7,0.91,0.287,0.016,0.13,0.024,0.022,0.168,1.51,685332.98,No injected typology,0
NPI2000004234,Oncology,South,424,5.86,540.43,1.13,0.193,0.023,0.131,0.007,0.127,0.179,0.01,1518437.78,No injected typology,0
NPI2000004235,Oncology,South,228,5.47,401.03,0.91,0.302,0.024,0.081,0.134,0.082,0.141,-0.61,453841.95,No injected typology,0
NPI2000004236,Radiology,South,97,5.7,180.59,0.77,0.151,0.012,0.069,0.032,0.094,0.293,-1.74,77099.5,No injected typology,0
NPI2000004237,Orthopedics,Midwest,113,4.8,349.99,0.98,0.119,0.057,0.09,0.025,0.01,0.103,0.48,186489.5,No injected typology,0
NPI2000004238,Radiology,West,84,5.71,444.89,1.39,0.245,0.029,0.186,0.054,0.175,0.264,0.33,295546.72,No injected typology,0
NPI2000004239,Internal Medicine,South,52,4.81,254.86,1.3,0.117,0.014,0.018,0.027,0.067,0.422,-0.85,82977.48,No injected typology,0
NPI2000004240,Orthopedics,Northeast,216,7.26,522.63,0.74,0.094,0.027,0.224,0.006,0.031,0.629,1.02,609686.21,No injected typology,0
NPI2000004241,Oncology,South,110,7.43,240.36,1.13,0.176,0.057,0.09,0.005,0.05,0.104,-0.16,222595.05,No injected typology,0
NPI2000004242,Home Health,South,166,6.15,195.19,0.95,0.196,0.051,0.174,0.102,0.154,0.155,-1.97,188429.98,No injected typology,0
NPI2000004243,Oncology,Northeast,356,9.23,394.69,0.73,0.233,0.031,0.172,0.069,0.018,0.509,-0.09,949482.15,No injected typology,0
NPI2000004244,Internal Medicine,South,73,6.2,647.17,0.95,0.15,0.016,0.108,0.046,0.066,0.263,-1.81,278520.28,No injected typology,0
NPI2000004245,DME Supplier,West,233,6.35,881.3,0.99,0.987,0.031,0.703,0.069,0.096,0.182,7.69,1294739.43,Upcoding,1
NPI2000004246,Internal Medicine,South,78,4.71,489.57,1.26,0.025,0.022,0.056,0.027,0.096,0.179,0.28,226886.2,No injected typology,0
NPI2000004247,Radiology,South,122,6.48,272.95,0.6,0.031,0.03,0.04,0.034,0.329,0.304,-2.36,130177.42,No injected typology,0
NPI2000004248,Oncology,Northeast,101,4.78,562.92,1.17,0.092,0.035,0.201,0.046,0.111,0.324,0.26,318940.7,No injected typology,0
NPI2000004249,Pain Management,South,163,6.64,188.59,0.92,0.303,0.064,0.14,0.091,0.071,0.181,0.7,188581.04,No injected typology,0
NPI2000004250,Internal Medicine,West,84,5.13,330.49,1.24,0.374,0.056,0.006,0.008,0.196,0.02,0.89,176834.63,No injected typology,0
NPI2000004251,Orthopedics,South,191,8.55,130.83,1.17,0.189,0.052,0.019,0.006,0.159,0.094,-0.85,249033.16,No injected typology,0
NPI2000004252,Internal Medicine,South,93,5.59,243.7,0.96,0.195,0.014,0.376,0.035,0.267,0.106,-0.87,121406.96,No injected typology,0
NPI2000004253,Pain Management,South,159,3.73,511.96,1.13,0.036,0.056,0.577,0.035,0.045,0.094,3.67,344178.41,Unbundling/modifier abuse,1
NPI2000004254,Lab,Midwest,160,6.76,475.49,1.01,0.115,0.043,0.344,0.002,0.08,0.206,-0.67,519299.12,No injected typology,0
NPI2000004255,Oncology,Northeast,156,10.72,396.68,1.13,0.15,0.026,0.161,0.01,0.073,0.518,-0.18,752939.06,No injected typology,0
NPI2000004256,Cardiology,Northeast,360,7.47,412.13,1.36,0.178,0.051,0.021,0.073,0.084,0.088,-2.37,1502706.16,No injected typology,0
NPI2000004257,Internal Medicine,Northeast,181,7.28,458.74,0.95,0.141,0.107,0.107,0.096,0.014,0.231,0.36,571291.75,No injected typology,0
NPI2000004258,Internal Medicine,West,122,7.25,315.02,1.26,0.44,0.054,0.258,0.064,0.067,0.013,-1.02,351794.68,No injected typology,0
NPI2000004259,Cardiology,West,107,7.27,128.38,0.93,0.09,0.082,0.057,0.074,0.114,0.073,0.02,93096.66,No injected typology,0
NPI2000004260,Cardiology,Midwest,301,5.06,187.87,0.99,0.28,0.06,0.195,0.928,0.263,0.186,-2.17,283066.64,Impossible frequency,1
NPI2000004261,Cardiology,Midwest,95,5.73,426.13,0.99,0.083,0.117,0.14,0.009,0.162,0.125,-0.29,228655.21,No injected typology,0
NPI2000004262,Lab,Midwest,111,4.34,436.63,1.13,0.232,0.058,0.041,0.105,0.208,0.224,0.35,236991.86,No injected typology,0
NPI2000004263,Cardiology,Northeast,173,5.76,429.33,0.87,0.347,0.026,0.13,0.078,0.068,0.547,0.36,370710.66,No injected typology,0
NPI2000004264,Internal Medicine,South,202,5.91,323.71,0.89,0.085,0.041,0.05,0.115,0.084,0.493,-0.93,342837.1,No injected typology,0
NPI2000004265,Internal Medicine,Midwest,182,7.85,413.98,1.41,0.455,0.061,0.004,0.019,0.005,0.056,0.52,831864.61,No injected typology,0
NPI2000004266,Radiology,Northeast,76,6.5,476.24,1.02,0.282,0.048,0.114,0.004,0.005,0.172,1.03,240702.46,No injected typology,0
NPI2000004267,Pain Management,Midwest,94,5.9,274.05,0.9,0.294,0.023,0.107,0.071,0.226,0.039,0.5,137400.33,No injected typology,0
NPI2000004268,Orthopedics,South,56,8.14,623.84,1.06,0.228,0.019,0.024,0.133,0.165,0.138,0.99,302792.97,No injected typology,0
NPI2000004269,Radiology,Midwest,49,6.23,316.65,0.8,0.119,0.001,0.117,0.082,0.12,0.517,-0.7,77222.27,No injected typology,0
NPI2000004270,Home Health,South,68,9.33,250.28,1.26,0.195,0.022,0.252,0.039,0.086,0.459,-0.72,200782.79,No injected typology,0
NPI2000004271,Pain Management,Midwest,202,5.47,410.55,1.12,0.178,0.018,0.006,0.051,0.101,0.284,-0.16,507107.76,No injected typology,0
NPI2000004272,Home Health,South,130,3.53,1298.47,1.14,0.752,0.037,0.095,0.14,0.148,0.118,4.66,681927.95,Upcoding,1
NPI2000004273,Cardiology,South,49,4.94,221.56,0.84,0.118,0.005,0.043,0.076,0.231,0.316,0.26,45164.75,No injected typology,0
NPI2000004274,Pain Management,Midwest,143,5.97,211.58,0.88,0.272,0.041,0.106,0.724,0.055,0.463,0.76,158602.07,Impossible frequency,1
NPI2000004275,Home Health,West,146,7.68,406.07,1.03,0.41,0.05,0.028,0.709,0.114,0.289,0.37,470596.27,Impossible frequency,1
NPI2000004276,Internal Medicine,West,458,6.82,296.45,1.08,0.302,0.016,0.181,0.033,0.049,0.262,-0.01,999560.32,No injected typology,0
NPI2000004277,Orthopedics,South,242,4.75,287.8,0.66,0.197,0.117,0.097,0.049,0.062,0.174,-0.52,219332.25,No injected typology,0
NPI2000004278,Orthopedics,Northeast,220,5.73,153.02,0.93,0.316,0.02,0.163,0.062,0.076,0.562,1.5,178796.09,No injected typology,0
NPI2000004279,Orthopedics,Midwest,493,5.45,474.53,0.76,0.154,0.014,0.049,0.231,0.054,0.024,0.17,968654.77,No injected typology,0
NPI2000004280,Pain Management,Northeast,250,5.88,248.44,0.97,0.067,0.014,0.01,0.087,0.119,0.628,-0.28,355661.28,No injected typology,0
NPI2000004281,Home Health,South,91,8.34,395.69,1.3,0.246,0.046,0.11,0.078,0.062,0.34,0.37,390144.61,No injected typology,0
NPI2000004282,Radiology,Midwest,80,6.32,257.79,1.46,0.372,0.015,0.017,0.028,0.112,0.061,-0.02,190080.31,No injected typology,0
NPI2000004283,Radiology,West,417,6.48,463.53,1.02,1.0,0.036,0.173,0.255,0.063,0.031,4.05,1279594.01,Upcoding,1
NPI2000004284,Home Health,Midwest,555,6.69,133.65,0.87,0.152,0.004,0.08,0.005,0.161,0.217,-1.01,429105.68,No injected typology,0
NPI2000004285,Internal Medicine,Northeast,413,6.05,465.15,1.2,0.369,0.021,0.109,0.13,0.237,0.112,-0.63,1393593.9,No injected typology,0
NPI2000004286,Cardiology,South,457,4.65,232.61,0.96,0.045,0.012,0.117,0.004,0.139,0.267,-0.94,474671.32,No injected typology,0
NPI2000004287,Home Health,West,686,9.68,332.75,1.12,0.106,0.081,0.274,0.008,0.293,0.333,1.06,2466849.25,No injected typology,0
NPI2000004288,Internal Medicine,South,368,4.98,357.2,0.76,0.129,0.02,0.022,0.005,0.012,0.196,-1.59,497254.87,No injected typology,0
NPI2000004289,DME Supplier,South,137,5.67,370.34,0.68,0.133,0.022,0.109,0.215,0.02,0.288,-2.06,194346.63,No injected typology,0
NPI2000004290,Internal Medicine,West,154,4.99,563.25,1.36,0.396,0.089,0.203,0.037,0.067,0.03,0.16,588097.31,No injected typology,0
NPI2000004291,Lab,South,150,6.66,387.03,0.97,0.211,0.003,0.033,0.061,0.252,0.304,0.44,374061.69,No injected typology,0
NPI2000004292,Internal Medicine,Midwest,135,7.69,261.93,0.96,0.033,0.011,0.252,0.055,0.131,0.25,-0.21,261721.56,No injected typology,0
NPI2000004293,Pain Management,South,114,6.07,671.07,1.31,0.222,0.034,0.022,0.083,0.241,0.13,-0.37,607475.65,No injected typology,0
NPI2000004294,Internal Medicine,West,138,8.28,479.41,1.02,0.053,0.018,0.047,0.02,0.107,0.659,-0.35,561216.62,No injected typology,0
NPI2000004295,Internal Medicine,Northeast,426,6.2,284.17,1.28,0.183,0.012,0.034,0.091,0.113,0.16,-0.39,956344.02,No injected typology,0
NPI2000004296,Pain Management,South,700,5.66,595.54,1.31,0.315,0.007,0.128,0.05,0.129,0.211,2.44,3085890.22,No injected typology,0
NPI2000004297,DME Supplier,South,266,5.82,287.23,1.03,0.114,0.028,0.069,0.04,0.176,0.328,0.83,459492.93,No injected typology,0
NPI2000004298,Lab,Northeast,86,11.69,187.93,0.85,0.223,0.021,0.009,0.084,0.277,0.134,-1.68,160981.65,No injected typology,0
NPI2000004299,Cardiology,South,102,4.95,370.52,1.24,0.217,0.01,0.104,0.068,0.018,0.288,0.01,231361.1,No injected typology,0
NPI2000004300,Lab,Northeast,161,5.06,737.63,1.23,0.032,0.005,0.155,0.032,0.283,0.045,-0.89,736760.42,No injected typology,0
NPI2000004301,Cardiology,Northeast,188,10.52,292.92,1.29,0.145,0.032,0.012,0.054,0.103,0.079,-0.24,744796.78,No injected typology,0
NPI2000004302,Orthopedics,West,220,5.86,367.45,1.0,0.057,0.075,0.164,0.113,0.035,0.45,-0.7,471850.76,No injected typology,0
NPI2000004303,Oncology,West,198,6.54,210.53,0.86,0.091,0.005,0.178,0.014,0.155,0.302,-0.77,233835.94,No injected typology,0
NPI2000004304,DME Supplier,Northeast,493,4.28,541.82,0.81,0.538,0.018,0.115,0.071,0.048,0.522,0.19,921025.66,No injected typology,0
NPI2000004305,Cardiology,South,257,3.24,941.1,0.91,0.178,0.036,0.076,0.808,0.046,0.161,0.34,715884.11,Impossible frequency,1
NPI2000004306,Pain Management,Northeast,346,3.81,593.6,1.04,0.52,0.039,0.066,0.024,0.281,0.173,0.25,814546.49,No injected typology,0
NPI2000004307,Lab,Midwest,227,5.59,252.68,1.23,0.29,0.023,0.028,0.03,0.122,0.159,-0.89,395515.2,No injected typology,0
NPI2000004308,Lab,Northeast,295,5.27,168.2,0.92,0.121,0.014,0.045,0.118,0.156,0.533,0.74,241490.92,No injected typology,0
NPI2000004309,Internal Medicine,Midwest,129,6.41,381.37,1.59,0.079,0.008,0.158,0.04,0.076,0.341,-0.98,502120.05,No injected typology,0
NPI2000004310,DME Supplier,Midwest,149,6.86,194.19,0.83,0.73,0.003,0.032,0.096,0.076,0.248,0.3,165445.05,No injected typology,0
NPI2000004311,Orthopedics,West,387,5.06,453.87,0.77,0.11,0.025,0.105,0.007,0.15,0.133,0.19,686611.56,No injected typology,0
NPI2000004312,Internal Medicine,Midwest,67,4.45,697.26,0.71,0.043,0.004,0.429,0.03,0.201,0.175,1.14,147953.06,No injected typology,0
NPI2000004313,Pain Management,West,87,4.26,317.39,1.03,0.304,0.141,0.221,0.718,0.069,0.057,-2.38,121289.46,Impossible frequency,1
NPI2000004314,Cardiology,Midwest,378,5.78,392.42,1.17,0.43,0.02,0.12,0.022,0.012,0.213,-0.37,1004171.0,No injected typology,0
NPI2000004315,Radiology,Midwest,269,5.87,218.09,0.89,0.244,0.018,0.184,0.003,0.119,0.006,-0.07,306330.07,No injected typology,0
NPI2000004316,Internal Medicine,South,114,6.12,480.03,1.18,0.445,0.038,0.01,0.0,0.218,0.375,0.84,395594.85,No injected typology,0
NPI2000004317,Pain Management,Northeast,97,6.66,468.2,1.06,0.12,0.033,0.635,0.049,0.054,0.45,2.31,319319.12,Unbundling/modifier abuse,1
NPI2000004318,Orthopedics,Northeast,416,8.17,267.83,1.36,0.154,0.035,0.086,0.064,0.041,0.175,-0.84,1239922.07,No injected typology,0
NPI2000004319,Orthopedics,Northeast,146,6.04,381.66,1.01,0.368,0.021,0.167,0.051,0.163,0.142,1.11,339058.49,No injected typology,0
NPI2000004320,Pain Management,South,411,5.28,809.21,0.72,0.188,0.142,0.018,0.1,0.108,0.286,0.92,1258941.19,No injected typology,0
NPI2000004321,Oncology,South,243,8.17,659.34,0.83,0.194,0.03,0.069,0.151,0.027,0.248,0.86,1088354.91,No injected typology,0
NPI2000004322,Home Health,Northeast,221,5.83,258.5,1.2,0.141,0.029,0.076,0.102,0.053,0.327,1.45,401225.14,No injected typology,0
NPI2000004323,Orthopedics,Midwest,176,5.47,917.49,0.74,0.188,0.009,0.772,0.131,0.258,0.354,4.27,649639.6,Unbundling/modifier abuse,1
NPI2000004324,Orthopedics,Midwest,119,6.38,136.87,1.21,0.093,0.036,0.221,0.113,0.03,0.12,0.82,125561.61,No injected typology,0
NPI2000004325,Pain Management,Midwest,105,6.43,172.83,1.19,0.192,0.024,0.032,0.048,0.043,0.246,0.2,138517.65,No injected typology,0
NPI2000004326,Oncology,Midwest,116,7.45,176.92,1.23,0.122,0.019,0.019,0.047,0.155,0.153,0.51,188214.83,No injected typology,0
NPI2000004327,DME Supplier,South,486,4.91,434.42,0.94,0.839,0.075,0.035,0.125,0.159,0.089,5.24,972459.53,Upcoding,1
NPI2000004328,Oncology,Midwest,324,5.99,592.72,0.79,0.168,0.019,0.185,0.155,0.227,0.259,-1.19,902962.83,No injected typology,0
NPI2000004329,Cardiology,South,383,5.39,267.56,1.3,0.087,0.024,0.058,0.048,0.017,0.221,0.16,714914.77,No injected typology,0
NPI2000004330,DME Supplier,West,127,8.19,125.64,0.96,0.125,0.006,0.149,0.09,0.134,0.384,-2.57,125571.52,No injected typology,0
NPI2000004331,Radiology,West,143,6.52,921.23,1.03,0.973,0.042,0.119,0.032,0.237,0.206,5.22,884790.76,Upcoding,1
NPI2000004332,Lab,Midwest,59,3.9,306.99,0.68,0.112,0.055,0.157,0.071,0.011,0.088,1.38,47899.84,No injected typology,0
NPI2000004333,Internal Medicine,South,139,5.0,551.52,0.79,0.111,0.064,0.498,0.015,0.051,0.433,4.15,301505.91,Unbundling/modifier abuse,1
NPI2000004334,Orthopedics,Northeast,147,8.1,277.62,0.71,0.252,0.011,0.063,0.028,0.02,0.142,-0.17,234736.43,No injected typology,0
NPI2000004335,Lab,West,51,8.18,324.86,0.94,0.227,0.054,0.168,0.024,0.1,0.14,1.76,127332.63,No injected typology,0
NPI2000004336,Home Health,Midwest,137,6.24,324.77,0.55,0.081,0.088,0.02,0.013,0.281,0.439,-0.9,152669.54,No injected typology,0
NPI2000004337,Internal Medicine,West,60,6.91,284.3,1.07,0.332,0.003,0.011,0.057,0.086,0.082,-0.82,126613.4,No injected typology,0
NPI2000004338,Orthopedics,West,171,6.66,239.33,0.58,0.081,0.062,0.232,0.026,0.174,0.057,0.8,157141.79,No injected typology,0
NPI2000004339,Pain Management,Midwest,310,5.32,453.87,1.16,0.087,0.079,0.03,0.004,0.127,0.273,-0.34,865380.36,No injected typology,0
NPI2000004340,Internal Medicine,West,145,7.58,241.04,0.96,0.07,0.032,0.352,0.689,0.127,0.531,-1.31,255292.85,Impossible frequency,1
NPI2000004341,Orthopedics,South,135,6.01,283.45,0.81,0.179,0.343,0.07,0.018,0.04,0.474,-0.83,185761.78,Duplicate billing,1
NPI2000004342,Pain Management,Midwest,186,3.56,129.56,0.94,0.229,0.03,0.131,0.034,0.155,0.092,0.4,80563.08,No injected typology,0
NPI2000004343,Oncology,Midwest,163,3.5,886.15,0.84,0.119,0.09,0.118,0.079,0.112,0.381,-1.17,422529.04,No injected typology,0
NPI2000004344,DME Supplier,Northeast,341,4.51,457.12,1.04,0.176,0.041,0.298,0.244,0.024,0.416,1.37,732893.31,No injected typology,0
NPI2000004345,DME Supplier,Northeast,100,5.71,748.1,1.2,0.095,0.001,0.52,0.168,0.187,0.201,4.84,513629.78,Unbundling/modifier abuse,1
NPI2000004346,Internal Medicine,South,225,6.4,610.36,1.37,0.199,0.016,0.136,0.154,0.108,0.371,-0.11,1201090.44,No injected typology,0
NPI2000004347,Internal Medicine,Midwest,147,5.96,268.08,0.55,0.225,0.119,0.072,0.151,0.061,0.377,1.56,129086.18,No injected typology,0
NPI2000004348,Pain Management,Midwest,66,7.49,268.2,1.14,0.286,0.048,0.068,0.035,0.151,0.092,0.35,151641.1,No injected typology,0
NPI2000004349,Home Health,Northeast,175,5.36,233.14,1.37,0.084,0.101,0.112,0.011,0.042,0.225,0.27,300459.83,No injected typology,0
NPI2000004350,Cardiology,West,250,7.81,240.81,1.14,0.091,0.05,0.005,0.023,0.076,0.35,-1.91,537520.85,No injected typology,0
NPI2000004351,DME Supplier,Midwest,383,7.97,917.87,0.75,0.198,0.037,0.087,0.108,0.123,0.201,1.32,2088829.69,No injected typology,0
NPI2000004352,Internal Medicine,South,69,4.78,428.91,1.09,0.094,0.046,0.086,0.015,0.05,0.085,0.91,155060.22,No injected typology,0
NPI2000004353,Cardiology,Northeast,108,5.03,1374.02,0.87,0.271,0.025,0.153,0.02,0.126,0.234,1.16,648136.04,No injected typology,0
NPI2000004354,DME Supplier,Midwest,169,8.11,468.63,1.12,0.06,0.052,0.128,0.105,0.121,0.728,2.01,722136.25,No injected typology,0
NPI2000004355,Cardiology,South,33,9.98,496.97,1.14,0.491,0.049,0.052,0.019,0.036,0.18,-0.55,186993.85,No injected typology,0
NPI2000004356,Pain Management,West,124,5.51,599.49,1.12,0.122,0.074,0.133,0.011,0.172,0.43,-0.25,456865.35,No injected typology,0
NPI2000004357,Radiology,Northeast,207,5.96,172.24,1.14,0.354,0.024,0.262,0.037,0.105,0.175,0.67,241468.61,No injected typology,0
NPI2000004358,Internal Medicine,Northeast,506,4.24,282.41,1.0,0.163,0.086,0.057,0.066,0.276,0.306,1.87,603372.48,No injected typology,0
NPI2000004359,Home Health,South,203,6.18,778.16,1.15,0.442,0.013,0.013,0.036,0.063,0.138,2.28,1119756.24,No injected typology,0
NPI2000004360,Oncology,West,75,6.89,121.37,0.87,0.118,0.324,0.139,0.044,0.111,0.124,-1.36,54690.23,Duplicate billing,1
NPI2000004361,Lab,Northeast,223,7.87,321.73,0.84,0.124,0.013,0.152,0.038,0.312,0.121,0.36,474925.86,No injected typology,0
NPI2000004362,Orthopedics,South,278,8.48,298.95,1.15,0.35,0.015,0.09,0.053,0.137,0.458,0.54,811828.57,No injected typology,0
NPI2000004363,Home Health,Northeast,50,5.56,468.9,1.38,0.204,0.026,0.054,0.021,0.218,0.376,1.19,179176.35,No injected typology,0
NPI2000004364,Internal Medicine,Northeast,201,6.49,183.64,1.18,0.134,0.16,0.05,0.024,0.042,0.574,1.07,282374.92,No injected typology,0
NPI2000004365,Radiology,West,490,4.71,427.66,1.18,0.083,0.003,0.06,0.041,0.114,0.124,-1.47,1159242.54,No injected typology,0
NPI2000004366,Radiology,Northeast,213,5.56,350.16,1.36,0.192,0.13,0.256,0.099,0.113,0.219,-0.26,561885.0,No injected typology,0
NPI2000004367,Cardiology,Midwest,162,7.6,344.23,0.96,0.145,0.019,0.065,0.064,0.044,0.165,0.06,408105.62,No injected typology,0
NPI2000004368,Orthopedics,Midwest,94,5.51,401.49,0.72,0.423,0.046,0.12,0.743,0.125,0.242,-0.85,149761.18,Impossible frequency,1
NPI2000004369,Home Health,South,101,5.11,332.07,0.58,0.017,0.021,0.05,0.042,0.31,0.354,0.23,98524.34,No injected typology,0
NPI2000004370,Home Health,South,526,6.77,516.72,0.6,0.106,0.02,0.098,0.072,0.066,0.029,0.53,1110449.05,No injected typology,0
NPI2000004371,Home Health,South,159,3.62,269.6,0.73,0.346,0.052,0.021,0.017,0.028,0.057,-1.31,113555.71,No injected typology,0
NPI2000004372,Radiology,South,272,6.88,380.25,0.94,0.171,0.052,0.057,0.144,0.104,0.028,-0.11,667669.94,No injected typology,0
NPI2000004373,Lab,Midwest,326,5.42,495.57,0.6,0.103,0.032,0.048,0.066,0.044,0.171,-0.5,528856.83,No injected typology,0
NPI2000004374,Pain Management,Midwest,279,7.64,280.15,1.44,0.139,0.042,0.091,0.128,0.079,0.384,-1.54,859353.15,No injected typology,0
NPI2000004375,Internal Medicine,Northeast,176,4.74,353.13,1.12,0.302,0.012,0.065,0.09,0.032,0.337,0.32,330003.3,No injected typology,0
NPI2000004376,Lab,Northeast,209,3.86,619.93,1.32,0.513,0.06,0.185,0.054,0.05,0.197,0.34,659338.22,No injected typology,0
NPI2000004377,Internal Medicine,Northeast,65,4.97,361.02,1.02,0.195,0.011,0.279,0.066,0.038,0.064,0.05,118461.84,No injected typology,0
NPI2000004378,DME Supplier,West,93,5.85,555.01,1.34,0.079,0.091,0.02,0.04,0.398,0.104,2.51,403487.72,DME aberrancy,1
NPI2000004379,Radiology,South,172,7.71,801.98,0.68,0.173,0.07,0.193,0.029,0.012,0.049,0.6,725257.41,No injected typology,0
NPI2000004380,Lab,Northeast,336,2.72,385.37,0.74,0.265,0.042,0.192,0.04,0.072,0.107,0.75,259816.89,No injected typology,0
NPI2000004381,DME Supplier,South,758,7.25,137.22,0.92,0.151,0.019,0.088,0.022,0.257,0.198,-0.38,693409.42,No injected typology,0
NPI2000004382,Home Health,Northeast,136,8.72,242.07,1.16,0.035,0.12,0.156,0.036,0.125,0.221,-2.15,333266.93,No injected typology,0
NPI2000004383,Oncology,South,402,4.43,302.33,0.94,0.342,0.047,0.041,0.084,0.09,0.079,-1.56,503736.23,No injected typology,0
NPI2000004384,Radiology,Midwest,287,4.4,426.53,0.95,0.221,0.01,0.126,0.007,0.126,0.089,-2.07,513007.33,No injected typology,0
NPI2000004385,Cardiology,West,129,5.63,291.14,1.24,0.4,0.081,0.071,0.099,0.208,0.14,1.52,261617.94,No injected typology,0
NPI2000004386,Oncology,South,152,7.81,155.57,0.97,0.228,0.064,0.149,0.077,0.241,0.13,-1.85,179787.43,No injected typology,0
NPI2000004387,Home Health,West,82,6.47,237.22,1.22,0.085,0.117,0.079,0.114,0.179,0.245,-0.35,153677.94,No injected typology,0
NPI2000004388,Cardiology,West,304,6.71,404.72,1.17,0.085,0.04,0.04,0.11,0.173,0.246,1.87,962948.21,No injected typology,0
NPI2000004389,Cardiology,South,506,6.59,326.18,1.51,0.064,0.093,0.087,0.016,0.023,0.06,-0.13,1647670.93,No injected typology,0
NPI2000004390,Pain Management,Northeast,145,6.77,823.48,0.97,0.33,0.035,0.258,0.046,0.008,0.295,1.43,786523.98,No injected typology,0
NPI2000004391,Pain Management,Midwest,171,6.14,249.29,1.22,0.342,0.071,0.025,0.019,0.002,0.282,0.48,318934.86,No injected typology,0
NPI2000004392,Lab,Northeast,270,5.92,519.15,1.24,0.124,0.014,0.111,0.013,0.141,0.53,-1.43,1026442.51,No injected typology,0
NPI2000004393,Pain Management,Northeast,268,4.56,391.14,0.94,0.296,0.057,0.105,0.027,0.022,0.29,0.37,451568.2,No injected typology,0
NPI2000004394,Radiology,South,102,6.96,241.57,1.31,0.153,0.088,0.194,0.037,0.069,0.389,-0.86,225362.24,No injected typology,0
NPI2000004395,Orthopedics,West,237,8.0,230.55,0.98,0.37,0.038,0.103,0.13,0.152,0.561,0.08,429067.74,No injected typology,0
NPI2000004396,Pain Management,West,150,5.12,498.09,0.81,0.075,0.008,0.094,0.002,0.202,0.037,0.36,309586.56,No injected typology,0
NPI2000004397,Orthopedics,West,389,5.82,232.07,1.19,0.225,0.02,0.03,0.028,0.107,0.133,-1.51,627024.99,No injected typology,0
NPI2000004398,Orthopedics,South,278,6.22,279.87,1.04,0.108,0.02,0.069,0.624,0.119,0.359,1.71,502165.09,Impossible frequency,1
NPI2000004399,Home Health,West,85,3.61,389.26,1.21,0.28,0.047,0.034,0.032,0.079,0.262,1.47,144151.89,No injected typology,0
NPI2000004400,Cardiology,West,186,5.08,175.73,0.96,0.165,0.022,0.084,0.121,0.329,0.073,-0.0,158968.46,No injected typology,0
NPI2000004401,Pain Management,West,315,3.45,215.61,0.79,0.447,0.003,0.099,0.026,0.08,0.291,-1.74,184580.73,No injected typology,0
NPI2000004402,Radiology,South,198,1.95,229.4,1.4,0.327,0.02,0.073,0.134,0.305,0.361,1.38,124467.62,No injected typology,0
NPI2000004403,Internal Medicine,South,89,4.94,238.41,0.92,0.156,0.048,0.078,0.017,0.036,0.214,-0.28,96165.27,No injected typology,0
NPI2000004404,Orthopedics,Midwest,60,6.98,350.31,1.04,0.064,0.054,0.021,0.001,0.058,0.298,0.22,153369.82,No injected typology,0
NPI2000004405,Radiology,Northeast,107,4.6,366.86,0.87,0.076,0.04,0.052,0.036,0.243,0.26,-0.64,156497.02,No injected typology,0
NPI2000004406,Home Health,South,122,5.96,180.21,1.14,0.22,0.053,0.098,0.089,0.056,0.099,-0.76,149345.47,No injected typology,0
NPI2000004407,Lab,South,113,2.43,338.4,0.77,0.166,0.014,0.062,0.031,0.241,0.499,0.96,71821.24,No injected typology,0
NPI2000004408,Cardiology,West,53,5.79,370.72,1.01,0.251,0.01,0.033,0.052,0.238,0.178,-0.16,114438.75,No injected typology,0
NPI2000004409,Home Health,West,215,6.23,396.43,1.29,0.413,0.033,0.006,0.009,0.129,0.612,-0.29,682990.24,No injected typology,0
NPI2000004410,Cardiology,West,204,3.37,329.49,1.25,0.305,0.075,0.188,0.042,0.208,0.151,-0.57,282423.5,No injected typology,0
NPI2000004411,Internal Medicine,Northeast,99,7.75,325.79,0.85,0.101,0.063,0.033,0.077,0.022,0.389,1.11,212339.0,No injected typology,0
NPI2000004412,Radiology,West,261,5.43,856.63,1.31,0.09,0.008,0.058,0.019,0.2,0.346,0.76,1588375.46,No injected typology,0
NPI2000004413,Cardiology,Northeast,194,4.13,183.11,0.94,0.363,0.015,0.04,0.024,0.209,0.321,0.94,137711.55,No injected typology,0
NPI2000004414,Radiology,Northeast,122,6.18,357.56,1.15,0.322,0.003,0.095,0.35,0.271,0.416,0.51,309882.85,No injected typology,0
NPI2000004415,Radiology,Northeast,208,4.22,320.62,1.03,0.108,0.023,0.21,0.02,0.036,0.085,2.17,288331.58,No injected typology,0
NPI2000004416,Lab,South,114,2.96,275.86,1.36,0.132,0.034,0.186,0.014,0.011,0.202,-0.66,126840.45,No injected typology,0
NPI2000004417,Cardiology,South,206,6.84,218.55,0.93,0.044,0.05,0.004,0.006,0.239,0.167,-1.67,286038.99,No injected typology,0
NPI2000004418,Lab,Midwest,66,6.15,307.66,0.85,0.234,0.115,0.088,0.016,0.055,0.065,-1.59,106018.62,No injected typology,0
NPI2000004419,Cardiology,Midwest,139,4.73,256.33,0.71,0.284,0.013,0.347,0.026,0.045,0.317,-0.91,119032.96,No injected typology,0
NPI2000004420,Home Health,Northeast,68,6.01,381.21,1.09,0.26,0.062,0.109,0.107,0.105,0.026,-1.17,170112.47,No injected typology,0
NPI2000004421,Internal Medicine,Northeast,226,4.21,289.31,1.04,0.279,0.044,0.831,0.081,0.037,0.254,4.36,287096.58,Unbundling/modifier abuse,1
NPI2000004422,Radiology,Midwest,381,7.56,292.85,0.89,0.312,0.065,0.065,0.124,0.09,0.411,-0.41,752557.18,No injected typology,0
NPI2000004423,Internal Medicine,Northeast,516,9.17,893.98,1.18,0.061,0.029,0.314,0.021,0.178,0.379,0.02,5005020.57,No injected typology,0
NPI2000004424,Radiology,Midwest,143,5.18,303.55,0.82,0.109,0.025,0.024,0.055,0.1,0.033,-0.96,185052.49,No injected typology,0
NPI2000004425,Home Health,Northeast,72,8.97,1029.98,1.09,0.912,0.002,0.1,0.004,0.095,0.337,4.32,724190.28,Upcoding,1
NPI2000004426,Internal Medicine,South,275,6.03,301.55,1.04,0.119,0.008,0.081,0.528,0.108,0.161,-0.81,519623.56,Impossible frequency,1
NPI2000004427,DME Supplier,Northeast,245,8.14,369.19,0.7,0.153,0.018,0.357,0.078,0.019,0.427,0.56,515994.57,No injected typology,0
NPI2000004428,Radiology,Northeast,92,7.03,316.19,1.24,0.171,0.11,0.019,0.103,0.364,0.237,-0.87,252821.53,No injected typology,0
NPI2000004429,Lab,Northeast,284,7.28,281.09,1.39,0.059,0.01,0.104,0.006,0.218,0.153,-1.68,810164.24,No injected typology,0
NPI2000004430,Oncology,South,195,5.6,193.31,0.86,0.147,0.089,0.027,0.056,0.103,0.298,1.44,181506.43,No injected typology,0
NPI2000004431,Cardiology,Northeast,338,6.7,298.74,1.03,0.217,0.036,0.061,0.026,0.127,0.52,-0.24,699665.86,No injected typology,0
NPI2000004432,Orthopedics,West,109,5.68,514.05,0.84,0.158,0.015,0.2,0.242,0.287,0.242,-0.76,268081.77,No injected typology,0
NPI2000004433,Orthopedics,Midwest,91,5.99,764.06,1.39,0.308,0.08,0.039,0.164,0.128,0.186,-0.77,578528.94,No injected typology,0
NPI2000004434,Home Health,South,138,5.76,425.5,1.08,0.009,0.005,0.249,0.027,0.078,0.249,0.72,364546.04,No injected typology,0
NPI2000004435,Internal Medicine,Midwest,142,6.18,455.84,1.39,0.421,0.061,0.158,0.187,0.06,0.217,-0.5,555870.47,No injected typology,0
NPI2000004436,DME Supplier,Northeast,220,5.22,408.05,0.92,0.187,0.047,0.028,0.02,0.023,0.317,0.93,432859.6,No injected typology,0
NPI2000004437,Cardiology,Midwest,162,7.64,1233.32,1.28,0.487,0.054,0.714,0.089,0.082,0.142,4.02,1949974.73,Unbundling/modifier abuse,1
NPI2000004438,Cardiology,Northeast,178,5.12,281.62,1.05,0.103,0.013,0.045,0.026,0.05,0.011,-0.69,269330.41,No injected typology,0
NPI2000004439,Radiology,South,293,3.92,416.8,1.02,0.361,0.051,0.117,0.032,0.085,0.519,-2.32,486104.08,No injected typology,0
NPI2000004440,DME Supplier,West,125,6.27,648.35,0.86,0.451,0.058,0.056,0.033,0.36,0.27,5.6,434966.02,DME aberrancy,1
NPI2000004441,Radiology,Northeast,106,5.52,332.26,1.18,0.235,0.095,0.037,0.007,0.076,0.122,-1.34,228800.31,No injected typology,0
NPI2000004442,Home Health,Midwest,307,3.36,340.65,1.44,0.422,0.012,0.203,0.052,0.167,0.14,-1.14,504052.57,No injected typology,0
NPI2000004443,Lab,Midwest,96,8.54,629.22,0.97,0.11,0.023,0.187,0.008,0.034,0.193,-1.48,502465.06,No injected typology,0
NPI2000004444,Pain Management,Northeast,102,3.65,309.29,1.02,0.258,0.07,0.078,0.026,0.04,0.181,0.56,117888.35,No injected typology,0
NPI2000004445,Internal Medicine,Midwest,125,7.17,108.77,0.92,0.239,0.1,0.159,0.01,0.08,0.144,-2.23,90010.09,No injected typology,0
NPI2000004446,Oncology,West,128,8.64,304.46,1.44,0.32,0.054,0.712,0.04,0.244,0.395,2.16,483441.2,Unbundling/modifier abuse,1
NPI2000004447,Cardiology,West,377,6.35,407.15,1.04,0.059,0.425,0.082,0.06,0.038,0.372,0.71,1017940.43,Duplicate billing,1
NPI2000004448,Lab,South,57,6.45,349.28,0.71,0.146,0.001,0.151,0.042,0.105,0.135,-0.81,91320.65,No injected typology,0
NPI2000004449,Internal Medicine,South,227,4.7,509.97,0.98,0.169,0.012,0.066,0.212,0.084,0.315,2.09,535488.11,No injected typology,0
NPI2000004450,DME Supplier,West,206,5.86,215.09,0.89,0.195,0.028,0.028,0.046,0.042,0.404,-0.75,232131.21,No injected typology,0
NPI2000004451,Cardiology,South,99,3.51,801.67,0.93,0.128,0.042,0.203,0.032,0.042,0.095,1.04,257854.78,No injected typology,0
NPI2000004452,Home Health,Midwest,204,10.75,429.62,1.57,0.105,0.033,0.009,0.077,0.126,0.476,0.49,1484243.27,No injected typology,0
NPI2000004453,Internal Medicine,South,241,7.94,371.11,0.79,0.158,0.018,0.026,0.186,0.142,0.131,-0.59,561072.83,No injected typology,0
NPI2000004454,Internal Medicine,Midwest,333,6.31,396.51,0.73,0.132,0.003,0.153,0.032,0.203,0.306,1.17,611866.4,No injected typology,0
NPI2000004455,Pain Management,South,198,7.65,330.23,1.22,0.144,0.086,0.08,0.014,0.009,0.225,-0.71,608254.0,No injected typology,0
NPI2000004456,Lab,West,101,5.8,245.95,0.79,0.252,0.035,0.086,0.068,0.181,0.219,-1.34,114495.66,No injected typology,0
NPI2000004457,Pain Management,Midwest,455,4.7,499.08,0.97,0.12,0.011,0.135,0.06,0.105,0.108,-0.43,1036777.6,No injected typology,0
NPI2000004458,Internal Medicine,South,183,5.85,297.97,0.95,0.122,0.099,0.115,0.032,0.006,0.15,-0.59,302380.19,No injected typology,0
NPI2000004459,Oncology,West,266,5.7,368.27,0.96,0.197,0.056,0.004,0.129,0.167,0.21,-1.01,533467.44,No injected typology,0
NPI2000004460,Internal Medicine,South,190,7.4,166.75,1.04,0.266,0.027,0.199,0.003,0.124,0.252,-1.05,243361.46,No injected typology,0
NPI2000004461,Cardiology,West,192,5.58,437.16,0.78,0.111,0.085,0.107,0.079,0.126,0.194,1.86,365362.31,No injected typology,0
NPI2000004462,DME Supplier,Midwest,201,3.52,664.42,0.87,0.098,0.003,0.015,0.021,0.028,0.08,-0.34,406431.01,No injected typology,0
NPI2000004463,Cardiology,Northeast,72,7.77,245.78,0.84,0.118,0.033,0.106,0.046,0.042,0.014,-0.04,115680.08,No injected typology,0
NPI2000004464,Home Health,Midwest,296,6.24,548.76,1.31,0.034,0.054,0.142,0.163,0.095,0.265,-0.7,1324660.93,No injected typology,0
NPI2000004465,Orthopedics,South,313,5.51,367.06,0.88,0.247,0.074,0.119,0.036,0.086,0.46,1.06,558242.83,No injected typology,0
NPI2000004466,Radiology,South,264,6.68,327.69,1.11,0.342,0.032,0.004,0.109,0.133,0.178,0.6,644535.06,No injected typology,0
NPI2000004467,Internal Medicine,West,178,3.76,959.31,1.14,0.127,0.038,0.028,0.057,0.14,0.267,0.08,734011.33,No injected typology,0
NPI2000004468,Lab,Midwest,46,6.98,259.61,1.32,0.125,0.029,0.015,0.012,0.16,0.226,0.41,109736.92,No injected typology,0
NPI2000004469,Lab,South,104,6.34,299.09,0.83,0.1,0.058,0.157,0.012,0.242,0.191,-0.69,163704.75,No injected typology,0
NPI2000004470,Cardiology,Midwest,165,4.61,417.6,1.39,0.046,0.027,0.194,0.037,0.165,0.487,0.91,440639.23,No injected typology,0
NPI2000004471,Cardiology,Northeast,107,3.4,646.89,1.3,0.055,0.023,0.25,0.024,0.09,0.461,0.76,305770.08,No injected typology,0
NPI2000004472,Lab,South,214,8.18,135.91,1.13,0.082,0.12,0.126,0.04,0.042,0.15,0.61,269665.52,No injected typology,0
NPI2000004473,Orthopedics,South,253,5.95,582.85,1.09,0.804,0.041,0.06,0.051,0.057,0.462,3.48,953287.94,Upcoding,1
NPI2000004474,Orthopedics,South,141,5.03,457.22,1.28,0.124,0.007,0.103,0.056,0.033,0.153,1.7,414648.42,No injected typology,0
NPI2000004475,DME Supplier,South,68,4.85,298.66,1.1,0.458,0.018,0.144,0.035,0.093,0.249,-0.58,108194.28,No injected typology,0
NPI2000004476,DME Supplier,South,59,6.69,517.29,0.89,0.756,0.03,0.065,0.203,0.048,0.324,3.79,182138.0,Upcoding,1
NPI2000004477,Lab,South,101,4.6,468.64,0.85,0.104,0.032,0.155,0.053,0.012,0.044,0.87,185159.49,No injected typology,0
NPI2000004478,Home Health,South,274,7.44,358.11,0.96,0.114,0.025,0.05,0.638,0.041,0.422,-0.0,702195.15,Impossible frequency,1
NPI2000004479,Radiology,Northeast,379,4.36,135.03,1.07,0.362,0.066,0.024,0.144,0.086,0.158,-0.43,238822.31,No injected typology,0
NPI2000004480,Pain Management,Northeast,165,8.08,391.74,0.77,0.062,0.066,0.175,0.828,0.367,0.213,0.68,402483.42,Impossible frequency,1
NPI2000004481,DME Supplier,South,245,1.32,513.33,1.54,0.628,0.02,0.176,0.0,0.125,0.176,3.67,255062.95,Upcoding,1
NPI2000004482,Lab,Midwest,308,5.9,239.03,1.06,0.066,0.056,0.191,0.112,0.059,0.073,-1.86,460295.27,No injected typology,0
NPI2000004483,Lab,Northeast,290,7.24,571.91,1.62,0.196,0.055,0.042,0.05,0.117,0.285,0.83,1939518.87,No injected typology,0
NPI2000004484,Home Health,Midwest,105,5.49,225.75,1.01,0.045,0.032,0.145,0.032,0.02,0.229,-1.34,131501.83,No injected typology,0
NPI2000004485,DME Supplier,South,57,6.53,233.76,0.55,0.149,0.107,0.194,0.028,0.086,0.15,-0.13,47862.02,No injected typology,0
NPI2000004486,Cardiology,West,135,5.79,235.69,0.86,0.123,0.08,0.167,0.258,0.051,0.151,-0.26,158392.03,No injected typology,0
NPI2000004487,Pain Management,South,137,7.13,381.48,1.5,0.13,0.055,0.046,0.009,0.108,0.169,0.23,560487.66,No injected typology,0
NPI2000004488,Internal Medicine,West,68,7.8,274.87,1.16,0.087,0.01,0.126,0.003,0.061,0.205,-0.52,169316.89,No injected typology,0
NPI2000004489,Pain Management,Midwest,243,4.84,727.23,1.53,0.528,0.027,0.085,0.063,0.068,0.367,0.88,1307582.04,No injected typology,0
NPI2000004490,Internal Medicine,Northeast,293,7.21,421.73,0.59,0.913,0.024,0.104,0.027,0.16,0.175,3.19,527457.84,Upcoding,1
NPI2000004491,Cardiology,Northeast,152,5.95,182.03,0.81,0.165,0.07,0.236,0.087,0.222,0.158,0.96,133251.97,No injected typology,0
NPI2000004492,Cardiology,West,61,7.6,433.21,0.87,0.322,0.043,0.065,0.017,0.136,0.425,-1.05,175416.24,No injected typology,0
NPI2000004493,Pain Management,West,280,8.13,619.54,0.98,0.063,0.034,0.01,0.132,0.111,0.071,1.15,1387964.75,No injected typology,0
NPI2000004494,Home Health,Midwest,55,2.59,270.35,1.06,0.176,0.009,0.091,0.207,0.108,0.361,-2.13,40820.59,No injected typology,0
NPI2000004495,Internal Medicine,Midwest,148,7.61,541.7,1.17,0.183,0.015,0.201,0.034,0.098,0.703,0.89,712746.74,No injected typology,0
NPI2000004496,Home Health,South,292,6.79,424.5,1.54,0.122,0.029,0.044,0.077,0.132,0.316,-0.86,1295140.18,No injected typology,0
NPI2000004497,Radiology,West,142,6.43,331.52,0.67,0.225,0.049,0.296,0.028,0.168,0.07,0.78,202742.86,No injected typology,0
NPI2000004498,Internal Medicine,Northeast,310,5.73,616.51,1.17,0.173,0.065,0.021,0.065,0.097,0.509,-0.76,1281097.03,No injected typology,0
NPI2000004499,Internal Medicine,South,216,7.73,679.49,0.95,0.267,0.024,0.229,0.024,0.109,0.295,-0.68,1081873.27,No injected typology,0
NPI2000004500,Internal Medicine,West,313,3.74,370.41,0.85,0.058,0.049,0.038,0.113,0.289,0.573,-1.31,369723.03,No injected typology,0
NPI2000004501,Home Health,Midwest,448,7.83,454.74,1.26,0.139,0.011,0.034,0.049,0.175,0.097,0.49,2015031.34,No injected typology,0
NPI2000004502,Orthopedics,West,294,7.96,392.92,1.02,0.572,0.043,0.124,0.026,0.15,0.162,1.04,938448.17,No injected typology,0
NPI2000004503,Internal Medicine,South,159,6.05,797.42,1.09,0.17,0.011,0.189,0.065,0.123,0.258,-0.6,832594.84,No injected typology,0
NPI2000004504,Internal Medicine,Midwest,181,7.49,403.83,1.09,0.354,0.026,0.09,0.198,0.111,0.287,-1.07,594942.87,No injected typology,0
NPI2000004505,Orthopedics,South,107,6.71,307.79,1.02,0.136,0.054,0.19,0.106,0.028,0.093,-1.13,224995.26,No injected typology,0
NPI2000004506,Internal Medicine,West,173,5.98,190.18,1.47,0.118,0.059,0.131,0.127,0.142,0.145,-0.5,288605.82,No injected typology,0
NPI2000004507,Radiology,South,89,4.27,290.55,1.37,0.196,0.03,0.1,0.023,0.118,0.355,0.44,151126.95,No injected typology,0
NPI2000004508,Internal Medicine,Midwest,150,5.24,401.12,1.31,0.068,0.056,0.13,0.139,0.167,0.234,-1.14,412096.74,No injected typology,0
NPI2000004509,Lab,Northeast,69,8.54,462.9,1.34,0.238,0.066,0.04,0.161,0.191,0.091,-0.02,366882.33,No injected typology,0
NPI2000004510,Internal Medicine,South,496,8.33,327.56,1.05,0.127,0.053,0.119,0.176,0.098,0.215,0.92,1420990.93,No injected typology,0
NPI2000004511,Orthopedics,Midwest,226,7.3,231.78,1.36,0.198,0.12,0.006,0.005,0.318,0.081,-1.05,518353.92,No injected typology,0
NPI2000004512,Oncology,Midwest,203,6.92,407.03,1.12,0.111,0.009,0.051,0.038,0.052,0.376,1.66,641353.41,No injected typology,0
NPI2000004513,Internal Medicine,Midwest,223,7.62,372.9,0.99,0.076,0.044,0.089,0.003,0.163,0.396,-0.52,630188.66,No injected typology,0
NPI2000004514,Internal Medicine,Midwest,80,7.92,450.04,0.83,0.175,0.004,0.223,0.171,0.178,0.426,-0.62,237539.92,No injected typology,0
NPI2000004515,Lab,Midwest,175,4.51,386.41,1.18,0.052,0.127,0.143,0.103,0.057,0.235,-0.75,360565.96,No injected typology,0
NPI2000004516,Radiology,South,119,4.07,152.95,0.91,0.152,0.019,0.008,0.012,0.041,0.21,2.19,67505.74,No injected typology,0
NPI2000004517,Pain Management,West,181,7.47,302.9,1.12,0.135,0.032,0.182,0.094,0.018,0.096,-1.03,460261.64,No injected typology,0
NPI2000004518,Internal Medicine,Northeast,273,7.54,602.47,1.19,0.093,0.017,0.178,0.07,0.112,0.011,-0.93,1475471.64,No injected typology,0
NPI2000004519,Cardiology,South,133,4.83,237.36,0.55,0.262,0.02,0.026,0.032,0.229,0.315,-1.54,83813.08,No injected typology,0
NPI2000004520,Pain Management,South,99,5.99,337.48,1.2,0.142,0.041,0.018,0.011,0.129,0.161,0.64,240651.58,No injected typology,0
NPI2000004521,Oncology,Midwest,179,7.65,204.31,1.15,0.288,0.008,0.539,0.084,0.082,0.176,0.08,322900.52,No injected typology,0
NPI2000004522,Cardiology,Midwest,177,9.69,238.48,1.38,0.124,0.055,0.024,0.015,0.196,0.165,-0.54,566373.12,No injected typology,0
NPI2000004523,Home Health,West,189,8.73,497.28,1.09,0.271,0.028,0.032,0.003,0.159,0.322,0.35,891987.59,No injected typology,0
NPI2000004524,Radiology,South,176,5.44,271.73,0.79,0.382,0.061,0.04,0.107,0.118,0.21,-1.99,206341.47,No injected typology,0
NPI2000004525,Lab,West,337,7.4,490.62,1.01,0.31,0.056,0.045,0.056,0.07,0.173,-0.53,1241156.09,No injected typology,0
NPI2000004526,Home Health,South,192,6.07,543.51,1.19,0.113,0.019,0.179,0.062,0.178,0.191,-0.68,756520.88,No injected typology,0
NPI2000004527,Orthopedics,Northeast,211,8.09,222.79,1.04,0.321,0.052,0.278,0.005,0.093,0.342,-1.2,396218.84,No injected typology,0
NPI2000004528,Pain Management,Midwest,123,8.15,137.32,0.79,0.107,0.012,0.035,0.066,0.237,0.366,0.93,108541.75,No injected typology,0
NPI2000004529,Pain Management,Midwest,111,6.44,581.43,1.2,0.268,0.045,0.286,0.037,0.149,0.195,1.12,498705.41,No injected typology,0
NPI2000004530,DME Supplier,South,204,7.03,311.51,0.92,0.129,0.039,0.064,0.015,0.17,0.299,0.98,411495.39,No injected typology,0
NPI2000004531,DME Supplier,West,151,4.99,164.32,1.07,0.15,0.006,0.09,0.155,0.157,0.09,-0.83,132730.43,No injected typology,0
NPI2000004532,Internal Medicine,South,58,6.95,206.08,1.01,0.17,0.006,0.182,0.015,0.215,0.387,-1.07,83573.77,No injected typology,0
NPI2000004533,Radiology,Northeast,218,3.88,325.49,0.68,0.164,0.01,0.143,0.145,0.091,0.617,0.98,188273.34,No injected typology,0
NPI2000004534,Orthopedics,West,152,5.29,357.47,0.95,0.142,0.063,0.13,0.097,0.053,0.121,0.98,273336.88,No injected typology,0
NPI2000004535,Home Health,Northeast,224,8.94,305.72,1.12,0.095,0.09,0.03,0.13,0.115,0.106,-0.09,684140.5,No injected typology,0
NPI2000004536,Cardiology,Northeast,207,6.96,211.86,1.19,0.395,0.042,0.108,0.077,0.171,0.092,0.08,361747.85,No injected typology,0
NPI2000004537,Pain Management,Midwest,163,4.48,224.66,0.85,0.218,0.02,0.24,0.051,0.096,0.219,-1.81,138662.65,No injected typology,0
NPI2000004538,Oncology,Northeast,89,3.85,541.35,0.97,0.038,0.008,0.124,0.006,0.118,0.216,-0.2,180157.21,No injected typology,0
NPI2000004539,Internal Medicine,Midwest,155,9.46,305.93,1.29,0.21,0.005,0.123,0.052,0.113,0.385,-1.1,576739.72,No injected typology,0
NPI2000004540,Home Health,Midwest,128,6.97,227.53,1.16,0.251,0.028,0.05,0.06,0.074,0.201,-1.14,235707.92,No injected typology,0
NPI2000004541,Internal Medicine,West,176,6.13,829.02,0.81,0.214,0.022,0.109,0.004,0.119,0.028,0.71,728055.54,No injected typology,0
NPI2000004542,Oncology,South,228,8.24,533.2,1.08,0.415,0.033,0.148,0.039,0.081,0.147,1.03,1080309.25,No injected typology,0
NPI2000004543,Lab,Midwest,188,5.17,448.71,1.16,0.153,0.008,0.063,0.01,0.036,0.102,0.91,505059.25,No injected typology,0
NPI2000004544,Lab,West,89,4.41,500.68,1.05,0.261,0.01,0.038,0.014,0.112,0.069,0.23,205447.49,No injected typology,0
NPI2000004545,Lab,South,69,6.12,753.55,1.49,0.239,0.026,0.084,0.16,0.049,0.355,0.98,474177.45,No injected typology,0
NPI2000004546,Orthopedics,West,213,4.02,771.02,1.2,0.537,0.093,0.066,0.046,0.149,0.079,-1.5,790473.07,No injected typology,0
NPI2000004547,Pain Management,South,59,5.51,245.96,1.0,0.174,0.058,0.105,0.012,0.303,0.669,-0.22,80291.04,No injected typology,0
NPI2000004548,Oncology,South,223,7.53,514.48,1.14,0.317,0.074,0.175,0.069,0.121,0.114,-0.53,985526.74,No injected typology,0
NPI2000004549,Pain Management,South,204,5.22,705.06,0.95,0.26,0.026,0.258,0.021,0.156,0.065,0.34,713882.93,No injected typology,0
NPI2000004550,Oncology,South,92,7.05,528.9,0.9,0.173,0.022,0.336,0.215,0.047,0.123,-0.6,307946.85,No injected typology,0
NPI2000004551,Lab,Northeast,113,6.08,336.79,1.1,0.313,0.027,0.112,0.117,0.307,0.04,-0.5,254763.24,No injected typology,0
NPI2000004552,Pain Management,Midwest,117,7.04,249.06,0.84,0.129,0.005,0.142,0.02,0.19,0.16,-1.26,171363.43,No injected typology,0
NPI2000004553,DME Supplier,Northeast,119,4.43,220.53,1.04,0.13,0.081,0.156,0.01,0.146,0.167,0.92,120880.83,No injected typology,0
NPI2000004554,DME Supplier,Midwest,174,6.65,810.92,1.45,0.223,0.074,0.087,0.057,0.043,0.117,0.82,1363472.9,No injected typology,0
NPI2000004555,Cardiology,West,72,3.64,627.47,1.07,0.129,0.01,0.092,0.005,0.061,0.138,0.54,176402.94,No injected typology,0
NPI2000004556,Orthopedics,Midwest,208,6.61,256.49,1.02,0.175,0.054,0.24,0.197,0.068,0.16,0.47,359369.1,No injected typology,0
NPI2000004557,Orthopedics,Northeast,117,5.3,245.18,1.27,0.333,0.029,0.16,0.108,0.01,0.244,-0.21,192421.51,No injected typology,0
NPI2000004558,DME Supplier,South,119,5.86,285.95,1.08,0.36,0.106,0.037,0.017,0.058,0.104,-0.55,215526.95,No injected typology,0
NPI2000004559,Lab,Midwest,239,6.32,239.53,1.12,0.16,0.015,0.039,0.0,0.034,0.445,0.37,404473.08,No injected typology,0
NPI2000004560,Pain Management,West,195,4.82,361.85,1.39,0.123,0.012,0.106,0.008,0.08,0.091,0.08,471588.51,No injected typology,0
NPI2000004561,DME Supplier,South,59,3.47,222.06,1.09,0.228,0.013,0.193,0.029,0.068,0.393,0.08,49683.92,No injected typology,0
NPI2000004562,Radiology,West,115,6.56,207.4,0.72,0.47,0.054,0.028,0.19,0.203,0.145,0.31,113127.82,No injected typology,0
NPI2000004563,Radiology,Midwest,99,8.03,536.3,0.73,0.951,0.041,0.199,0.051,0.025,0.404,3.88,309952.42,Upcoding,1
NPI2000004564,Oncology,Midwest,301,6.43,274.02,1.05,0.088,0.036,0.032,0.068,0.162,0.132,0.94,559711.69,No injected typology,0
NPI2000004565,Radiology,Midwest,143,4.71,593.53,1.17,0.2,0.022,0.052,0.221,0.064,0.088,0.76,466287.25,No injected typology,0
NPI2000004566,DME Supplier,South,171,7.09,416.17,1.14,0.259,0.074,0.156,0.535,0.012,0.3,-0.19,575696.34,Impossible frequency,1
NPI2000004567,Radiology,Northeast,217,7.03,451.66,0.71,0.338,0.01,0.121,0.063,0.05,0.454,1.58,487078.58,No injected typology,0
NPI2000004568,Internal Medicine,South,356,7.82,1266.91,1.04,0.637,0.033,0.245,0.012,0.06,0.315,4.95,3654304.35,Upcoding,1
NPI2000004569,Radiology,South,155,5.62,211.55,1.27,0.928,0.01,0.165,0.041,0.096,0.268,4.44,234389.04,Upcoding,1
NPI2000004570,Cardiology,South,190,6.51,200.58,0.87,0.088,0.156,0.081,0.078,0.043,0.195,1.13,216800.79,No injected typology,0
NPI2000004571,Lab,South,290,4.26,482.36,0.78,0.438,0.052,0.02,0.099,0.144,0.127,0.76,462966.16,No injected typology,0
NPI2000004572,Lab,Midwest,153,6.05,458.68,1.13,0.053,0.076,0.119,0.213,0.089,0.238,0.53,478885.69,No injected typology,0
NPI2000004573,Home Health,South,404,7.71,194.83,1.08,0.145,0.093,0.129,0.082,0.154,0.133,0.52,657800.94,No injected typology,0
NPI2000004574,Oncology,Northeast,269,6.18,379.48,0.55,0.094,0.014,0.031,0.018,0.007,0.25,0.32,347213.77,No injected typology,0
NPI2000004575,Internal Medicine,West,212,7.81,166.33,0.92,0.023,0.035,0.04,0.063,0.05,0.136,-0.78,252392.15,No injected typology,0
NPI2000004576,Internal Medicine,West,439,5.0,126.71,0.81,0.245,0.03,0.157,0.084,0.024,0.168,-1.1,226264.73,No injected typology,0
NPI2000004577,Pain Management,West,198,6.81,189.22,0.66,0.181,0.027,0.082,0.015,0.135,0.067,2.03,169658.11,No injected typology,0
NPI2000004578,Internal Medicine,Midwest,586,7.15,964.61,1.63,0.18,0.029,0.03,0.065,0.087,0.514,0.31,6592062.5,No injected typology,0
NPI2000004579,Internal Medicine,South,168,7.75,180.55,0.8,0.293,0.04,0.198,0.077,0.017,0.288,-0.36,187613.11,No injected typology,0
NPI2000004580,Oncology,West,230,5.1,377.46,1.29,0.242,0.009,0.023,0.062,0.131,0.109,-0.08,573571.46,No injected typology,0
NPI2000004581,Orthopedics,South,225,4.06,515.2,1.2,0.08,0.039,0.075,0.0,0.043,0.303,-1.09,563089.86,No injected typology,0
NPI2000004582,Lab,West,139,7.1,627.68,1.33,0.045,0.023,0.1,0.05,0.174,0.233,-0.62,821792.26,No injected typology,0
NPI2000004583,Cardiology,Northeast,161,5.73,296.68,0.94,0.45,0.073,0.053,0.087,0.018,0.419,0.34,257733.08,No injected typology,0
NPI2000004584,Home Health,Northeast,289,7.84,386.16,1.03,0.367,0.042,0.065,0.011,0.116,0.112,-1.07,903657.87,No injected typology,0
NPI2000004585,Internal Medicine,Northeast,67,4.32,707.81,1.14,0.003,0.035,0.102,0.063,0.03,0.437,1.04,234197.5,No injected typology,0
NPI2000004586,Home Health,South,191,4.58,444.0,1.05,0.15,0.012,0.186,0.04,0.194,0.096,0.4,409652.03,No injected typology,0
NPI2000004587,Radiology,West,572,6.31,402.84,1.24,0.378,0.046,0.631,0.044,0.202,0.256,4.46,1807940.51,Unbundling/modifier abuse,1
NPI2000004588,Home Health,Midwest,140,7.41,245.54,1.18,0.271,0.081,0.136,0.085,0.052,0.397,1.28,300425.01,No injected typology,0
NPI2000004589,Pain Management,West,231,5.98,221.77,0.89,0.196,0.028,0.027,0.012,0.086,0.44,-0.39,271574.32,No injected typology,0
NPI2000004590,Radiology,Midwest,175,6.3,232.4,1.34,0.13,0.009,0.21,0.024,0.135,0.152,-0.85,343568.43,No injected typology,0
NPI2000004591,Cardiology,South,392,5.9,321.39,1.16,0.235,0.09,0.017,0.036,0.04,0.204,0.78,864821.71,No injected typology,0
NPI2000004592,Home Health,Northeast,899,8.12,389.18,0.87,0.109,0.025,0.132,0.005,0.104,0.551,-0.69,2484179.35,No injected typology,0
NPI2000004593,Cardiology,Northeast,98,4.84,183.42,1.33,0.063,0.005,0.292,0.118,0.103,0.399,0.54,115434.91,No injected typology,0
NPI2000004594,Internal Medicine,South,119,6.77,350.51,1.26,0.309,0.011,0.021,0.019,0.097,0.319,0.27,357140.86,No injected typology,0
NPI2000004595,Orthopedics,Midwest,240,6.05,362.81,0.93,0.19,0.01,0.124,0.019,0.097,0.316,-1.31,490784.13,No injected typology,0
NPI2000004596,Radiology,West,466,5.85,580.99,1.21,0.934,0.024,0.22,0.051,0.163,0.309,2.2,1922525.38,Upcoding,1
NPI2000004597,Internal Medicine,West,51,4.6,1032.09,1.22,0.26,0.386,0.097,0.053,0.173,0.297,0.3,294271.88,Duplicate billing,1
NPI2000004598,Radiology,West,141,4.49,134.42,0.88,0.027,0.42,0.075,0.082,0.182,0.678,-0.82,75276.63,Duplicate billing,1
NPI2000004599,Orthopedics,Midwest,158,6.92,379.33,0.96,0.396,0.009,0.197,0.002,0.201,0.497,0.15,399555.04,No injected typology,0
NPI2000004600,Pain Management,South,176,7.29,593.36,0.67,0.938,0.033,0.004,0.038,0.048,0.107,3.69,510658.8,Upcoding,1
NPI2000004601,Internal Medicine,West,432,2.84,882.04,1.12,0.27,0.047,0.356,0.113,0.028,0.15,0.99,1210153.44,No injected typology,0
NPI2000004602,Internal Medicine,Northeast,161,7.28,474.27,0.74,0.393,0.026,0.194,0.075,0.221,0.269,0.01,410299.91,No injected typology,0
NPI2000004603,Home Health,Midwest,265,5.87,393.82,0.97,0.022,0.04,0.069,0.061,0.17,0.348,-0.08,594953.89,No injected typology,0
NPI2000004604,Oncology,South,76,6.54,175.71,1.23,0.291,0.067,0.031,0.007,0.262,0.167,1.14,107819.42,No injected typology,0
NPI2000004605,Cardiology,West,200,8.9,534.34,1.06,0.1,0.014,0.182,0.129,0.06,0.15,0.06,1007233.86,No injected typology,0
NPI2000004606,Home Health,Northeast,130,5.5,336.74,0.75,0.113,0.008,0.039,0.031,0.077,0.181,0.1,181111.66,No injected typology,0
NPI2000004607,Lab,Midwest,448,6.69,358.88,0.76,0.388,0.03,0.016,0.071,0.083,0.132,0.81,820162.02,No injected typology,0
NPI2000004608,Lab,Northeast,227,4.77,238.36,0.86,0.043,0.004,0.047,0.024,0.064,0.312,-1.8,222802.94,No injected typology,0
NPI2000004609,Oncology,Midwest,110,6.55,255.19,1.11,0.133,0.042,0.076,0.01,0.232,0.404,-0.5,203406.82,No injected typology,0
NPI2000004610,Internal Medicine,Northeast,160,6.32,412.66,0.7,0.183,0.033,0.179,0.019,0.077,0.292,-0.4,292218.57,No injected typology,0
NPI2000004611,Home Health,West,118,6.88,262.22,1.44,0.286,0.002,0.099,0.013,0.13,0.232,-2.21,306069.24,No injected typology,0
NPI2000004612,Cardiology,Northeast,110,6.9,186.52,0.76,0.338,0.128,0.111,0.033,0.124,0.533,-0.76,107617.37,No injected typology,0
NPI2000004613,Internal Medicine,West,153,8.73,293.73,1.19,0.207,0.454,0.305,0.028,0.011,0.44,-1.13,467149.88,Duplicate billing,1
NPI2000004614,Pain Management,South,178,7.0,210.09,1.14,0.088,0.03,0.214,0.026,0.031,0.376,-1.35,297783.71,No injected typology,0
NPI2000004615,Oncology,West,82,5.51,346.92,1.13,0.172,0.017,0.016,0.035,0.077,0.404,1.47,177205.58,No injected typology,0
NPI2000004616,Orthopedics,Northeast,67,5.91,196.72,1.25,0.305,0.017,0.054,0.026,0.024,0.237,-1.25,96983.97,No injected typology,0
NPI2000004617,Cardiology,Midwest,239,5.04,629.91,0.87,0.082,0.029,0.119,0.051,0.016,0.185,0.72,662835.43,No injected typology,0
NPI2000004618,Oncology,South,200,5.92,861.78,0.55,0.28,0.142,0.106,0.058,0.068,0.274,-3.05,561348.8,No injected typology,0
NPI2000004619,Home Health,Midwest,171,3.7,517.81,0.9,0.283,0.009,0.018,0.046,0.022,0.053,0.78,294587.02,No injected typology,0
NPI2000004620,Internal Medicine,South,253,4.58,183.65,0.79,0.143,0.017,0.257,0.071,0.206,0.329,0.52,168515.84,No injected typology,0
NPI2000004621,Internal Medicine,Northeast,127,3.62,262.76,1.29,0.341,0.021,0.096,0.114,0.042,0.281,0.48,155624.73,No injected typology,0
NPI2000004622,Internal Medicine,Northeast,149,6.71,310.46,1.35,0.199,0.02,0.078,0.007,0.067,0.086,0.01,417783.49,No injected typology,0
NPI2000004623,Internal Medicine,West,417,3.18,268.3,1.15,0.063,0.039,0.289,0.018,0.194,0.299,0.62,409317.27,No injected typology,0
NPI2000004624,Lab,Midwest,95,6.84,527.43,0.75,0.121,0.009,0.037,0.027,0.051,0.212,-0.25,258359.86,No injected typology,0
NPI2000004625,Radiology,West,426,4.49,244.27,1.02,0.238,0.065,0.297,0.095,0.119,0.034,1.83,477672.22,No injected typology,0
NPI2000004626,Internal Medicine,West,236,6.1,683.99,0.89,0.225,0.023,0.224,0.001,0.068,0.098,-0.02,875769.78,No injected typology,0
NPI2000004627,Pain Management,South,250,7.64,647.17,0.89,0.179,0.009,0.226,0.087,0.059,0.074,1.18,1102852.09,No injected typology,0
NPI2000004628,Pain Management,West,149,4.46,355.07,1.39,0.224,0.013,0.098,0.178,0.126,0.197,-0.39,327033.37,No injected typology,0
NPI2000004629,Lab,South,300,8.36,1916.12,1.57,0.403,0.028,0.72,0.217,0.176,0.428,5.29,7561517.32,Unbundling/modifier abuse,1
NPI2000004630,Oncology,Northeast,204,6.31,343.54,1.19,0.687,0.03,0.123,0.102,0.032,0.138,4.39,527863.36,Upcoding,1
NPI2000004631,Internal Medicine,Midwest,96,5.96,427.62,1.08,0.11,0.032,0.299,0.017,0.03,0.171,1.77,264083.52,No injected typology,0
NPI2000004632,Internal Medicine,Midwest,141,8.66,160.51,1.68,0.288,0.094,0.209,0.122,0.059,0.11,0.22,330101.83,No injected typology,0
NPI2000004633,Home Health,Midwest,129,7.3,283.48,0.73,0.069,0.039,0.065,0.016,0.172,0.331,-0.18,194431.42,No injected typology,0
NPI2000004634,Internal Medicine,South,221,6.3,603.61,0.95,0.128,0.089,0.348,0.07,0.171,0.412,-1.11,797651.36,No injected typology,0
NPI2000004635,Orthopedics,West,165,5.91,367.83,0.75,0.316,0.017,0.098,0.028,0.185,0.222,-1.47,267970.79,No injected typology,0
NPI2000004636,Home Health,South,155,5.4,450.86,1.13,0.098,0.035,0.081,0.036,0.041,0.273,0.64,425550.43,No injected typology,0
NPI2000004637,DME Supplier,West,87,6.93,208.28,0.71,0.425,0.036,0.241,0.057,0.073,0.425,1.07,88735.39,No injected typology,0
NPI2000004638,Internal Medicine,Northeast,223,6.45,627.24,1.16,0.182,0.084,0.052,0.009,0.011,0.362,-0.41,1048147.3,No injected typology,0
NPI2000004639,Cardiology,Northeast,137,5.8,140.53,0.71,0.347,0.004,0.26,0.019,0.09,0.454,-3.26,79554.3,No injected typology,0
NPI2000004640,DME Supplier,Midwest,121,7.17,114.81,1.29,0.061,0.017,0.149,0.017,0.085,0.105,-0.15,128259.5,No injected typology,0
NPI2000004641,Internal Medicine,South,61,6.56,294.94,1.1,0.196,0.024,0.107,0.116,0.17,0.207,0.24,130060.11,No injected typology,0
NPI2000004642,Oncology,Midwest,208,7.36,445.92,1.13,0.167,0.125,0.045,0.065,0.184,0.055,0.52,773276.89,No injected typology,0
NPI2000004643,Cardiology,Midwest,135,6.02,560.15,1.17,0.102,0.049,0.058,0.056,0.032,0.212,-0.13,533137.36,No injected typology,0
NPI2000004644,Lab,West,76,7.96,514.06,1.41,0.174,0.034,0.053,0.044,0.021,0.404,1.05,438009.02,No injected typology,0
NPI2000004645,Internal Medicine,West,216,8.47,165.3,0.81,0.271,0.042,0.006,0.093,0.175,0.398,-1.85,245456.54,No injected typology,0
NPI2000004646,Pain Management,Northeast,112,7.4,197.27,1.01,0.11,0.031,0.049,0.088,0.147,0.211,0.97,164481.88,No injected typology,0
NPI2000004647,Lab,West,250,6.73,197.77,1.07,0.123,0.031,0.111,0.05,0.24,0.089,-0.59,356102.06,No injected typology,0
NPI2000004648,Home Health,South,114,6.29,213.07,0.87,0.413,0.038,0.059,0.045,0.108,0.281,0.06,133174.84,No injected typology,0
NPI2000004649,Internal Medicine,South,362,6.65,328.34,1.03,0.24,0.026,0.121,0.085,0.063,0.31,0.67,809857.07,No injected typology,0
NPI2000004650,Cardiology,Northeast,200,3.61,524.01,0.95,0.654,0.115,0.128,0.011,0.156,0.448,4.69,358382.96,Upcoding,1
NPI2000004651,Orthopedics,Northeast,67,6.96,345.68,1.09,0.049,0.031,0.232,0.024,0.042,0.29,-0.91,176335.23,No injected typology,0
NPI2000004652,Pain Management,Northeast,185,4.19,366.74,1.23,0.339,0.005,0.226,0.039,0.112,0.186,-0.84,349077.45,No injected typology,0
NPI2000004653,Oncology,Midwest,30,6.78,169.35,0.9,0.238,0.073,0.145,0.156,0.049,0.396,-1.33,31085.81,No injected typology,0
NPI2000004654,Orthopedics,Midwest,98,8.55,352.94,1.66,0.012,0.014,0.056,0.032,0.052,0.097,0.71,490733.9,No injected typology,0
NPI2000004655,Orthopedics,Midwest,244,7.24,273.72,1.18,0.228,0.061,0.086,0.094,0.028,0.198,0.76,572866.98,No injected typology,0
NPI2000004656,DME Supplier,West,108,4.11,543.1,0.98,0.184,0.031,0.115,0.035,0.095,0.144,0.47,235842.71,No injected typology,0
NPI2000004657,Cardiology,West,182,3.63,318.4,1.03,0.309,0.095,0.079,0.105,0.056,0.342,1.42,215476.21,No injected typology,0
NPI2000004658,Lab,Northeast,262,5.73,459.55,1.27,0.235,0.003,0.018,0.008,0.091,0.36,1.31,873742.67,No injected typology,0
NPI2000004659,Internal Medicine,Midwest,224,6.33,489.26,0.91,0.202,0.051,0.74,0.032,0.074,0.261,3.68,628056.51,Unbundling/modifier abuse,1
NPI2000004660,Radiology,South,339,5.17,459.04,1.06,0.506,0.043,0.109,0.125,0.218,0.023,-0.14,855511.96,No injected typology,0
NPI2000004661,Oncology,South,96,6.5,367.83,0.94,0.164,0.08,0.103,0.181,0.064,0.397,0.36,215433.53,No injected typology,0
NPI2000004662,Orthopedics,Northeast,143,6.34,376.85,1.34,0.358,0.02,0.167,0.048,0.012,0.417,0.51,456987.44,No injected typology,0
NPI2000004663,Radiology,South,191,5.41,441.08,0.9,0.129,0.031,0.29,0.084,0.18,0.13,-0.45,411232.9,No injected typology,0
NPI2000004664,Radiology,Midwest,229,9.24,428.54,0.92,0.072,0.034,0.181,0.003,0.104,0.164,1.51,837183.88,No injected typology,0
NPI2000004665,Radiology,South,79,6.01,310.97,0.72,0.105,0.027,0.043,0.041,0.12,0.081,0.58,105791.06,No injected typology,0
NPI2000004666,Home Health,West,72,6.22,502.78,1.24,0.301,0.034,0.056,0.015,0.122,0.399,-0.89,279472.96,No injected typology,0
NPI2000004667,DME Supplier,Midwest,62,5.44,403.98,0.73,0.16,0.104,0.129,0.012,0.113,0.328,-1.58,100150.83,No injected typology,0
NPI2000004668,Cardiology,Northeast,134,7.36,573.49,0.82,0.264,0.041,0.015,0.054,0.245,0.193,0.63,462759.06,No injected typology,0
NPI2000004669,Orthopedics,Midwest,210,6.2,223.68,0.87,0.149,0.101,0.19,0.001,0.145,0.384,-1.01,254549.22,No injected typology,0
NPI2000004670,Internal Medicine,Midwest,131,7.02,424.63,1.04,0.831,0.025,0.022,0.016,0.194,0.449,2.41,406439.39,Upcoding,1
NPI2000004671,Home Health,West,156,5.84,412.88,1.08,0.119,0.024,0.04,0.001,0.081,0.215,-1.37,407669.05,No injected typology,0
NPI2000004672,DME Supplier,South,258,4.82,371.05,0.73,0.099,0.008,0.205,0.054,0.112,0.025,1.02,335387.83,No injected typology,0
NPI2000004673,Internal Medicine,Northeast,58,5.78,342.58,1.36,0.201,0.043,0.036,0.038,0.039,0.238,-1.47,156389.19,No injected typology,0
NPI2000004674,Internal Medicine,West,109,5.53,189.88,1.23,0.314,0.143,0.022,0.026,0.086,0.422,-0.34,140854.29,No injected typology,0
NPI2000004675,Orthopedics,South,62,3.82,142.59,0.69,0.096,0.014,0.049,0.035,0.043,0.076,-0.45,23172.69,No injected typology,0
NPI2000004676,Internal Medicine,South,292,5.04,274.19,1.02,0.229,0.033,0.098,0.069,0.043,0.422,1.14,411975.47,No injected typology,0
NPI2000004677,Internal Medicine,South,175,5.45,329.94,0.84,0.385,0.079,0.081,0.074,0.076,0.038,0.31,265813.77,No injected typology,0
NPI2000004678,Radiology,Northeast,329,7.43,403.14,0.94,0.245,0.04,0.053,0.041,0.058,0.238,-1.54,931266.01,No injected typology,0
NPI2000004679,Orthopedics,South,42,7.97,186.38,0.81,0.077,0.04,0.195,0.056,0.06,0.23,-1.14,50425.91,No injected typology,0
NPI2000004680,Internal Medicine,Northeast,65,6.13,410.05,0.74,0.167,0.012,0.551,0.07,0.021,0.368,2.62,120521.89,Unbundling/modifier abuse,1
NPI2000004681,Oncology,West,102,3.68,397.32,1.02,0.122,0.03,0.046,0.084,0.163,0.165,-1.79,152160.11,No injected typology,0
NPI2000004682,Oncology,Northeast,174,5.91,269.0,1.65,0.369,0.003,0.343,0.051,0.152,0.185,-0.97,456786.64,No injected typology,0
NPI2000004683,Lab,South,179,7.62,410.47,0.93,0.154,0.044,0.175,0.038,0.097,0.415,-0.26,523177.63,No injected typology,0
NPI2000004684,Pain Management,Midwest,221,6.07,335.42,0.78,0.876,0.057,0.078,0.05,0.167,0.175,2.46,349941.57,Upcoding,1
NPI2000004685,Oncology,South,212,5.75,607.83,1.2,0.184,0.036,0.124,0.016,0.08,0.405,-0.42,890396.85,No injected typology,0
NPI2000004686,Lab,West,78,6.64,1196.32,1.0,0.095,0.113,0.052,0.013,0.235,0.332,0.96,618978.84,No injected typology,0
NPI2000004687,Home Health,South,95,7.17,500.61,0.68,0.384,0.006,0.132,0.024,0.107,0.294,-0.51,232984.96,No injected typology,0
NPI2000004688,Home Health,Midwest,97,4.93,207.31,0.79,0.215,0.018,0.162,0.069,0.045,0.187,-0.16,78118.3,No injected typology,0
NPI2000004689,Radiology,West,319,3.32,203.91,1.44,0.104,0.05,0.024,0.147,0.047,0.02,0.8,310528.9,No injected typology,0
NPI2000004690,DME Supplier,West,288,5.28,434.16,1.14,0.246,0.064,0.107,0.025,0.144,0.211,-0.65,754358.26,No injected typology,0
NPI2000004691,Lab,Northeast,224,3.83,247.45,0.97,0.192,0.067,0.037,0.044,0.126,0.446,-0.4,205293.09,No injected typology,0
NPI2000004692,Lab,Northeast,139,3.25,160.95,1.24,0.173,0.023,0.062,0.036,0.085,0.495,1.16,90234.46,No injected typology,0
NPI2000004693,Radiology,South,187,5.8,216.32,1.44,0.092,0.026,0.162,0.107,0.039,0.504,-1.45,338491.38,No injected typology,0
NPI2000004694,Radiology,West,181,5.78,310.55,0.96,0.089,0.032,0.086,0.076,0.066,0.063,0.26,310613.36,No injected typology,0
NPI2000004695,Pain Management,South,591,5.7,184.14,0.68,0.303,0.144,0.098,0.109,0.062,0.242,-1.1,424306.85,No injected typology,0
NPI2000004696,Orthopedics,Midwest,249,6.16,149.01,0.71,0.032,0.012,0.149,0.051,0.099,0.254,0.98,162158.23,No injected typology,0
NPI2000004697,Oncology,Midwest,102,6.75,676.17,1.16,0.096,0.017,0.333,0.047,0.121,0.268,-1.16,540357.83,No injected typology,0
NPI2000004698,DME Supplier,South,125,4.99,509.38,1.0,0.237,0.017,0.185,0.053,0.015,0.145,-0.91,316786.33,No injected typology,0
NPI2000004699,Oncology,Northeast,49,6.22,142.72,1.1,0.199,0.014,0.059,0.001,0.039,0.244,0.05,47881.34,No injected typology,0
NPI2000004700,Cardiology,Midwest,313,5.42,214.57,1.06,0.869,0.029,0.181,0.025,0.026,0.222,5.05,386796.51,Upcoding,1
NPI2000004701,Internal Medicine,Midwest,85,7.74,276.13,0.55,0.144,0.041,0.006,0.036,0.173,0.444,-0.55,99910.65,No injected typology,0
NPI2000004702,Radiology,West,178,7.97,236.1,0.94,0.162,0.035,0.094,0.076,0.163,0.269,-0.51,313885.49,No injected typology,0
NPI2000004703,Home Health,Midwest,72,8.31,409.36,0.83,0.118,0.051,0.091,0.81,0.06,0.359,1.52,204284.85,Impossible frequency,1
NPI2000004704,Orthopedics,South,208,6.18,622.43,0.81,0.041,0.036,0.211,0.019,0.135,0.166,1.3,646084.21,No injected typology,0
NPI2000004705,DME Supplier,Northeast,204,5.36,615.16,1.11,0.29,0.031,0.21,0.003,0.358,0.242,3.26,744692.39,DME aberrancy,1
NPI2000004706,Oncology,Northeast,156,6.45,319.1,1.22,0.123,0.01,0.095,0.055,0.058,0.195,-1.32,392585.12,No injected typology,0
NPI2000004707,Home Health,Northeast,108,7.93,93.89,1.14,0.374,0.024,0.036,0.026,0.243,0.115,-1.23,91768.48,No injected typology,0
NPI2000004708,DME Supplier,South,676,5.91,512.9,1.24,0.303,0.024,0.1,0.273,0.281,0.238,1.25,2533445.22,No injected typology,0
NPI2000004709,Cardiology,West,238,6.93,362.49,0.61,0.248,0.041,0.186,0.017,0.074,0.075,0.6,365950.11,No injected typology,0
NPI2000004710,Internal Medicine,West,196,8.86,555.94,1.04,0.16,0.094,0.024,0.07,0.103,0.461,-1.4,1007040.33,No injected typology,0
NPI2000004711,Orthopedics,Midwest,151,5.61,390.39,1.19,0.12,0.042,0.033,0.089,0.066,0.217,0.39,392105.41,No injected typology,0
NPI2000004712,Cardiology,West,169,4.11,562.58,0.74,0.113,0.011,0.298,0.122,0.031,0.067,2.64,290701.47,No injected typology,0
NPI2000004713,Radiology,Midwest,251,5.47,204.26,0.66,0.063,0.054,0.094,0.046,0.076,0.163,0.09,184841.96,No injected typology,0
NPI2000004714,Oncology,South,175,7.15,186.05,1.47,0.063,0.099,0.04,0.052,0.017,0.042,-1.38,341239.65,No injected typology,0
NPI2000004715,Lab,Midwest,267,4.74,291.14,0.95,0.076,0.021,0.092,0.141,0.005,0.168,-1.17,350106.05,No injected typology,0
NPI2000004716,Cardiology,Midwest,126,6.18,908.84,1.03,0.293,0.463,0.263,0.092,0.015,0.155,-0.61,730782.95,Duplicate billing,1
NPI2000004717,Cardiology,Northeast,223,9.0,197.69,1.1,0.093,0.073,0.09,0.09,0.066,0.254,0.6,437590.95,No injected typology,0
NPI2000004718,DME Supplier,Midwest,167,6.17,464.29,1.28,0.303,0.031,0.038,0.139,0.053,0.22,-0.23,611622.8,No injected typology,0
NPI2000004719,Lab,Midwest,216,6.35,279.65,1.17,0.317,0.028,0.023,0.034,0.235,0.127,-0.86,448609.7,No injected typology,0
NPI2000004720,Cardiology,West,168,6.13,241.28,1.18,0.222,0.006,0.094,0.018,0.258,0.411,-0.53,292482.7,No injected typology,0
NPI2000004721,Cardiology,West,128,4.79,384.5,0.9,0.096,0.084,0.036,0.046,0.174,0.488,0.08,211360.0,No injected typology,0
NPI2000004722,Pain Management,Midwest,156,6.62,146.65,1.06,0.073,0.046,0.059,0.028,0.171,0.163,-1.46,161115.48,No injected typology,0
NPI2000004723,Radiology,Midwest,169,8.4,345.91,0.99,0.092,0.018,0.122,0.03,0.113,0.075,-0.45,487597.73,No injected typology,0
NPI2000004724,Pain Management,West,180,7.46,316.76,0.68,0.206,0.03,0.078,0.042,0.124,0.318,-1.36,288669.97,No injected typology,0
NPI2000004725,Internal Medicine,Northeast,74,7.93,324.08,1.39,0.024,0.011,0.11,0.027,0.013,0.133,-0.72,263560.99,No injected typology,0
NPI2000004726,Home Health,Midwest,228,6.09,382.84,1.28,0.103,0.021,0.069,0.014,0.113,0.44,0.23,680924.38,No injected typology,0
NPI2000004727,Lab,Northeast,138,6.15,233.06,1.24,0.292,0.026,0.427,0.039,0.091,0.128,-0.19,244998.99,No injected typology,0
NPI2000004728,Home Health,West,266,7.11,523.81,1.36,0.318,0.039,0.099,0.006,0.03,0.214,1.05,1347684.52,No injected typology,0
NPI2000004729,Internal Medicine,Northeast,213,4.44,572.45,0.94,0.224,0.014,0.08,0.147,0.318,0.414,-0.74,511020.11,No injected typology,0
NPI2000004730,Cardiology,Northeast,106,5.88,332.31,0.81,0.369,0.069,0.229,0.013,0.357,0.124,-0.9,168118.45,No injected typology,0
NPI2000004731,DME Supplier,Northeast,98,4.55,255.64,0.82,0.293,0.122,0.145,0.012,0.212,0.173,0.11,93400.2,No injected typology,0
NPI2000004732,Pain Management,West,219,7.22,292.91,1.08,0.185,0.031,0.029,0.009,0.086,0.403,1.26,499072.04,No injected typology,0
NPI2000004733,Internal Medicine,West,145,6.58,355.34,1.04,0.149,0.026,0.057,0.006,0.074,0.16,-0.66,353910.7,No injected typology,0
NPI2000004734,Cardiology,West,157,5.86,677.64,0.67,0.425,0.023,0.159,0.004,0.074,0.44,1.84,420683.42,No injected typology,0
NPI2000004735,Orthopedics,South,148,5.86,285.0,1.15,0.07,0.033,0.014,0.124,0.066,0.372,-0.0,284300.57,No injected typology,0
NPI2000004736,Pain Management,West,289,4.64,319.68,0.87,0.084,0.024,0.086,0.053,0.014,0.593,-0.37,372040.09,No injected typology,0
NPI2000004737,Oncology,Northeast,179,4.54,276.08,1.49,0.32,0.109,0.156,0.164,0.115,0.238,0.5,333239.68,No injected typology,0
NPI2000004738,Radiology,South,116,6.02,685.64,0.92,0.18,0.006,0.11,0.015,0.108,0.146,0.59,438561.99,No injected typology,0
NPI2000004739,DME Supplier,Northeast,109,4.76,199.16,1.07,0.578,0.055,0.268,0.054,0.248,0.2,-0.68,110547.26,No injected typology,0
NPI2000004740,Internal Medicine,Northeast,117,5.09,287.35,0.63,0.107,0.054,0.051,0.106,0.071,0.122,-1.4,107604.37,No injected typology,0
NPI2000004741,Internal Medicine,Northeast,213,6.03,323.48,1.17,0.109,0.1,0.033,0.039,0.173,0.2,1.65,484143.06,No injected typology,0
NPI2000004742,Radiology,Midwest,60,7.44,278.04,1.31,0.106,0.015,0.022,0.024,0.219,0.226,-0.03,162815.13,No injected typology,0
NPI2000004743,DME Supplier,Northeast,118,6.22,500.65,1.12,0.248,0.01,0.214,0.067,0.082,0.244,-0.82,409535.87,No injected typology,0
NPI2000004744,Home Health,West,117,7.47,228.62,1.07,0.182,0.29,0.124,0.192,0.122,0.036,0.23,214343.11,Duplicate billing,1
NPI2000004745,Internal Medicine,South,224,5.84,562.5,1.49,0.189,0.064,0.067,0.07,0.076,0.095,0.89,1099881.83,No injected typology,0
NPI2000004746,Oncology,Northeast,96,6.84,253.78,0.95,0.143,0.02,0.906,0.037,0.029,0.326,3.42,157715.52,Unbundling/modifier abuse,1
NPI2000004747,DME Supplier,Midwest,144,9.85,474.9,0.79,0.277,0.03,0.088,0.132,0.122,0.263,1.82,531928.16,No injected typology,0
NPI2000004748,DME Supplier,Midwest,139,6.99,302.58,0.86,0.093,0.011,0.738,0.028,0.081,0.201,2.3,251434.78,Unbundling/modifier abuse,1
NPI2000004749,Home Health,Northeast,166,6.66,332.93,0.93,0.132,0.033,0.118,0.057,0.168,0.577,0.55,342361.1,No injected typology,0
NPI2000004750,Home Health,Midwest,82,6.67,770.33,1.27,0.437,0.041,0.063,0.011,0.022,0.385,0.98,535990.75,No injected typology,0
NPI2000004751,Radiology,Midwest,311,6.77,295.23,0.86,0.148,0.153,0.024,0.012,0.05,0.261,-0.56,531991.44,No injected typology,0
NPI2000004752,Cardiology,West,771,9.55,302.01,1.34,0.395,0.138,0.081,0.012,0.152,0.457,-0.14,2981773.98,No injected typology,0
NPI2000004753,Internal Medicine,South,104,8.6,271.28,1.0,0.392,0.074,0.037,0.033,0.091,0.212,-0.81,242069.11,No injected typology,0
NPI2000004754,Orthopedics,Midwest,283,5.8,589.21,0.94,0.147,0.013,0.193,0.043,0.051,0.167,0.63,904939.28,No injected typology,0
NPI2000004755,Radiology,Northeast,180,6.7,505.32,1.25,0.15,0.015,0.042,0.1,0.08,0.343,-0.72,760882.58,No injected typology,0
NPI2000004756,Radiology,West,277,5.06,453.26,0.96,0.131,0.015,0.169,0.06,0.039,0.174,-0.7,609485.09,No injected typology,0
NPI2000004757,Orthopedics,South,149,5.28,284.99,1.25,0.292,0.035,0.148,0.087,0.007,0.373,-0.14,279655.46,No injected typology,0
NPI2000004758,Radiology,West,270,6.63,162.9,0.94,0.221,0.087,0.053,0.086,0.379,0.565,0.15,273281.77,No injected typology,0
NPI2000004759,Radiology,South,326,8.81,555.91,1.0,0.297,0.018,0.086,0.032,0.179,0.516,0.69,1594118.89,No injected typology,0
NPI2000004760,Radiology,South,342,6.65,229.11,0.69,0.279,0.036,0.249,0.067,0.068,0.309,0.46,361105.46,No injected typology,0
NPI2000004761,Oncology,South,79,6.64,366.27,1.16,0.113,0.03,0.03,0.043,0.008,0.146,0.88,223457.29,No injected typology,0
NPI2000004762,Pain Management,South,195,5.04,621.3,1.01,0.159,0.025,0.044,0.022,0.107,0.354,0.49,614076.01,No injected typology,0
NPI2000004763,Radiology,South,397,5.27,491.78,1.56,0.082,0.022,0.286,0.255,0.024,0.32,1.75,1606451.2,No injected typology,0
NPI2000004764,Oncology,West,375,5.88,161.31,1.2,0.301,0.049,0.01,0.104,0.024,0.324,0.49,427593.07,No injected typology,0
NPI2000004765,Cardiology,West,139,5.99,836.57,1.36,0.299,0.054,0.099,0.04,0.096,0.166,1.95,945190.34,No injected typology,0
NPI2000004766,Oncology,Northeast,109,5.76,216.12,0.85,0.071,0.015,0.19,0.006,0.051,0.362,-0.18,115478.45,No injected typology,0
NPI2000004767,Orthopedics,South,555,6.03,353.57,0.91,0.27,0.051,0.092,0.044,0.059,0.547,-0.78,1078216.19,No injected typology,0
NPI2000004768,Home Health,Northeast,138,8.07,245.99,1.16,0.167,0.018,0.05,0.001,0.045,0.658,0.79,319223.76,No injected typology,0
NPI2000004769,Internal Medicine,Midwest,182,4.79,156.64,1.18,0.451,0.066,0.076,0.025,0.163,0.3,-2.25,161604.49,No injected typology,0
NPI2000004770,Internal Medicine,West,255,6.02,320.37,1.04,0.106,0.013,0.269,0.062,0.19,0.271,0.45,510631.71,No injected typology,0
NPI2000004771,Internal Medicine,South,160,8.04,284.81,1.28,0.163,0.03,0.194,0.089,0.077,0.278,-0.89,470510.95,No injected typology,0
NPI2000004772,Home Health,Northeast,100,7.04,448.66,0.8,0.1,0.406,0.223,0.0,0.104,0.37,1.0,252887.26,Duplicate billing,1
NPI2000004773,Internal Medicine,South,235,7.67,329.6,0.77,0.08,0.018,0.069,0.165,0.069,0.103,-1.55,460547.39,No injected typology,0
NPI2000004774,Pain Management,South,156,6.34,1059.19,0.91,0.23,0.03,0.28,0.031,0.041,0.324,1.19,958286.62,No injected typology,0
NPI2000004775,Radiology,South,150,5.01,358.57,0.8,0.474,0.074,0.167,0.013,0.098,0.424,0.19,214328.29,No injected typology,0
NPI2000004776,Cardiology,Midwest,240,4.75,261.03,0.69,0.068,0.004,0.013,0.007,0.27,0.049,-0.92,204792.34,No injected typology,0
NPI2000004777,Internal Medicine,Northeast,221,8.75,812.98,1.09,0.072,0.058,0.091,0.035,0.069,0.397,1.73,1709823.97,No injected typology,0
NPI2000004778,Oncology,Northeast,369,6.11,356.13,1.5,0.203,0.068,0.028,0.019,0.035,0.474,0.93,1204805.51,No injected typology,0
NPI2000004779,Cardiology,Northeast,311,6.73,496.83,1.17,0.311,0.019,0.263,0.01,0.069,0.078,0.02,1212869.03,No injected typology,0
NPI2000004780,DME Supplier,West,104,4.57,598.93,1.22,0.2,0.047,0.011,0.069,0.233,0.376,-0.73,346819.08,No injected typology,0
NPI2000004781,Pain Management,Midwest,313,6.63,267.27,1.38,0.295,0.034,0.112,0.058,0.053,0.175,0.26,764997.95,No injected typology,0
NPI2000004782,Lab,Midwest,138,6.39,258.27,0.85,0.189,0.019,0.229,0.084,0.044,0.463,0.82,192809.91,No injected typology,0
NPI2000004783,Home Health,South,501,5.41,320.94,1.37,0.158,0.024,0.103,0.187,0.134,0.217,-0.77,1195219.21,No injected typology,0
NPI2000004784,Pain Management,Northeast,80,6.04,542.29,1.11,0.128,0.038,0.012,0.034,0.197,0.084,3.37,289909.91,No injected typology,0
NPI2000004785,Cardiology,South,157,9.69,226.81,1.17,0.13,0.027,0.12,0.011,0.307,0.265,-0.1,404368.36,No injected typology,0
NPI2000004786,Lab,Midwest,69,8.47,295.81,0.86,0.226,0.043,0.022,0.02,0.016,0.195,0.78,149023.79,No injected typology,0
NPI2000004787,Cardiology,Midwest,350,4.8,187.03,0.76,0.252,0.008,0.211,0.136,0.538,0.076,-1.0,239464.63,No injected typology,0
NPI2000004788,Lab,South,186,5.46,204.36,1.11,0.248,0.005,0.199,0.178,0.169,0.104,0.23,230714.51,No injected typology,0
NPI2000004789,Home Health,South,154,3.03,594.22,0.63,0.293,0.024,0.148,0.026,0.183,0.239,1.66,175349.43,No injected typology,0
NPI2000004790,DME Supplier,Northeast,95,6.31,315.51,0.79,0.114,0.118,0.045,0.124,0.333,0.311,-0.7,148646.78,No injected typology,0
NPI2000004791,Oncology,Northeast,91,5.82,539.37,0.94,0.136,0.028,0.099,0.007,0.016,0.316,0.48,268989.57,No injected typology,0
NPI2000004792,Home Health,West,80,4.3,207.98,1.12,0.129,0.01,0.123,0.193,0.083,0.014,-0.83,80495.77,No injected typology,0
NPI2000004793,DME Supplier,Midwest,83,7.58,444.37,1.33,0.367,0.015,0.16,0.105,0.087,0.095,0.61,371034.07,No injected typology,0
NPI2000004794,Radiology,West,158,8.01,828.26,1.17,0.239,0.041,0.069,0.034,0.07,0.387,1.11,1226900.03,No injected typology,0
NPI2000004795,Internal Medicine,Northeast,132,5.41,257.43,1.16,0.062,0.016,0.088,0.009,0.096,0.136,0.27,212181.74,No injected typology,0
NPI2000004796,Pain Management,South,395,4.92,243.45,0.67,0.123,0.035,0.089,0.036,0.171,0.25,-1.78,314988.64,No injected typology,0
NPI2000004797,Internal Medicine,South,83,6.1,267.58,0.66,0.218,0.019,0.143,0.634,0.014,0.279,-0.53,89246.35,Impossible frequency,1
NPI2000004798,Internal Medicine,Midwest,112,7.31,160.5,0.98,0.02,0.033,0.075,0.122,0.098,0.078,1.44,128078.73,No injected typology,0
NPI2000004799,Internal Medicine,West,122,5.5,245.63,0.55,0.15,0.032,0.07,0.181,0.112,0.289,0.27,90687.65,No injected typology,0
NPI2000004800,DME Supplier,South,252,8.34,266.9,0.9,0.035,0.013,0.09,0.037,0.171,0.556,-1.44,505322.1,No injected typology,0
NPI2000004801,Orthopedics,West,153,5.66,344.49,0.94,0.321,0.082,0.015,0.015,0.134,0.148,-0.94,279993.13,No injected typology,0
NPI2000004802,Internal Medicine,Midwest,102,9.04,787.25,0.77,0.167,0.054,0.107,0.011,0.13,0.194,0.1,556854.0,No injected typology,0
NPI2000004803,Orthopedics,Northeast,241,5.44,143.03,0.78,0.181,0.023,0.083,0.133,0.094,0.444,-1.75,146910.41,No injected typology,0
NPI2000004804,Oncology,West,228,5.79,672.57,1.08,0.313,0.028,0.089,0.237,0.149,0.222,-1.21,955172.69,No injected typology,0
NPI2000004805,Internal Medicine,South,56,6.41,892.12,1.17,0.705,0.02,0.102,0.033,0.123,0.279,6.6,375485.81,Upcoding,1
NPI2000004806,Internal Medicine,Northeast,324,7.47,221.68,0.67,0.042,0.077,0.111,0.038,0.12,0.151,-0.94,359038.84,No injected typology,0
NPI2000004807,Lab,Midwest,209,7.78,611.53,1.3,0.178,0.022,0.19,0.016,0.023,0.231,0.62,1294029.78,No injected typology,0
NPI2000004808,Cardiology,West,165,6.26,173.07,0.79,0.033,0.039,0.104,0.197,0.047,0.206,-1.07,140710.12,No injected typology,0
NPI2000004809,Home Health,Northeast,203,8.34,526.92,1.23,0.284,0.005,0.085,0.046,0.378,0.111,-2.09,1101693.25,No injected typology,0
NPI2000004810,Internal Medicine,Midwest,897,6.06,149.81,0.73,0.15,0.008,0.066,0.08,0.174,0.299,0.94,597500.43,No injected typology,0
NPI2000004811,Internal Medicine,South,215,5.94,274.89,1.05,0.093,0.018,0.118,0.058,0.121,0.233,-0.82,368112.41,No injected typology,0
NPI2000004812,Home Health,West,138,4.79,625.57,1.18,0.079,0.027,0.115,0.087,0.179,0.085,0.15,489986.81,No injected typology,0
NPI2000004813,Radiology,West,127,8.35,144.72,0.84,0.194,0.008,0.277,0.022,0.217,0.318,-0.52,129494.09,No injected typology,0
NPI2000004814,Cardiology,South,101,6.07,209.22,1.19,0.259,0.077,0.087,0.047,0.101,0.269,-1.85,152796.76,No injected typology,0
NPI2000004815,Pain Management,West,444,6.52,719.16,1.33,0.168,0.024,0.008,0.051,0.101,0.04,-0.03,2758558.25,No injected typology,0
NPI2000004816,Internal Medicine,Northeast,726,5.47,355.48,1.13,0.391,0.05,0.271,0.055,0.17,0.096,1.65,1598585.9,No injected typology,0
NPI2000004817,Lab,Midwest,292,6.33,308.97,1.37,0.099,0.115,0.152,0.048,0.087,0.252,-0.93,782690.6,No injected typology,0
NPI2000004818,Internal Medicine,Northeast,232,8.27,523.3,1.23,0.434,0.008,0.012,0.024,0.244,0.096,-0.99,1239457.24,No injected typology,0
NPI2000004819,DME Supplier,Midwest,457,8.78,261.39,1.16,0.129,0.051,0.079,0.075,0.006,0.381,0.77,1215760.17,No injected typology,0
NPI2000004820,Oncology,Northeast,109,7.68,111.23,0.63,0.197,0.011,0.033,0.042,0.089,0.491,0.02,59132.84,No injected typology,0
NPI2000004821,Cardiology,South,180,5.69,746.41,1.22,0.085,0.068,0.062,0.112,0.03,0.372,0.46,930409.33,No injected typology,0
NPI2000004822,Radiology,Midwest,254,7.6,300.09,1.11,0.088,0.043,0.039,0.007,0.183,0.719,-0.04,643642.49,No injected typology,0
NPI2000004823,Pain Management,Northeast,176,6.55,393.98,0.87,0.226,0.009,0.275,0.011,0.15,0.732,0.79,393054.74,No injected typology,0
NPI2000004824,Lab,West,257,5.3,763.0,0.66,0.15,0.014,0.022,0.026,0.034,0.518,-0.19,687882.8,No injected typology,0
NPI2000004825,Lab,South,81,6.21,262.2,1.43,0.179,0.011,0.009,0.019,0.036,0.346,0.4,188852.04,No injected typology,0
NPI2000004826,Pain Management,Northeast,49,5.11,538.47,1.04,0.261,0.097,0.117,0.04,0.139,0.381,0.01,140482.28,No injected typology,0
NPI2000004827,Pain Management,Northeast,174,5.69,307.2,0.76,0.229,0.036,0.143,0.069,0.271,0.203,-0.32,229814.99,No injected typology,0
NPI2000004828,Radiology,West,117,5.06,432.79,0.67,0.12,0.021,0.03,0.093,0.222,0.241,0.3,171912.63,No injected typology,0
NPI2000004829,Radiology,Northeast,364,5.1,160.36,0.67,0.157,0.111,0.07,0.035,0.228,0.129,-0.48,198597.72,No injected typology,0
NPI2000004830,Orthopedics,Northeast,245,7.52,211.37,0.89,0.093,0.005,0.16,0.505,0.036,0.332,-0.38,345547.48,Impossible frequency,1
NPI2000004831,Oncology,West,67,8.56,432.56,0.57,0.169,0.042,0.11,0.062,0.125,0.127,1.46,141059.76,No injected typology,0
NPI2000004832,Pain Management,South,227,5.52,788.22,0.56,0.208,0.006,0.092,0.111,0.061,0.367,-1.46,549434.74,No injected typology,0
NPI2000004833,Cardiology,South,106,5.31,743.59,0.96,0.047,0.073,0.093,0.016,0.252,0.232,0.23,402429.78,No injected typology,0
NPI2000004834,Orthopedics,Northeast,30,4.77,173.37,0.97,0.472,0.065,0.112,0.016,0.081,0.452,-0.45,24016.62,No injected typology,0
NPI2000004835,Orthopedics,South,576,8.72,267.09,0.98,0.167,0.019,0.056,0.034,0.032,0.297,0.67,1315286.61,No injected typology,0
NPI2000004836,Pain Management,Midwest,278,5.17,476.59,1.41,0.324,0.028,0.231,0.007,0.097,0.213,0.63,968530.23,No injected typology,0
NPI2000004837,Orthopedics,South,118,6.93,335.24,0.73,0.17,0.001,0.098,0.055,0.069,0.509,0.49,200817.14,No injected typology,0
NPI2000004838,Pain Management,Northeast,141,6.38,296.11,0.78,0.146,0.019,0.059,0.066,0.079,0.339,0.25,207084.21,No injected typology,0
NPI2000004839,Oncology,South,443,5.43,601.76,1.14,0.475,0.023,0.24,0.056,0.08,0.312,0.65,1652131.99,No injected typology,0
NPI2000004840,Oncology,South,227,7.51,259.48,0.72,0.027,0.006,0.054,0.043,0.093,0.261,0.09,318829.8,No injected typology,0
NPI2000004841,Cardiology,South,853,8.3,145.81,1.24,0.096,0.009,0.147,0.122,0.09,0.307,-0.46,1280822.84,No injected typology,0
NPI2000004842,Cardiology,South,178,5.76,446.61,1.1,0.368,0.064,0.053,0.028,0.145,0.131,0.15,503401.57,No injected typology,0
NPI2000004843,Orthopedics,South,84,6.56,806.69,0.81,0.222,0.069,0.054,0.05,0.077,0.056,-0.1,360017.1,No injected typology,0
NPI2000004844,Cardiology,West,155,7.34,221.88,1.37,0.123,0.006,0.015,0.062,0.238,0.418,-1.14,347139.93,No injected typology,0
NPI2000004845,Cardiology,West,336,4.93,602.19,0.69,0.192,0.011,0.062,0.102,0.08,0.092,-0.18,692943.12,No injected typology,0
NPI2000004846,Pain Management,Midwest,242,3.64,531.86,1.1,0.337,0.032,0.566,0.039,0.056,0.341,0.3,514946.51,No injected typology,0
NPI2000004847,Orthopedics,West,126,5.95,633.46,1.55,0.304,0.014,0.164,0.007,0.041,0.514,-0.08,737632.64,No injected typology,0
NPI2000004848,Internal Medicine,South,96,6.12,497.69,1.04,0.175,0.06,0.119,0.037,0.154,0.297,-0.0,304873.75,No injected typology,0
NPI2000004849,DME Supplier,Northeast,206,6.06,432.06,1.09,0.396,0.049,0.232,0.037,0.254,0.339,0.52,585955.59,No injected typology,0
NPI2000004850,Pain Management,Midwest,305,5.61,288.82,1.21,0.056,0.07,0.174,0.044,0.075,0.261,-1.32,600546.92,No injected typology,0
NPI2000004851,Oncology,South,529,6.79,188.59,1.18,0.161,0.029,0.107,0.052,0.16,0.148,0.64,797892.97,No injected typology,0
NPI2000004852,Lab,South,66,5.57,274.56,0.92,0.218,0.091,0.231,0.061,0.135,0.144,0.37,92972.04,No injected typology,0
NPI2000004853,Home Health,Midwest,100,7.66,280.04,0.99,0.251,0.05,0.138,0.047,0.045,0.235,-0.26,211171.54,No injected typology,0
NPI2000004854,DME Supplier,Midwest,186,7.25,233.56,1.15,0.317,0.071,0.079,0.016,0.099,0.403,-0.03,363672.53,No injected typology,0
NPI2000004855,Internal Medicine,Northeast,159,7.28,291.28,1.21,0.309,0.098,0.025,0.066,0.163,0.092,0.35,408249.46,No injected typology,0
NPI2000004856,Home Health,Midwest,126,7.28,254.29,1.01,0.117,0.013,0.023,0.016,0.045,0.199,-0.9,235913.77,No injected typology,0
NPI2000004857,Oncology,West,209,5.96,245.35,1.04,0.299,0.044,0.073,0.05,0.089,0.204,0.52,318300.73,No injected typology,0
NPI2000004858,Oncology,Midwest,89,9.01,434.26,1.24,0.172,0.03,0.025,0.033,0.074,0.362,-1.71,431908.51,No injected typology,0
NPI2000004859,Oncology,South,39,8.39,561.8,1.27,0.301,0.041,0.047,0.061,0.066,0.195,-0.83,232597.45,No injected typology,0
NPI2000004860,Radiology,West,366,3.32,360.96,1.01,0.103,0.012,0.01,0.013,0.089,0.144,-0.04,443574.4,No injected typology,0
NPI2000004861,Orthopedics,West,116,7.33,673.53,0.98,0.044,0.097,0.073,0.013,0.243,0.07,-0.49,563291.4,No injected typology,0
NPI2000004862,Internal Medicine,West,102,6.92,270.88,1.35,0.51,0.078,0.154,0.167,0.13,0.116,-1.18,258423.46,No injected typology,0
NPI2000004863,Cardiology,Northeast,253,5.42,260.35,1.07,0.256,0.01,0.022,0.019,0.083,0.189,-0.43,381418.68,No injected typology,0
NPI2000004864,Orthopedics,South,226,7.26,252.54,0.59,0.365,0.017,0.102,0.159,0.404,0.106,-1.18,245713.25,No injected typology,0
NPI2000004865,Internal Medicine,West,90,8.68,236.5,0.92,0.172,0.001,0.096,0.176,0.039,0.478,-0.22,169703.02,No injected typology,0
NPI2000004866,Cardiology,South,319,6.21,298.6,1.22,0.285,0.164,0.15,0.046,0.024,0.04,-0.5,720007.75,No injected typology,0
NPI2000004867,Oncology,South,138,6.37,219.17,0.76,0.813,0.006,0.298,0.142,0.091,0.225,1.46,146673.34,Upcoding,1
NPI2000004868,Radiology,Midwest,202,7.39,586.06,1.26,0.133,0.004,0.014,0.028,0.057,0.343,0.11,1102101.35,No injected typology,0
NPI2000004869,Radiology,Midwest,181,9.66,306.47,1.26,0.238,0.124,0.097,0.107,0.007,0.324,-0.33,675527.44,No injected typology,0
NPI2000004870,Internal Medicine,Midwest,298,5.3,454.79,1.05,0.666,0.101,0.076,0.081,0.265,0.11,4.47,752150.34,Upcoding,1
NPI2000004871,Pain Management,South,305,4.76,352.97,0.77,0.4,0.004,0.043,0.007,0.121,0.365,-1.05,397397.67,No injected typology,0
NPI2000004872,Pain Management,Northeast,165,5.94,266.75,1.34,0.032,0.014,0.106,0.045,0.078,0.187,-1.73,351130.26,No injected typology,0
NPI2000004873,Oncology,Northeast,157,5.04,520.73,0.91,0.033,0.007,0.144,0.018,0.22,0.127,-0.22,375791.57,No injected typology,0
NPI2000004874,Home Health,South,487,7.03,326.05,1.3,0.199,0.008,0.247,0.054,0.064,0.037,2.44,1451065.14,No injected typology,0
NPI2000004875,Cardiology,Midwest,101,7.71,373.81,1.2,0.274,0.018,0.176,0.042,0.085,0.3,-1.31,350087.61,No injected typology,0
NPI2000004876,Cardiology,Midwest,75,5.21,465.42,0.8,0.048,0.006,0.039,0.003,0.107,0.424,-0.56,145863.73,No injected typology,0
NPI2000004877,Internal Medicine,South,160,7.84,161.22,1.22,0.191,0.004,0.018,0.05,0.138,0.25,0.1,246544.05,No injected typology,0
NPI2000004878,Pain Management,Midwest,93,6.07,340.28,0.7,0.304,0.047,0.187,0.022,0.363,0.266,1.26,133996.59,No injected typology,0
NPI2000004879,Home Health,South,130,2.65,303.5,1.32,0.019,0.016,0.04,0.136,0.086,0.297,-0.08,138310.21,No injected typology,0
NPI2000004880,Orthopedics,South,263,8.89,236.44,1.31,0.321,0.015,0.175,0.11,0.13,0.541,-0.96,725464.76,No injected typology,0
NPI2000004881,Oncology,Northeast,943,7.75,941.21,1.27,0.2,0.136,0.194,0.085,0.113,0.085,0.16,8707151.01,No injected typology,0
NPI2000004882,Radiology,West,300,6.84,825.67,0.92,0.825,0.012,0.138,0.237,0.046,0.108,4.26,1553009.48,Upcoding,1
NPI2000004883,DME Supplier,West,116,5.5,432.8,1.06,0.158,0.105,0.116,0.065,0.298,0.073,-0.36,292312.73,No injected typology,0
NPI2000004884,Orthopedics,Northeast,115,5.11,291.64,1.07,0.307,0.106,0.05,0.091,0.254,0.388,-0.47,183683.85,No injected typology,0
NPI2000004885,Home Health,Midwest,82,7.54,200.56,0.95,0.407,0.128,0.109,0.109,0.094,0.25,-2.57,118097.88,No injected typology,0
NPI2000004886,Home Health,South,199,6.23,437.45,0.88,0.772,0.037,0.104,0.004,0.117,0.358,4.93,479834.43,Upcoding,1
NPI2000004887,Radiology,South,483,5.92,308.52,0.85,0.083,0.017,0.048,0.073,0.058,0.318,0.13,748808.09,No injected typology,0
NPI2000004888,Cardiology,Northeast,177,5.42,219.63,0.82,0.124,0.424,0.117,0.107,0.084,0.017,-0.46,172382.84,Duplicate billing,1
NPI2000004889,Orthopedics,Northeast,77,5.24,202.69,0.89,0.311,0.023,0.15,0.091,0.184,0.026,1.54,72753.7,No injected typology,0
NPI2000004890,Cardiology,South,533,6.18,585.03,0.97,0.28,0.046,0.069,0.075,0.127,0.154,0.01,1862695.18,No injected typology,0
NPI2000004891,Internal Medicine,Northeast,221,5.66,511.26,1.19,0.02,0.046,0.092,0.017,0.071,0.405,0.46,761543.0,No injected typology,0
NPI2000004892,Cardiology,South,146,6.06,345.62,1.04,0.228,0.035,0.114,0.15,0.004,0.442,-0.4,317484.06,No injected typology,0
NPI2000004893,Cardiology,West,348,6.65,382.83,0.95,0.067,0.05,0.171,0.035,0.032,0.193,0.78,844785.85,No injected typology,0
NPI2000004894,Cardiology,West,184,8.54,692.94,0.7,0.178,0.03,0.259,0.041,0.183,0.142,-0.16,767091.34,No injected typology,0
NPI2000004895,Pain Management,South,163,8.72,228.95,0.92,0.243,0.014,0.038,0.052,0.037,0.458,0.67,298408.27,No injected typology,0
NPI2000004896,Orthopedics,Northeast,106,4.14,393.95,1.24,0.047,0.021,0.128,0.075,0.137,0.114,0.62,214507.63,No injected typology,0
NPI2000004897,Radiology,Northeast,74,7.22,341.93,0.94,0.312,0.064,0.066,0.069,0.083,0.04,-1.44,171326.18,No injected typology,0
NPI2000004898,Cardiology,Midwest,123,7.85,321.5,1.04,0.648,0.036,0.1,0.56,0.131,0.358,-0.91,322396.25,Impossible frequency,1
NPI2000004899,Radiology,West,391,5.31,494.42,1.03,0.206,0.076,0.548,0.011,0.043,0.32,2.85,1055142.79,Unbundling/modifier abuse,1
NPI2000004900,Lab,South,205,4.14,564.39,1.05,0.084,0.004,0.066,0.021,0.179,0.238,0.02,501739.15,No injected typology,0
NPI2000004901,Pain Management,South,217,5.35,209.84,1.33,0.224,0.005,0.073,0.06,0.015,0.321,0.97,323054.18,No injected typology,0
NPI2000004902,Lab,Northeast,67,4.66,214.72,1.04,0.208,0.04,0.108,0.003,0.066,0.218,-1.76,69419.91,No injected typology,0
NPI2000004903,Internal Medicine,South,975,5.27,353.6,0.85,0.269,0.033,0.186,0.034,0.075,0.097,0.07,1546050.73,No injected typology,0
NPI2000004904,Cardiology,Midwest,132,3.07,341.08,1.25,0.018,0.054,0.005,0.057,0.149,0.471,1.27,172863.99,No injected typology,0
NPI2000004905,Internal Medicine,Midwest,192,4.8,243.95,0.64,0.319,0.079,0.029,0.026,0.17,0.334,-0.43,142901.96,No injected typology,0
NPI2000004906,Pain Management,West,526,5.38,315.76,0.84,0.137,0.076,0.099,0.006,0.095,0.29,-0.24,746833.36,No injected typology,0
NPI2000004907,Orthopedics,Midwest,176,3.03,390.07,0.76,0.014,0.145,0.139,0.091,0.101,0.096,-1.08,158731.85,No injected typology,0
NPI2000004908,Pain Management,South,45,7.13,493.99,0.74,0.085,0.041,0.134,0.039,0.055,0.247,-0.0,117148.12,No injected typology,0
NPI2000004909,Cardiology,Midwest,268,6.01,257.77,1.04,0.447,0.01,0.185,0.016,0.075,0.121,0.3,430426.77,No injected typology,0
NPI2000004910,Internal Medicine,Northeast,71,7.15,302.23,1.27,0.343,0.054,0.079,0.048,0.109,0.759,-0.49,194555.78,No injected typology,0
NPI2000004911,Radiology,Northeast,154,5.23,352.59,1.07,0.183,0.026,0.136,0.732,0.122,0.262,1.0,302840.86,Impossible frequency,1
NPI2000004912,Oncology,Midwest,203,6.58,380.38,1.18,0.181,0.01,0.165,0.018,0.073,0.389,0.1,600988.52,No injected typology,0
NPI2000004913,Internal Medicine,Northeast,416,6.84,399.99,1.12,0.341,0.003,0.041,0.001,0.185,0.126,-0.45,1277781.35,No injected typology,0
NPI2000004914,Radiology,Northeast,477,3.67,362.15,1.01,0.334,0.006,0.206,0.138,0.128,0.354,0.98,640207.01,No injected typology,0
NPI2000004915,Orthopedics,Northeast,436,5.33,148.86,0.88,0.135,0.026,0.102,0.022,0.172,0.443,0.8,305700.2,No injected typology,0
NPI2000004916,Radiology,South,128,4.59,247.93,0.6,0.449,0.035,0.126,0.252,0.159,0.127,0.7,87067.7,No injected typology,0
NPI2000004917,Home Health,Midwest,137,4.57,199.91,1.1,0.067,0.03,0.068,0.013,0.044,0.335,-0.73,137660.75,No injected typology,0
NPI2000004918,Radiology,Midwest,232,6.57,288.21,0.9,0.032,0.03,0.124,0.023,0.119,0.181,1.06,394783.35,No injected typology,0
NPI2000004919,Oncology,Northeast,219,6.11,238.29,0.88,0.368,0.071,0.324,0.027,0.116,0.209,-0.91,279386.32,No injected typology,0
NPI2000004920,Cardiology,Northeast,125,5.36,390.92,1.48,0.173,0.02,0.145,0.154,0.019,0.366,0.3,388656.96,No injected typology,0
NPI2000004921,Lab,West,152,4.95,490.62,0.85,0.233,0.029,0.012,0.03,0.154,0.295,-0.28,313506.03,No injected typology,0
NPI2000004922,Cardiology,West,78,7.05,177.49,1.07,0.035,0.037,0.111,0.002,0.064,0.123,-1.19,104455.93,No injected typology,0
NPI2000004923,Radiology,West,121,8.79,266.53,1.27,0.134,0.029,0.045,0.068,0.023,0.633,-0.3,359750.71,No injected typology,0
NPI2000004924,Internal Medicine,South,60,6.83,154.89,1.16,0.134,0.081,0.072,0.066,0.093,0.477,-1.56,73504.17,No injected typology,0
NPI2000004925,Cardiology,West,209,8.17,372.79,0.76,0.164,0.03,0.227,0.194,0.095,0.245,-0.14,485435.02,No injected typology,0
NPI2000004926,Pain Management,South,130,4.57,326.83,1.3,0.157,0.021,0.117,0.738,0.111,0.193,-2.41,253012.98,Impossible frequency,1
NPI2000004927,Cardiology,Northeast,501,5.24,489.6,0.98,0.3,0.088,0.023,0.267,0.034,0.257,0.45,1255330.73,No injected typology,0
NPI2000004928,Lab,South,207,7.35,573.81,1.3,0.331,0.011,0.542,0.037,0.44,0.3,4.93,1134193.75,Unbundling/modifier abuse,1
NPI2000004929,Internal Medicine,South,189,5.78,362.78,1.05,0.144,0.024,0.132,0.024,0.04,0.173,-0.25,415982.92,No injected typology,0
NPI2000004930,Orthopedics,Midwest,202,6.13,194.0,1.05,0.032,0.043,0.087,0.099,0.049,0.109,-0.07,251484.5,No injected typology,0
NPI2000004931,DME Supplier,South,262,8.33,282.25,0.68,0.044,0.005,0.067,0.006,0.122,0.241,-0.49,418086.34,No injected typology,0
NPI2000004932,Lab,South,171,4.85,153.19,0.55,0.197,0.019,0.126,0.004,0.146,0.331,1.42,69914.69,No injected typology,0
NPI2000004933,Oncology,Northeast,73,5.92,1207.59,0.9,0.894,0.017,0.078,0.039,0.024,0.4,6.22,467709.05,Upcoding,1
NPI2000004934,DME Supplier,Northeast,108,6.0,272.45,1.02,0.118,0.096,0.016,0.07,0.075,0.041,0.71,180716.98,No injected typology,0
NPI2000004935,Internal Medicine,South,145,5.18,730.04,0.9,0.371,0.04,0.291,0.011,0.21,0.404,1.32,491868.98,No injected typology,0
NPI2000004936,Cardiology,South,260,8.43,313.19,0.62,0.1,0.064,0.087,0.03,0.152,0.177,0.24,423210.45,No injected typology,0
NPI2000004937,Home Health,South,326,4.95,409.81,0.85,0.947,0.064,0.104,0.049,0.025,0.117,3.64,561575.45,Upcoding,1
NPI2000004938,Internal Medicine,South,341,4.59,362.02,0.66,0.103,0.124,0.072,0.129,0.047,0.136,0.95,376382.24,No injected typology,0
NPI2000004939,Lab,South,217,4.98,234.55,1.22,0.21,0.059,0.062,0.097,0.107,0.052,-1.3,307991.93,No injected typology,0
NPI2000004940,Lab,South,224,8.3,656.83,0.98,0.116,0.035,0.085,0.53,0.158,0.44,-0.16,1196091.58,Impossible frequency,1
NPI2000004941,Radiology,Midwest,101,5.73,472.33,1.15,0.021,0.012,0.011,0.098,0.14,0.514,0.16,314909.33,No injected typology,0
NPI2000004942,Oncology,Northeast,471,7.66,382.76,1.2,0.32,0.05,0.084,0.1,0.178,0.098,1.6,1664219.55,No injected typology,0
NPI2000004943,Pain Management,South,104,7.38,379.96,0.73,0.219,0.008,0.041,0.056,0.156,0.07,-0.13,213909.98,No injected typology,0
NPI2000004944,Oncology,West,112,5.75,354.05,1.18,0.126,0.021,0.126,0.068,0.053,0.031,0.82,269841.81,No injected typology,0
NPI2000004945,Internal Medicine,South,193,5.27,197.9,0.82,0.173,0.082,0.149,0.042,0.054,0.211,0.36,164185.2,No injected typology,0
NPI2000004946,Cardiology,Northeast,178,7.16,192.51,0.95,0.263,0.02,0.24,0.017,0.039,0.351,0.11,232988.84,No injected typology,0
NPI2000004947,DME Supplier,South,126,4.02,179.73,0.95,0.195,0.057,0.163,0.049,0.176,0.474,-1.93,86318.83,No injected typology,0
NPI2000004948,Lab,Northeast,207,5.08,462.45,0.87,0.195,0.035,0.112,0.026,0.193,0.038,1.53,421352.68,No injected typology,0
NPI2000004949,Internal Medicine,South,280,3.65,299.06,1.22,0.15,0.017,0.013,0.009,0.171,0.379,-1.0,372397.81,No injected typology,0
NPI2000004950,Lab,West,259,5.22,334.3,0.92,0.114,0.072,0.125,0.006,0.119,0.189,0.59,416197.63,No injected typology,0
NPI2000004951,Orthopedics,West,65,6.94,352.79,1.24,0.19,0.069,0.206,0.092,0.105,0.33,-1.55,196583.73,No injected typology,0
NPI2000004952,Lab,South,175,5.96,588.03,1.25,0.301,0.006,0.495,0.013,0.189,0.328,4.94,764971.25,Unbundling/modifier abuse,1
NPI2000004953,Lab,Northeast,82,7.01,393.97,0.55,0.063,0.025,0.308,0.075,0.035,0.392,0.3,124498.42,No injected typology,0
NPI2000004954,Lab,Midwest,137,5.13,566.81,0.99,0.405,0.02,0.024,0.136,0.115,0.281,0.8,394542.08,No injected typology,0
NPI2000004955,DME Supplier,Midwest,344,5.77,436.63,1.11,0.396,0.006,0.041,0.048,0.085,0.21,-1.28,957783.24,No injected typology,0
NPI2000004956,Internal Medicine,Midwest,206,6.74,419.19,1.04,0.088,0.033,0.067,0.066,0.105,0.451,-0.07,605513.4,No injected typology,0
NPI2000004957,Cardiology,Midwest,51,5.6,239.6,1.05,0.246,0.059,0.232,0.003,0.123,0.105,0.73,71859.92,No injected typology,0
NPI2000004958,Orthopedics,West,120,4.45,494.81,0.87,0.436,0.077,0.113,0.003,0.124,0.298,0.43,228703.69,No injected typology,0
NPI2000004959,Home Health,South,430,6.09,696.92,0.73,0.152,0.035,0.697,0.082,0.158,0.186,3.36,1327816.87,Unbundling/modifier abuse,1
NPI2000004960,Orthopedics,West,186,4.76,174.0,1.18,0.081,0.048,0.034,0.054,0.097,0.085,-0.29,181112.35,No injected typology,0
NPI2000004961,Pain Management,South,108,7.56,928.32,1.48,0.668,0.048,0.043,0.02,0.183,0.158,5.08,1123955.41,Upcoding,1
NPI2000004962,Orthopedics,Midwest,271,7.25,421.83,1.31,0.72,0.358,0.006,0.009,0.066,0.305,3.12,1088701.5,Upcoding,1
NPI2000004963,Home Health,South,209,5.55,225.46,0.83,0.075,0.011,0.024,0.004,0.112,0.162,-0.28,218030.17,No injected typology,0
NPI2000004964,Internal Medicine,South,203,7.39,436.17,1.06,0.365,0.02,0.062,0.017,0.088,0.103,0.09,694866.54,No injected typology,0
NPI2000004965,Orthopedics,West,631,7.56,670.55,0.74,0.316,0.004,0.164,0.05,0.1,0.105,0.78,2378734.65,No injected typology,0
NPI2000004966,Lab,Northeast,808,5.69,282.84,1.47,0.24,0.036,0.156,0.009,0.269,0.181,0.08,1907050.56,No injected typology,0
NPI2000004967,Cardiology,South,140,4.78,623.55,1.24,0.163,0.089,0.202,0.012,0.172,0.482,-1.0,519089.57,No injected typology,0
NPI2000004968,Pain Management,West,145,4.64,276.85,0.87,0.36,0.02,0.097,0.029,0.115,0.144,0.25,161935.24,No injected typology,0
NPI2000004969,Radiology,Northeast,209,5.96,420.91,1.08,0.107,0.021,0.25,0.018,0.165,0.041,-0.67,566842.63,No injected typology,0
NPI2000004970,Home Health,Northeast,85,5.29,712.59,0.81,0.119,0.072,0.112,0.009,0.096,0.181,1.26,259565.58,No injected typology,0
NPI2000004971,Pain Management,Midwest,185,7.76,412.99,0.85,0.05,0.033,0.032,0.033,0.086,0.358,-0.61,505110.89,No injected typology,0
NPI2000004972,Internal Medicine,South,98,5.29,517.2,1.04,0.114,0.02,0.176,0.059,0.056,0.25,-0.56,280129.35,No injected typology,0
NPI2000004973,Lab,South,117,4.31,108.6,1.11,0.166,0.077,0.26,0.19,0.077,0.554,-0.12,60808.21,No injected typology,0
NPI2000004974,Oncology,South,66,5.11,222.01,1.12,0.109,0.025,0.077,0.005,0.02,0.257,1.29,83994.93,No injected typology,0
NPI2000004975,Radiology,Midwest,432,7.01,243.25,0.76,0.073,0.017,0.156,0.034,0.157,0.327,-0.19,559508.44,No injected typology,0
NPI2000004976,Radiology,West,69,5.71,377.77,1.3,0.171,0.37,0.113,0.024,0.293,0.172,0.45,193537.94,Duplicate billing,1
NPI2000004977,Lab,Northeast,71,2.42,251.09,1.67,0.183,0.103,0.121,0.168,0.162,0.171,-0.08,72244.02,No injected typology,0
NPI2000004978,Lab,Midwest,172,3.4,398.0,0.62,0.109,0.074,0.012,0.004,0.129,0.138,0.95,144060.18,No injected typology,0
NPI2000004979,Pain Management,Midwest,75,7.08,379.1,1.15,0.119,0.009,0.025,0.05,0.147,0.33,-0.99,230898.47,No injected typology,0
NPI2000004980,Orthopedics,Midwest,154,7.08,296.34,1.06,0.196,0.352,0.097,0.093,0.192,0.16,0.21,341797.38,Duplicate billing,1
NPI2000004981,Pain Management,Northeast,112,8.56,191.31,1.06,0.077,0.011,0.043,0.027,0.032,0.203,-0.19,194363.49,No injected typology,0
NPI2000004982,Internal Medicine,West,118,3.84,673.82,0.95,0.085,0.014,0.046,0.035,0.055,0.283,-1.06,289242.63,No injected typology,0
NPI2000004983,Internal Medicine,West,261,9.21,546.66,1.05,0.133,0.061,0.061,0.103,0.071,0.565,-0.62,1385744.28,No injected typology,0
NPI2000004984,Home Health,South,444,6.93,240.22,1.1,0.141,0.057,0.025,0.083,0.195,0.196,-1.09,816139.26,No injected typology,0
NPI2000004985,Radiology,West,166,7.27,312.2,1.05,0.46,0.077,0.012,0.161,0.146,0.153,-0.05,396621.65,No injected typology,0
NPI2000004986,Home Health,Midwest,120,4.51,281.82,0.95,0.335,0.003,0.204,0.113,0.229,0.423,-1.81,144366.81,No injected typology,0
NPI2000004987,DME Supplier,West,184,6.18,333.46,1.26,0.138,0.014,0.053,0.038,0.1,0.409,0.64,478791.33,No injected typology,0
NPI2000004988,Internal Medicine,South,153,8.1,287.14,1.06,0.208,0.027,0.112,0.062,0.175,0.584,-1.46,375906.49,No injected typology,0
NPI2000004989,Orthopedics,West,125,6.86,378.82,1.4,0.174,0.034,0.013,0.021,0.048,0.489,-1.39,454817.19,No injected typology,0
NPI2000004990,Oncology,South,100,6.56,421.81,1.18,0.328,0.01,0.202,0.089,0.085,0.079,-0.35,325526.11,No injected typology,0
NPI2000004991,Oncology,Northeast,139,8.63,269.58,0.59,0.268,0.051,0.097,0.024,0.228,0.131,0.5,190452.42,No injected typology,0
NPI2000004992,Cardiology,South,110,5.2,469.87,0.75,1.0,0.003,0.077,0.045,0.065,0.437,3.5,200577.36,Upcoding,1
NPI2000004993,Orthopedics,Midwest,154,6.9,631.65,1.19,0.762,0.08,0.13,0.04,0.065,0.073,3.03,797935.11,Upcoding,1
NPI2000004994,Internal Medicine,South,123,6.51,332.9,0.55,0.26,0.053,0.075,0.051,0.018,0.022,-2.31,146704.37,No injected typology,0
NPI2000004995,Orthopedics,Midwest,318,7.98,424.21,1.18,0.901,0.015,0.085,0.066,0.046,0.529,4.38,1267812.41,Upcoding,1
NPI2000004996,Pain Management,West,178,7.48,181.47,0.66,0.22,0.024,0.044,0.12,0.068,0.177,1.57,159938.82,No injected typology,0
NPI2000004997,Cardiology,West,160,7.14,291.3,1.36,0.233,0.142,0.107,0.103,0.075,0.212,0.75,452920.12,No injected typology,0
NPI2000004998,Lab,South,555,3.57,420.89,1.03,0.217,0.033,0.126,0.064,0.191,0.179,-0.01,862932.53,No injected typology,0
NPI2000004999,Internal Medicine,West,611,6.12,329.54,1.33,0.103,0.077,0.075,0.058,0.289,0.332,0.21,1634589.35,No injected typology,0
NPI2000005000,Pain Management,South,167,6.86,509.94,0.86,0.336,0.006,0.17,0.048,0.077,0.219,0.36,505541.03,No injected typology,0
NPI2000005001,Internal Medicine,Midwest,139,6.68,176.98,1.34,0.062,0.026,0.057,0.111,0.036,0.071,-2.06,219958.67,No injected typology,0
NPI2000005002,Orthopedics,West,92,1.62,318.09,0.88,0.062,0.005,0.051,0.011,0.182,0.335,0.6,41561.06,No injected typology,0
NPI2000005003,Radiology,West,211,4.46,602.64,0.88,0.035,0.065,0.07,0.125,0.104,0.262,-0.32,498230.92,No injected typology,0
NPI2000005004,Internal Medicine,Northeast,126,6.96,222.88,1.0,0.158,0.05,0.071,0.043,0.087,0.501,-0.35,196107.21,No injected typology,0
NPI2000005005,DME Supplier,South,264,7.48,636.19,0.89,0.488,0.106,0.124,0.11,0.549,0.278,2.73,1122833.58,DME aberrancy,1
NPI2000005006,DME Supplier,Northeast,331,6.88,249.99,0.93,0.178,0.004,0.009,0.02,0.281,0.178,1.05,530153.89,No injected typology,0
NPI2000005007,DME Supplier,Northeast,108,4.8,171.59,0.77,0.239,0.057,0.109,0.115,0.134,0.069,0.31,68658.06,No injected typology,0
NPI2000005008,Pain Management,Northeast,247,7.24,441.74,0.83,0.157,0.039,0.036,0.16,0.062,0.272,-0.24,654816.71,No injected typology,0
NPI2000005009,Home Health,West,203,7.58,384.13,1.09,0.223,0.019,0.147,0.07,0.072,0.165,1.1,644586.73,No injected typology,0
NPI2000005010,Cardiology,Northeast,30,6.53,219.76,0.98,0.226,0.002,0.021,0.175,0.176,0.219,0.34,42151.94,No injected typology,0
NPI2000005011,Cardiology,Northeast,93,5.66,527.9,1.06,0.349,0.028,0.259,0.002,0.023,0.544,-1.22,295028.55,No injected typology,0
NPI2000005012,Radiology,West,183,6.38,140.02,0.87,0.219,0.056,0.114,0.014,0.05,0.515,-1.25,141927.51,No injected typology,0
NPI2000005013,Internal Medicine,Northeast,128,7.7,275.31,1.3,0.052,0.017,0.108,0.084,0.078,0.232,0.19,353025.99,No injected typology,0
NPI2000005014,Lab,South,138,4.07,737.66,1.05,0.18,0.014,0.017,0.03,0.055,0.322,0.39,434544.37,No injected typology,0
NPI2000005015,Lab,Midwest,191,5.45,257.5,1.0,0.079,0.014,0.188,0.183,0.159,0.409,0.26,268239.29,No injected typology,0
NPI2000005016,DME Supplier,South,108,8.83,507.16,0.89,0.367,0.002,0.075,0.116,0.156,0.406,0.37,431382.68,No injected typology,0
NPI2000005017,Cardiology,Northeast,300,7.19,455.03,1.07,0.236,0.36,0.062,0.083,0.178,0.154,-0.86,1053800.6,Duplicate billing,1
NPI2000005018,Pain Management,South,186,8.08,512.74,1.13,0.248,0.005,0.23,0.006,0.096,0.375,0.3,868818.55,No injected typology,0
NPI2000005019,DME Supplier,Northeast,173,9.19,219.28,1.37,0.106,0.018,0.102,0.022,0.018,0.238,0.36,476083.74,No injected typology,0
NPI2000005020,Home Health,Midwest,78,8.31,1273.74,1.4,0.273,0.029,0.088,0.162,0.057,0.221,-1.64,1153238.11,No injected typology,0
NPI2000005021,Oncology,South,297,5.99,384.47,0.87,0.108,0.02,0.015,0.093,0.175,0.312,-1.08,594942.54,No injected typology,0
NPI2000005022,Orthopedics,Northeast,334,4.65,420.75,1.06,0.252,0.026,0.053,0.012,0.159,0.423,-0.6,695392.04,No injected typology,0
NPI2000005023,Cardiology,Northeast,146,6.12,260.95,1.13,0.016,0.115,0.015,0.031,0.024,0.064,0.42,262741.61,No injected typology,0
NPI2000005024,Cardiology,South,214,5.72,280.5,1.15,0.129,0.028,0.061,0.186,0.028,0.064,-2.97,394297.7,No injected typology,0
NPI2000005025,Oncology,West,122,3.56,221.33,0.81,0.074,0.037,0.424,0.11,0.245,0.545,0.62,78106.21,No injected typology,0
NPI2000005026,Cardiology,Northeast,126,6.79,401.97,1.11,0.196,0.009,0.03,0.235,0.094,0.394,-0.27,381655.06,No injected typology,0
NPI2000005027,Cardiology,Northeast,243,4.79,792.73,1.16,0.128,0.081,0.192,0.139,0.034,0.296,0.1,1072309.83,No injected typology,0
NPI2000005028,Internal Medicine,Northeast,126,7.97,628.98,1.16,0.072,0.047,0.193,0.278,0.175,0.259,-1.83,735531.88,No injected typology,0
NPI2000005029,Home Health,Northeast,164,7.02,410.92,1.16,0.101,0.079,0.104,0.03,0.076,0.266,-0.23,548976.8,No injected typology,0
NPI2000005030,Pain Management,South,224,7.16,310.82,1.01,0.431,0.325,0.046,0.047,0.105,0.399,0.86,505880.85,Duplicate billing,1
NPI2000005031,Lab,West,93,5.59,476.27,0.9,0.217,0.041,0.119,0.025,0.038,0.243,-0.26,222524.31,No injected typology,0
NPI2000005032,Home Health,South,269,4.47,422.34,0.93,0.344,0.004,0.05,0.028,0.178,0.216,1.88,471185.88,No injected typology,0
NPI2000005033,Home Health,Northeast,63,3.97,166.53,0.99,0.245,0.058,0.108,0.047,0.024,0.07,-1.13,41179.87,No injected typology,0
NPI2000005034,Home Health,Midwest,108,4.76,231.84,1.18,0.305,0.052,0.396,0.033,0.104,0.24,-1.35,141060.41,No injected typology,0
NPI2000005035,Pain Management,South,339,5.51,208.23,1.5,0.328,0.048,0.028,0.005,0.185,0.506,-1.02,582214.7,No injected typology,0
NPI2000005036,Cardiology,South,304,7.64,443.37,1.1,0.131,0.006,0.045,0.055,0.169,0.088,-0.84,1131699.42,No injected typology,0
NPI2000005037,Internal Medicine,South,172,2.82,221.43,1.04,0.218,0.05,0.2,0.006,0.134,0.57,-1.56,111557.32,No injected typology,0
NPI2000005038,Orthopedics,South,164,6.12,385.37,1.14,0.292,0.012,0.111,0.003,0.082,0.081,1.08,440708.36,No injected typology,0
NPI2000005039,Internal Medicine,Midwest,197,7.36,617.83,0.99,0.807,0.016,0.023,0.001,0.236,0.124,2.99,884375.38,Upcoding,1
NPI2000005040,Cardiology,Northeast,127,2.42,245.1,0.74,0.052,0.018,0.054,0.017,0.065,0.137,1.47,55642.83,No injected typology,0
NPI2000005041,Orthopedics,Northeast,181,5.02,358.49,1.12,0.066,0.061,0.192,0.022,0.066,0.015,0.12,365217.17,No injected typology,0
NPI2000005042,DME Supplier,South,304,6.38,411.7,1.08,0.29,0.057,0.009,0.075,0.044,0.171,-0.27,859148.86,No injected typology,0
NPI2000005043,Orthopedics,West,219,4.51,101.44,1.38,0.02,0.139,0.044,0.22,0.199,0.566,-1.23,137829.43,No injected typology,0
NPI2000005044,Cardiology,South,96,6.19,418.29,1.06,0.015,0.012,0.147,0.093,0.046,0.435,1.07,264046.6,No injected typology,0
NPI2000005045,Radiology,South,101,6.0,295.19,1.3,0.175,0.082,0.069,0.054,0.063,0.045,-0.34,232442.16,No injected typology,0
NPI2000005046,Cardiology,South,62,7.62,169.48,1.22,0.335,0.047,0.091,0.11,0.01,0.364,-0.0,97401.2,No injected typology,0
NPI2000005047,Orthopedics,South,347,4.44,391.99,1.04,0.152,0.05,0.01,0.045,0.097,0.27,0.86,630542.99,No injected typology,0
NPI2000005048,Cardiology,Northeast,309,7.71,555.58,1.23,0.235,0.04,0.027,0.075,0.013,0.211,1.39,1630445.1,No injected typology,0
NPI2000005049,Internal Medicine,Midwest,277,5.43,210.86,1.21,0.217,0.019,0.043,0.121,0.056,0.16,-0.1,382516.59,No injected typology,0
NPI2000005050,Radiology,South,104,4.77,185.5,1.1,0.132,0.024,0.147,0.058,0.088,0.325,-0.7,101491.27,No injected typology,0
NPI2000005051,Pain Management,Northeast,484,5.55,317.45,0.87,0.38,0.011,0.104,0.051,0.118,0.028,0.12,737556.73,No injected typology,0
NPI2000005052,DME Supplier,Northeast,54,7.9,1052.12,1.17,0.083,0.027,0.141,0.04,0.549,0.356,4.72,526061.3,DME aberrancy,1
NPI2000005053,Lab,South,313,7.01,580.32,0.97,0.067,0.191,0.055,0.064,0.235,0.271,-0.27,1237580.2,No injected typology,0
NPI2000005054,Lab,Northeast,286,5.49,435.25,0.96,0.412,0.016,0.052,0.138,0.094,0.201,0.1,657093.07,No injected typology,0
NPI2000005055,DME Supplier,South,94,3.22,334.12,1.12,0.159,0.006,0.126,0.037,0.142,0.083,0.14,113269.87,No injected typology,0
NPI2000005056,Oncology,Northeast,180,5.99,1055.94,0.95,0.931,0.098,0.073,0.062,0.124,0.183,4.57,1077094.31,Upcoding,1
NPI2000005057,DME Supplier,Northeast,80,5.69,278.32,1.08,0.267,0.02,0.019,0.034,0.032,0.238,0.27,137382.02,No injected typology,0
NPI2000005058,Lab,Northeast,128,6.0,255.69,1.21,0.202,0.01,0.078,0.066,0.072,0.081,0.92,237213.12,No injected typology,0
NPI2000005059,Pain Management,South,103,5.22,465.44,0.82,0.67,0.096,0.144,0.195,0.158,0.285,-0.74,204459.52,No injected typology,0
NPI2000005060,Cardiology,South,242,6.46,560.88,0.84,0.263,0.068,0.571,0.021,0.019,0.25,3.8,740254.9,Unbundling/modifier abuse,1
NPI2000005061,Pain Management,South,389,7.05,236.93,1.14,0.191,0.001,0.016,0.07,0.077,0.309,-1.63,738587.13,No injected typology,0
NPI2000005062,Internal Medicine,West,573,5.74,411.71,1.2,0.162,0.042,0.171,0.177,0.171,0.055,0.47,1624382.01,No injected typology,0
NPI2000005063,Orthopedics,Midwest,70,5.78,342.46,1.02,0.083,0.092,0.107,0.045,0.031,0.174,0.7,141114.62,No injected typology,0
NPI2000005064,Cardiology,Midwest,232,6.65,286.97,1.17,0.106,0.101,0.007,0.058,0.067,0.504,1.0,520016.76,No injected typology,0
NPI2000005065,Pain Management,West,140,6.46,323.11,1.0,0.28,0.019,0.088,0.037,0.13,0.295,0.84,293214.2,No injected typology,0
NPI2000005066,Internal Medicine,South,200,6.39,542.95,0.93,0.074,0.023,0.075,0.083,0.102,0.416,-0.01,642938.53,No injected typology,0
NPI2000005067,Pain Management,Midwest,64,7.41,217.44,1.27,0.305,0.056,0.118,0.133,0.002,0.245,-0.86,131434.36,No injected typology,0
NPI2000005068,DME Supplier,Midwest,47,5.85,370.8,0.55,0.171,0.032,0.051,0.021,0.128,0.487,0.4,56064.98,No injected typology,0
NPI2000005069,Oncology,Midwest,72,7.24,321.75,1.33,0.277,0.021,0.083,0.127,0.134,0.474,0.14,223301.52,No injected typology,0
NPI2000005070,Oncology,South,352,9.55,442.42,1.31,0.333,0.071,0.125,0.066,0.071,0.406,0.01,1953861.03,No injected typology,0
NPI2000005071,Home Health,Midwest,75,5.51,205.57,1.01,0.108,0.048,0.095,0.048,0.006,0.221,-0.44,85621.56,No injected typology,0
NPI2000005072,Pain Management,Midwest,271,5.78,386.37,0.94,0.138,0.039,0.053,0.016,0.047,0.271,-0.14,569272.15,No injected typology,0
NPI2000005073,Radiology,South,163,6.85,681.54,1.1,0.295,0.053,0.769,0.069,0.154,0.668,3.28,838077.69,Unbundling/modifier abuse,1
NPI2000005074,Oncology,South,253,7.48,490.53,1.06,0.36,0.021,0.021,0.093,0.056,0.346,1.39,988974.85,No injected typology,0
NPI2000005075,Home Health,South,124,8.57,486.15,1.04,0.302,0.042,0.093,0.032,0.212,0.255,-0.46,536922.84,No injected typology,0
NPI2000005076,Internal Medicine,Northeast,324,5.3,1194.33,1.13,0.251,0.004,0.268,0.137,0.091,0.198,0.17,2317776.18,No injected typology,0
NPI2000005077,Home Health,South,174,4.98,354.44,1.05,0.077,0.008,0.072,0.026,0.054,0.48,0.32,322925.05,No injected typology,0
NPI2000005078,Pain Management,Midwest,161,6.15,494.43,1.14,0.442,0.018,0.535,0.002,0.068,0.334,0.84,556149.94,Unbundling/modifier abuse,1
NPI2000005079,Oncology,Midwest,188,8.4,185.48,0.93,0.046,0.016,0.132,0.029,0.095,0.179,0.7,271448.56,No injected typology,0
NPI2000005080,Home Health,South,157,4.72,633.68,0.78,0.087,0.008,0.233,0.102,0.094,0.439,-0.66,368308.7,No injected typology,0
NPI2000005081,Oncology,South,80,6.46,193.67,1.22,0.189,0.025,0.062,0.005,0.105,0.503,-0.61,122342.8,No injected typology,0
NPI2000005082,Internal Medicine,West,158,8.14,599.35,0.91,0.064,0.06,0.062,0.061,0.007,0.44,0.85,703969.1,No injected typology,0
NPI2000005083,Home Health,Northeast,212,7.46,406.79,1.09,0.198,0.009,0.061,0.053,0.118,0.48,0.71,698563.69,No injected typology,0
NPI2000005084,Cardiology,Midwest,172,4.43,658.59,1.23,0.442,0.024,0.066,0.03,0.116,0.07,-0.55,616205.19,No injected typology,0
NPI2000005085,Pain Management,South,117,5.46,758.64,1.06,0.245,0.086,0.034,0.041,0.244,0.227,-0.73,514838.95,No injected typology,0
NPI2000005086,Lab,Northeast,149,8.43,160.85,1.24,0.08,0.063,0.001,0.034,0.084,0.289,-0.99,250067.61,No injected typology,0
NPI2000005087,Oncology,Northeast,90,6.14,638.48,0.76,0.3,0.021,0.123,0.014,0.226,0.34,-0.29,267862.08,No injected typology,0
NPI2000005088,Cardiology,Midwest,206,9.24,476.58,0.93,0.276,0.018,0.018,0.001,0.01,0.313,0.59,839633.53,No injected typology,0
NPI2000005089,Lab,Northeast,124,4.43,358.73,1.45,0.085,0.036,0.309,0.021,0.197,0.288,0.29,285590.15,No injected typology,0
NPI2000005090,Internal Medicine,South,208,5.11,343.92,0.8,0.166,0.033,0.083,0.092,0.081,0.422,2.29,291408.8,No injected typology,0
NPI2000005091,Cardiology,South,208,1.21,434.22,1.18,0.047,0.044,0.112,0.014,0.137,0.031,0.9,129135.56,No injected typology,0
NPI2000005092,Cardiology,Northeast,237,6.92,428.77,1.41,0.292,0.004,0.077,0.218,0.175,0.383,-1.39,988650.39,No injected typology,0
NPI2000005093,Oncology,Northeast,195,4.64,245.0,0.85,0.156,0.064,0.237,0.117,0.021,0.163,-0.31,187527.4,No injected typology,0
NPI2000005094,Internal Medicine,South,212,4.01,425.23,0.88,0.192,0.042,0.034,0.03,0.187,0.521,0.63,319442.77,No injected typology,0
NPI2000005095,Lab,West,93,5.56,310.87,0.91,0.036,0.049,0.278,0.051,0.2,0.466,-0.5,146367.7,No injected typology,0
NPI2000005096,DME Supplier,West,305,6.52,352.24,1.08,0.024,0.026,0.128,0.033,0.194,0.088,0.71,759675.83,No injected typology,0
NPI2000005097,Radiology,South,187,4.3,420.08,1.47,0.072,0.091,0.032,0.728,0.096,0.131,0.86,495256.62,Impossible frequency,1
NPI2000005098,Internal Medicine,South,191,7.77,357.43,1.14,0.207,0.025,0.068,0.015,0.098,0.347,-0.21,604685.15,No injected typology,0
NPI2000005099,Pain Management,West,181,6.26,310.44,0.97,0.569,0.014,0.244,0.042,0.265,0.169,1.56,341118.45,No injected typology,0
NPI2000005100,DME Supplier,Northeast,462,8.54,291.96,0.9,0.053,0.031,0.299,0.002,0.009,0.436,-0.94,1042532.58,No injected typology,0
NPI2000005101,Cardiology,Midwest,116,7.02,171.28,0.57,0.08,0.126,0.09,0.014,0.179,0.097,0.63,80052.3,No injected typology,0
NPI2000005102,Home Health,South,433,3.91,611.51,0.91,0.283,0.071,0.103,0.76,0.06,0.356,0.5,944081.86,Impossible frequency,1
NPI2000005103,Internal Medicine,West,859,5.6,317.34,1.15,0.268,0.005,0.365,0.074,0.115,0.142,-0.41,1749287.73,No injected typology,0
NPI2000005104,Internal Medicine,South,174,7.39,287.39,1.0,0.313,0.079,0.007,0.012,0.362,0.351,0.74,370466.52,No injected typology,0
NPI2000005105,Home Health,South,121,4.9,240.1,1.06,0.529,0.032,0.097,0.016,0.065,0.174,-0.34,150423.9,No injected typology,0
NPI2000005106,Cardiology,South,60,7.35,88.8,0.91,0.082,0.002,0.022,0.043,0.016,0.242,-0.72,35476.97,No injected typology,0
NPI2000005107,Lab,West,216,6.91,363.46,0.77,0.383,0.006,0.074,0.063,0.087,0.095,0.25,415061.68,No injected typology,0
NPI2000005108,DME Supplier,South,173,6.43,265.25,1.13,0.34,0.036,0.028,0.067,0.176,0.516,-0.95,333772.4,No injected typology,0
NPI2000005109,Lab,Northeast,84,7.47,257.97,0.92,0.204,0.029,0.037,0.032,0.056,0.246,0.08,149250.6,No injected typology,0
NPI2000005110,Lab,West,107,4.34,296.31,0.73,0.315,0.29,0.072,0.023,0.115,0.283,1.07,101140.98,Duplicate billing,1
NPI2000005111,Radiology,West,49,5.46,689.91,0.87,0.32,0.011,0.086,0.054,0.066,0.108,0.35,161204.4,No injected typology,0
NPI2000005112,Oncology,South,245,6.36,206.96,1.15,0.183,0.087,0.043,0.002,0.16,0.025,-0.73,371899.77,No injected typology,0
NPI2000005113,Cardiology,West,66,4.74,312.97,0.81,0.259,0.034,0.124,0.312,0.064,0.055,-1.73,78886.14,No injected typology,0
NPI2000005114,DME Supplier,South,142,5.61,241.75,0.95,0.12,0.06,0.098,0.036,0.394,0.271,5.18,183240.37,DME aberrancy,1
NPI2000005115,Internal Medicine,Midwest,206,5.71,260.93,1.18,0.145,0.066,0.097,0.038,0.03,0.288,-0.87,361390.07,No injected typology,0
NPI2000005116,Radiology,South,279,6.2,589.75,1.3,0.101,0.038,0.079,0.012,0.028,0.057,0.56,1329334.39,No injected typology,0
NPI2000005117,Lab,Midwest,169,5.49,265.36,1.12,0.15,0.096,0.146,0.094,0.023,0.354,-0.33,276175.08,No injected typology,0
NPI2000005118,Lab,Northeast,127,8.44,213.58,0.74,0.235,0.021,0.012,0.136,0.115,0.027,-0.14,168733.15,No injected typology,0
NPI2000005119,DME Supplier,Midwest,206,3.77,330.28,0.99,0.232,0.04,0.237,0.074,0.163,0.319,1.01,253370.24,No injected typology,0
NPI2000005120,Oncology,South,109,6.19,454.04,0.96,0.153,0.058,0.056,0.048,0.21,0.216,1.68,295248.11,No injected typology,0
NPI2000005121,Orthopedics,South,101,5.4,291.81,0.9,0.388,0.023,0.07,0.013,0.154,0.49,0.39,142921.68,No injected typology,0
NPI2000005122,Orthopedics,South,63,7.7,187.64,0.98,0.273,0.053,0.144,0.04,0.44,0.293,-0.49,89036.93,No injected typology,0
NPI2000005123,Radiology,Northeast,164,5.7,123.98,1.13,0.345,0.035,0.065,0.051,0.086,0.419,0.03,130720.5,No injected typology,0
NPI2000005124,Oncology,Midwest,95,8.34,264.06,1.42,0.412,0.059,0.104,0.006,0.179,0.171,-1.5,296207.51,No injected typology,0
NPI2000005125,Internal Medicine,South,212,7.31,291.21,1.23,0.036,0.003,0.069,0.046,0.13,0.135,0.68,552932.86,No injected typology,0
NPI2000005126,Pain Management,Midwest,304,8.4,304.18,1.1,0.318,0.006,0.089,0.175,0.028,0.367,-0.9,852512.45,No injected typology,0
NPI2000005127,Pain Management,South,121,7.91,399.43,0.97,0.456,0.088,0.128,0.074,0.083,0.265,-0.92,370479.21,No injected typology,0
NPI2000005128,Internal Medicine,Midwest,204,6.29,350.52,0.85,0.231,0.001,0.156,0.033,0.051,0.347,-0.09,380494.4,No injected typology,0
NPI2000005129,Internal Medicine,Northeast,186,7.88,810.84,1.17,0.149,0.03,0.02,0.004,0.093,0.102,1.19,1384780.73,No injected typology,0
NPI2000005130,Lab,West,150,6.84,360.24,0.62,0.088,0.062,0.149,0.014,0.026,0.119,-0.86,227906.6,No injected typology,0
NPI2000005131,Oncology,Northeast,391,6.8,692.17,1.42,0.733,0.039,0.091,0.118,0.109,0.165,2.21,2620698.9,Upcoding,1
NPI2000005132,DME Supplier,South,163,9.32,265.32,1.16,0.094,0.011,0.046,0.119,0.137,0.027,0.6,468679.25,No injected typology,0
NPI2000005133,Cardiology,South,292,5.25,218.38,1.06,0.224,0.052,0.126,0.092,0.096,0.315,0.82,354006.23,No injected typology,0
NPI2000005134,Oncology,Northeast,136,7.43,275.76,0.98,0.056,0.016,0.108,0.101,0.206,0.078,-1.14,272791.0,No injected typology,0
NPI2000005135,Orthopedics,Northeast,461,5.41,212.04,0.86,0.176,0.051,0.16,0.096,0.071,0.102,0.67,454086.15,No injected typology,0
NPI2000005136,Internal Medicine,Midwest,159,4.24,341.35,1.17,0.889,0.054,0.075,0.011,0.054,0.041,3.61,268288.16,Upcoding,1
NPI2000005137,Radiology,South,117,7.2,326.92,0.57,0.161,0.028,0.15,0.005,0.19,0.293,-0.9,158228.91,No injected typology,0
NPI2000005138,Home Health,South,146,6.55,385.61,1.19,0.151,0.053,0.096,0.032,0.149,0.263,1.65,438845.03,No injected typology,0
NPI2000005139,Home Health,Midwest,175,7.13,241.86,1.39,0.044,0.037,0.132,0.048,0.181,0.279,-0.82,418961.94,No injected typology,0
NPI2000005140,Orthopedics,West,239,6.35,948.45,1.49,1.0,0.004,0.619,0.023,0.095,0.233,7.07,2152781.81,Upcoding,1
NPI2000005141,Cardiology,Northeast,113,5.85,188.35,0.89,0.152,0.049,0.09,0.044,0.043,0.658,0.84,110743.56,No injected typology,0
NPI2000005142,Cardiology,South,433,6.54,477.05,0.92,0.075,0.32,0.128,0.004,0.088,0.196,1.23,1245525.98,Duplicate billing,1
NPI2000005143,Home Health,South,173,5.11,552.54,1.0,0.345,0.03,0.112,0.198,0.112,0.139,-1.03,488141.01,No injected typology,0
NPI2000005144,Cardiology,Midwest,289,7.59,263.5,0.84,0.386,0.02,0.063,0.023,0.02,0.356,-0.48,487120.63,No injected typology,0
NPI2000005145,Radiology,West,100,6.05,567.55,0.8,0.141,0.061,0.06,0.187,0.097,0.239,0.38,275225.07,No injected typology,0
NPI2000005146,Oncology,Midwest,205,8.22,573.72,1.05,0.115,0.009,0.085,0.063,0.215,0.215,-1.19,1010745.68,No injected typology,0
NPI2000005147,Lab,Midwest,126,7.79,1176.65,0.88,0.317,0.028,0.232,0.006,0.117,0.108,0.42,1014270.69,No injected typology,0
NPI2000005148,Internal Medicine,South,301,5.82,916.78,1.5,0.191,0.049,0.984,0.023,0.141,0.454,4.76,2407161.78,Unbundling/modifier abuse,1
NPI2000005149,Home Health,South,128,4.09,138.7,1.02,0.008,0.033,0.049,0.22,0.125,0.533,0.04,74405.91,No injected typology,0
NPI2000005150,Internal Medicine,Northeast,121,9.57,180.2,0.72,0.307,0.01,0.134,0.08,0.218,0.09,-0.16,151146.89,No injected typology,0
NPI2000005151,Cardiology,Midwest,170,6.88,312.38,0.71,0.191,0.029,0.111,0.191,0.202,0.136,-0.32,258503.66,No injected typology,0
NPI2000005152,Cardiology,West,166,8.2,403.82,1.15,0.191,0.009,0.036,0.062,0.192,0.057,-1.18,631137.46,No injected typology,0
NPI2000005153,DME Supplier,Midwest,159,3.82,255.33,1.08,0.219,0.074,0.155,0.151,0.073,0.21,0.31,167758.81,No injected typology,0
NPI2000005154,Internal Medicine,South,169,3.62,451.75,1.09,0.053,0.005,0.052,0.093,0.234,0.212,0.99,300517.55,No injected typology,0
NPI2000005155,Cardiology,South,265,8.4,463.45,1.03,0.356,0.071,0.141,0.13,0.107,0.342,0.23,1065106.83,No injected typology,0
NPI2000005156,Oncology,South,312,7.03,295.13,1.18,0.251,0.027,0.211,0.149,0.163,0.441,0.32,760627.24,No injected typology,0
NPI2000005157,Internal Medicine,Midwest,450,5.96,444.83,1.19,0.206,0.027,0.141,0.027,0.182,0.129,-0.81,1423370.1,No injected typology,0
NPI2000005158,Orthopedics,West,192,6.11,584.82,1.07,0.19,0.105,0.184,0.081,0.131,0.149,0.17,731972.06,No injected typology,0
NPI2000005159,Pain Management,Northeast,119,7.93,1146.09,1.21,0.147,0.058,0.068,0.093,0.164,0.142,-0.38,1302945.13,No injected typology,0
NPI2000005160,Internal Medicine,South,494,5.22,328.77,0.77,0.311,0.038,0.025,0.022,0.121,0.077,-1.49,654631.92,No injected typology,0
NPI2000005161,Cardiology,West,167,7.94,311.26,1.16,0.198,0.026,0.041,0.002,0.097,0.162,-0.52,480408.39,No injected typology,0
NPI2000005162,Home Health,Northeast,297,3.71,479.18,1.06,0.216,0.009,0.051,0.015,0.1,0.314,1.16,562194.42,No injected typology,0
NPI2000005163,Orthopedics,Northeast,183,5.6,243.08,1.03,0.109,0.024,0.084,0.072,0.085,0.042,-0.87,255600.8,No injected typology,0
NPI2000005164,DME Supplier,Northeast,187,5.11,205.31,0.92,0.141,0.058,0.19,0.003,0.291,0.142,-1.16,180342.31,No injected typology,0
NPI2000005165,Oncology,Northeast,82,4.34,563.75,1.21,0.051,0.127,0.074,0.014,0.182,0.018,0.49,241820.76,No injected typology,0
NPI2000005166,Internal Medicine,South,42,5.41,278.34,1.03,0.116,0.012,0.047,0.029,0.046,0.519,-0.4,65422.48,No injected typology,0
NPI2000005167,Home Health,South,145,4.87,285.34,0.98,0.059,0.061,0.232,0.655,0.16,0.379,0.9,197581.33,Impossible frequency,1
NPI2000005168,Internal Medicine,Midwest,160,6.78,268.49,1.32,0.122,0.023,0.088,0.196,0.134,0.416,0.24,383144.71,No injected typology,0
NPI2000005169,Orthopedics,South,122,6.86,288.25,0.68,0.048,0.018,0.839,0.037,0.083,0.218,3.73,163287.93,Unbundling/modifier abuse,1
NPI2000005170,Radiology,South,168,6.81,307.62,0.79,0.159,0.019,0.172,0.098,0.142,0.318,-0.41,277154.37,No injected typology,0
NPI2000005171,Oncology,Midwest,168,7.23,568.68,1.2,0.147,0.004,0.054,0.059,0.143,0.328,1.39,830937.42,No injected typology,0
NPI2000005172,Pain Management,Northeast,143,4.31,335.98,0.66,0.094,0.084,0.034,0.02,0.102,0.234,-0.42,135720.52,No injected typology,0
NPI2000005173,Home Health,Midwest,207,6.49,424.95,0.89,0.241,0.019,0.072,0.046,0.193,0.469,1.72,507664.47,No injected typology,0
NPI2000005174,Pain Management,West,149,7.54,324.78,1.09,0.456,0.103,0.111,0.035,0.044,0.173,-1.58,396781.56,No injected typology,0
NPI2000005175,Internal Medicine,West,88,5.28,567.32,1.28,0.375,0.126,0.302,0.022,0.077,0.089,-0.71,338393.34,No injected typology,0
NPI2000005176,Internal Medicine,Midwest,191,6.44,253.43,1.41,0.308,0.033,0.081,0.061,0.08,0.354,-1.5,439414.23,No injected typology,0
NPI2000005177,DME Supplier,South,176,6.21,516.03,1.03,0.546,0.083,0.202,0.037,0.046,0.476,0.9,583884.24,No injected typology,0
NPI2000005178,Lab,South,105,7.05,259.35,1.08,0.436,0.065,0.113,0.042,0.059,0.13,-0.08,207497.91,No injected typology,0
NPI2000005179,Cardiology,Midwest,61,5.67,240.15,0.91,0.218,0.041,0.083,0.006,0.152,0.366,-0.14,75341.45,No injected typology,0
NPI2000005180,Radiology,South,174,4.54,242.96,1.13,0.566,0.045,0.146,0.064,0.122,0.025,-1.3,217290.98,No injected typology,0
NPI2000005181,Home Health,Midwest,206,4.54,588.29,0.83,0.341,0.007,0.072,0.045,0.065,0.259,-0.98,455115.04,No injected typology,0
NPI2000005182,Orthopedics,West,340,4.68,332.46,0.85,0.207,0.023,0.166,0.015,0.032,0.159,-1.14,450711.68,No injected typology,0
NPI2000005183,Home Health,Northeast,123,7.34,357.0,0.92,0.276,0.039,0.063,0.076,0.052,0.299,-1.0,296733.84,No injected typology,0
NPI2000005184,Internal Medicine,Northeast,259,6.2,239.58,1.1,0.054,0.007,0.3,0.018,0.183,0.584,0.54,421278.87,No injected typology,0
NPI2000005185,Cardiology,Northeast,300,5.82,201.14,0.82,0.2,0.018,0.152,0.047,0.028,0.468,0.45,288643.33,No injected typology,0
NPI2000005186,Orthopedics,Midwest,118,8.27,159.15,0.88,0.294,0.02,0.144,0.004,0.177,0.075,-0.64,136870.16,No injected typology,0
NPI2000005187,Home Health,Midwest,340,6.22,582.38,0.9,0.42,0.057,0.128,0.013,0.204,0.338,0.25,1107305.18,No injected typology,0
NPI2000005188,Internal Medicine,Northeast,501,3.0,201.21,1.44,0.018,0.015,0.129,0.041,0.187,0.194,-0.2,435030.99,No injected typology,0
NPI2000005189,Internal Medicine,West,132,5.65,250.25,1.09,0.108,0.078,0.781,0.086,0.047,0.174,3.77,202763.96,Unbundling/modifier abuse,1
NPI2000005190,Oncology,South,284,5.68,160.66,1.24,0.294,0.019,0.156,0.088,0.044,0.195,0.49,321519.82,No injected typology,0
NPI2000005191,DME Supplier,South,124,4.18,234.1,0.72,0.145,0.023,0.086,0.102,0.138,0.153,1.67,86932.98,No injected typology,0
NPI2000005192,Lab,South,217,5.59,140.05,1.02,0.159,0.013,0.018,0.135,0.244,0.477,-1.07,173551.67,No injected typology,0
NPI2000005193,Oncology,South,30,6.16,404.33,1.63,0.242,0.077,0.048,0.006,0.229,0.123,-0.05,121444.14,No injected typology,0
NPI2000005194,Internal Medicine,South,114,8.87,286.18,0.99,0.29,0.018,0.084,0.034,0.093,0.357,-0.71,286500.98,No injected typology,0
NPI2000005195,Orthopedics,South,440,6.73,339.58,0.8,0.061,0.349,0.01,0.003,0.163,0.315,0.58,801247.45,Duplicate billing,1
NPI2000005196,Oncology,Midwest,305,5.25,778.3,1.05,0.076,0.015,0.131,0.068,0.066,0.159,-0.84,1312945.0,No injected typology,0
NPI2000005197,Internal Medicine,Northeast,296,4.2,727.05,0.95,0.175,0.052,0.093,0.789,0.248,0.252,0.36,860188.92,Impossible frequency,1
NPI2000005198,Oncology,Midwest,1200,8.78,377.81,0.69,0.051,0.099,0.131,0.021,0.058,0.319,0.34,2737277.87,No injected typology,0
NPI2000005199,Oncology,South,149,6.29,234.69,1.43,0.096,0.004,0.174,0.048,0.161,0.221,0.07,314573.1,No injected typology,0
NPI2000005200,Radiology,West,99,6.92,202.42,0.91,0.125,0.006,0.052,0.036,0.089,0.279,0.78,125987.99,No injected typology,0
NPI2000005201,Orthopedics,West,30,4.42,277.82,0.95,0.296,0.091,0.099,0.021,0.122,0.075,1.09,34947.03,No injected typology,0
NPI2000005202,Home Health,South,92,8.23,266.4,0.84,0.167,0.01,0.089,0.069,0.098,0.477,2.08,170082.42,No injected typology,0
NPI2000005203,Internal Medicine,Northeast,71,7.89,234.62,0.86,0.129,0.019,0.162,0.037,0.048,0.28,0.17,112851.0,No injected typology,0
NPI2000005204,Orthopedics,Northeast,464,8.1,333.96,1.37,0.089,0.016,0.08,0.034,0.128,0.434,-0.51,1723737.22,No injected typology,0
NPI2000005205,Internal Medicine,Midwest,146,5.84,162.44,1.4,0.216,0.086,0.145,0.036,0.064,0.161,-1.5,193778.94,No injected typology,0
NPI2000005206,Orthopedics,Northeast,78,7.77,383.97,1.05,0.458,0.075,0.243,0.065,0.059,0.2,-2.04,243391.91,No injected typology,0
NPI2000005207,Home Health,Midwest,180,5.58,385.18,1.22,0.358,0.071,0.093,0.017,0.154,0.073,-0.8,471067.9,No injected typology,0
NPI2000005208,Internal Medicine,South,215,6.27,578.84,0.92,0.155,0.031,0.115,0.015,0.077,0.375,0.01,717964.02,No injected typology,0
NPI2000005209,Lab,Northeast,175,4.25,251.81,1.03,0.065,0.07,0.033,0.054,0.038,0.44,-0.41,192050.55,No injected typology,0
NPI2000005210,Internal Medicine,Northeast,394,7.99,584.17,0.86,0.297,0.071,0.07,0.068,0.105,0.073,0.45,1590294.77,No injected typology,0
NPI2000005211,Cardiology,West,168,2.64,267.23,0.83,0.132,0.016,0.089,0.011,0.05,0.145,-0.1,98237.97,No injected typology,0
NPI2000005212,Orthopedics,South,183,5.61,81.93,1.07,0.24,0.015,0.041,0.033,0.234,0.191,-2.65,90040.67,No injected typology,0
NPI2000005213,Internal Medicine,South,254,5.12,267.39,1.06,0.319,0.033,0.218,0.097,0.006,0.047,0.05,369794.86,No injected typology,0
NPI2000005214,Radiology,South,101,9.36,568.64,1.01,0.309,0.013,0.045,0.003,0.066,0.186,-0.64,543924.85,No injected typology,0
NPI2000005215,Home Health,South,199,8.21,323.64,0.69,0.279,0.02,0.162,0.081,0.179,0.139,0.37,366794.64,No injected typology,0
NPI2000005216,DME Supplier,Midwest,144,5.96,644.43,0.68,0.368,0.067,0.1,0.041,0.144,0.104,-0.87,375577.38,No injected typology,0
NPI2000005217,Orthopedics,South,329,4.07,264.47,0.56,0.117,0.066,0.033,0.01,0.117,0.197,-0.03,197498.11,No injected typology,0
NPI2000005218,DME Supplier,Northeast,264,7.01,564.6,0.99,0.257,0.005,0.058,0.181,0.118,0.374,-0.75,1037216.95,No injected typology,0
NPI2000005219,Orthopedics,West,48,5.15,439.82,1.29,0.144,0.492,0.123,0.019,0.079,0.196,0.28,140048.44,Duplicate billing,1
NPI2000005220,Home Health,South,292,5.48,250.02,1.32,0.228,0.075,0.057,0.047,0.439,0.142,-0.82,527267.06,No injected typology,0
NPI2000005221,Lab,Midwest,205,5.49,114.26,0.55,0.37,0.093,0.231,0.169,0.13,0.161,-1.18,70667.51,No injected typology,0
NPI2000005222,Radiology,South,173,8.53,469.09,0.9,0.239,0.013,0.021,0.059,0.214,0.135,1.24,624500.63,No injected typology,0
NPI2000005223,Orthopedics,Northeast,77,6.28,394.03,0.69,0.164,0.069,0.032,0.032,0.034,0.35,0.73,130906.63,No injected typology,0
NPI2000005224,Lab,West,477,5.18,158.73,0.97,0.013,0.011,0.273,0.053,0.127,0.284,-0.39,379748.55,No injected typology,0
NPI2000005225,Cardiology,South,115,7.71,749.78,0.68,0.77,0.011,0.071,0.042,0.057,0.018,6.49,454803.97,Upcoding,1
NPI2000005226,Home Health,South,205,7.68,264.04,1.21,0.049,0.013,0.33,0.04,0.071,0.078,-0.64,501682.75,No injected typology,0
NPI2000005227,Radiology,Northeast,107,8.07,182.06,0.94,0.084,0.032,0.162,0.044,0.089,0.236,-0.43,147419.22,No injected typology,0
NPI2000005228,Orthopedics,West,263,7.66,137.82,0.93,0.18,0.053,0.146,0.091,0.262,0.136,-0.15,259122.72,No injected typology,0
NPI2000005229,Lab,South,116,9.29,483.11,0.99,0.409,0.041,0.356,0.104,0.133,0.345,1.23,515923.58,No injected typology,0
NPI2000005230,Oncology,Midwest,145,4.96,615.65,1.28,0.215,0.048,0.055,0.689,0.041,0.152,-0.34,565929.99,Impossible frequency,1
NPI2000005231,Internal Medicine,Northeast,302,5.78,590.69,0.55,0.073,0.021,0.058,0.028,0.041,0.309,2.53,566913.05,No injected typology,0
NPI2000005232,Internal Medicine,South,160,8.06,194.92,0.87,0.031,0.017,0.24,0.544,0.202,0.444,-0.15,217564.26,Impossible frequency,1
NPI2000005233,Cardiology,Northeast,146,7.47,520.52,1.26,0.526,0.021,0.117,0.009,0.045,0.31,0.62,717844.76,No injected typology,0
NPI2000005234,Internal Medicine,Midwest,379,6.46,883.66,1.06,0.277,0.079,0.057,0.028,0.193,0.03,0.75,2291067.32,No injected typology,0
NPI2000005235,Oncology,Northeast,63,7.22,167.96,1.13,0.067,0.015,0.087,0.005,0.159,0.316,1.12,86171.19,No injected typology,0
NPI2000005236,Cardiology,West,291,7.26,255.34,0.99,0.066,0.002,0.009,0.032,0.013,0.042,-0.71,533180.4,No injected typology,0
NPI2000005237,Internal Medicine,Midwest,450,4.18,676.3,0.89,0.311,0.024,0.061,0.082,0.207,0.373,-0.5,1135765.91,No injected typology,0
NPI2000005238,DME Supplier,Northeast,157,6.69,420.32,1.16,0.158,0.019,0.119,0.062,0.08,0.052,-0.21,511732.48,No injected typology,0
NPI2000005239,Oncology,South,331,5.56,286.26,1.31,0.205,0.037,0.308,0.048,0.019,0.429,0.66,690797.84,No injected typology,0
NPI2000005240,Lab,Midwest,95,5.91,523.17,0.66,0.2,0.022,0.213,0.138,0.068,0.303,0.25,193928.42,No injected typology,0
NPI2000005241,Lab,South,172,8.51,302.07,1.08,0.102,0.005,0.081,0.059,0.049,0.044,-0.56,478071.18,No injected typology,0
NPI2000005242,Internal Medicine,West,203,5.75,468.45,1.25,0.086,0.091,0.095,0.079,0.108,0.302,-0.04,681763.12,No injected typology,0
NPI2000005243,Cardiology,South,80,7.27,367.26,1.44,0.116,0.015,0.184,0.08,0.111,0.336,-0.02,308268.8,No injected typology,0
NPI2000005244,Internal Medicine,West,48,6.15,224.66,0.69,0.186,0.021,0.076,0.016,0.402,0.095,-0.12,45438.69,No injected typology,0
NPI2000005245,Home Health,South,348,5.6,132.37,1.43,0.29,0.039,0.209,0.01,0.044,0.128,-0.78,368768.31,No injected typology,0
NPI2000005246,Orthopedics,West,43,5.24,358.42,0.85,0.215,0.027,0.052,0.191,0.091,0.215,1.38,68268.46,No injected typology,0
NPI2000005247,Home Health,Midwest,235,3.86,554.63,0.8,0.357,0.029,0.053,0.086,0.046,0.091,1.09,403635.64,No injected typology,0
NPI2000005248,Internal Medicine,South,150,5.89,254.32,1.1,0.129,0.102,0.007,0.075,0.023,0.135,-0.17,245989.51,No injected typology,0
NPI2000005249,Radiology,Midwest,156,5.71,406.07,1.15,0.254,0.024,0.128,0.053,0.029,0.166,-0.09,416172.35,No injected typology,0
NPI2000005250,Internal Medicine,South,366,6.12,400.99,1.06,0.332,0.022,0.089,0.019,0.087,0.051,-0.89,953966.91,No injected typology,0
NPI2000005251,Oncology,West,168,4.64,387.06,1.26,0.418,0.002,0.086,0.042,0.024,0.268,0.99,379822.71,No injected typology,0
NPI2000005252,Cardiology,Midwest,183,5.6,233.36,1.3,0.093,0.089,0.038,0.038,0.175,0.164,-0.79,311609.38,No injected typology,0
NPI2000005253,Pain Management,South,278,4.6,278.23,1.3,0.161,0.011,0.016,0.031,0.091,0.541,-0.06,462697.83,No injected typology,0
NPI2000005254,Lab,Midwest,201,6.16,275.61,0.97,0.099,0.025,0.41,0.045,0.115,0.473,0.14,331257.61,No injected typology,0
NPI2000005255,Home Health,Northeast,74,6.41,677.48,0.96,0.072,0.016,0.052,0.022,0.038,0.03,0.6,309918.89,No injected typology,0
NPI2000005256,Internal Medicine,Midwest,215,8.37,214.31,1.08,0.462,0.0,0.141,0.024,0.07,0.215,-0.21,418149.35,No injected typology,0
NPI2000005257,Oncology,Midwest,565,6.86,429.18,1.16,0.127,0.008,0.331,0.085,0.178,0.425,-0.6,1934279.71,No injected typology,0
NPI2000005258,Radiology,West,95,6.67,245.37,0.58,0.141,0.044,0.316,0.054,0.064,0.156,-1.36,90097.8,No injected typology,0
NPI2000005259,Radiology,South,185,5.42,199.8,0.91,0.017,0.018,0.052,0.018,0.184,0.079,-0.7,181838.06,No injected typology,0
NPI2000005260,DME Supplier,Northeast,86,9.29,273.84,1.13,0.143,0.035,0.049,0.125,0.374,0.036,0.21,247167.29,No injected typology,0
NPI2000005261,Internal Medicine,Northeast,57,5.59,534.13,1.02,0.213,0.098,0.246,0.059,0.082,0.084,1.57,173072.27,No injected typology,0
NPI2000005262,Home Health,Midwest,297,4.38,344.75,1.47,0.191,0.022,0.015,0.004,0.089,0.265,-0.58,659215.91,No injected typology,0
NPI2000005263,Cardiology,South,158,7.88,234.85,0.86,0.464,0.08,0.024,0.088,0.053,0.28,0.46,252721.03,No injected typology,0
NPI2000005264,Lab,Midwest,178,8.27,180.15,0.82,0.135,0.031,0.12,0.032,0.245,0.258,-0.77,216415.31,No injected typology,0
NPI2000005265,Orthopedics,Northeast,181,5.6,301.79,0.72,0.246,0.046,0.03,0.007,0.045,0.212,1.16,220425.96,No injected typology,0
NPI2000005266,Home Health,South,242,9.01,140.24,0.95,0.336,0.021,0.04,0.019,0.076,0.201,-1.01,290323.38,No injected typology,0
NPI2000005267,DME Supplier,Midwest,290,3.71,513.13,1.54,0.188,0.03,0.057,0.041,0.205,0.178,1.36,850968.94,No injected typology,0
NPI2000005268,Internal Medicine,South,214,6.29,340.87,1.12,0.136,0.019,0.118,0.087,0.084,0.164,-0.08,514772.0,No injected typology,0
NPI2000005269,Home Health,West,184,6.4,572.21,1.0,0.136,0.039,0.092,0.109,0.15,0.223,-1.48,676308.36,No injected typology,0
NPI2000005270,Oncology,West,40,7.63,199.62,1.09,0.241,0.059,0.08,0.069,0.154,0.217,-0.29,66418.88,No injected typology,0
NPI2000005271,Internal Medicine,South,80,4.28,722.45,1.1,0.072,0.085,0.067,0.085,0.048,0.189,0.06,271441.36,No injected typology,0
NPI2000005272,DME Supplier,South,140,6.95,338.45,0.93,0.338,0.088,0.025,0.101,0.096,0.103,-0.09,307341.84,No injected typology,0
NPI2000005273,Home Health,South,119,7.96,342.51,1.07,0.149,0.128,0.012,0.12,0.235,0.203,1.37,348423.29,No injected typology,0
NPI2000005274,Lab,South,74,5.72,217.36,1.12,0.36,0.015,0.07,0.035,0.06,0.381,-0.61,102578.25,No injected typology,0
NPI2000005275,Cardiology,Northeast,179,7.8,610.0,0.9,0.413,0.069,0.055,0.002,0.11,0.151,-0.24,770097.82,No injected typology,0
NPI2000005276,Lab,South,187,6.07,159.02,1.24,0.328,0.078,0.168,0.037,0.212,0.358,0.27,223764.83,No injected typology,0
NPI2000005277,Radiology,Northeast,385,8.28,568.58,0.79,0.387,0.032,0.026,0.059,0.193,0.12,0.26,1428769.48,No injected typology,0
NPI2000005278,Internal Medicine,Northeast,117,4.64,284.99,0.96,0.202,0.042,0.199,0.215,0.034,0.176,0.17,148502.88,No injected typology,0
NPI2000005279,Radiology,Midwest,239,6.62,328.27,1.15,0.179,0.062,0.12,0.028,0.198,0.071,1.94,598206.69,No injected typology,0
NPI2000005280,Pain Management,South,99,1.56,194.01,1.1,0.347,0.034,0.06,0.067,0.062,0.167,-0.01,32855.81,No injected typology,0
NPI2000005281,Cardiology,West,158,5.84,253.0,0.75,0.244,0.097,0.116,0.08,0.174,0.331,-1.33,174721.79,No injected typology,0
NPI2000005282,Cardiology,Northeast,55,5.77,255.69,1.17,0.244,0.111,0.102,0.017,0.13,0.177,-0.17,95181.67,No injected typology,0
NPI2000005283,Orthopedics,Midwest,55,7.52,608.79,0.95,0.317,0.015,0.153,0.093,0.305,0.302,-0.79,238465.98,No injected typology,0
NPI2000005284,Radiology,Northeast,299,3.39,561.97,1.14,0.269,0.102,0.134,0.011,0.112,0.064,0.8,651747.51,No injected typology,0
NPI2000005285,Internal Medicine,West,41,6.42,175.41,1.31,0.488,0.047,0.133,0.044,0.089,0.047,0.29,60394.88,No injected typology,0
NPI2000005286,Home Health,Midwest,170,6.87,151.14,1.18,0.039,0.045,0.014,0.04,0.127,0.063,0.02,209238.62,No injected typology,0
NPI2000005287,Lab,South,117,9.14,689.0,1.0,0.169,0.042,0.017,0.151,0.011,0.156,1.09,736569.91,No injected typology,0
NPI2000005288,DME Supplier,Midwest,121,5.81,443.47,1.02,0.1,0.015,0.1,0.027,0.219,0.27,-0.18,317959.44,No injected typology,0
NPI2000005289,Lab,South,144,5.53,315.91,0.94,0.032,0.039,0.211,0.121,0.125,0.441,0.57,236811.03,No injected typology,0
NPI2000005290,Radiology,Northeast,188,7.22,208.92,0.98,0.137,0.051,0.093,0.07,0.189,0.137,1.22,276977.43,No injected typology,0
NPI2000005291,DME Supplier,South,205,7.22,246.86,0.64,0.251,0.034,0.051,0.269,0.463,0.061,1.98,233923.53,DME aberrancy,1
NPI2000005292,Oncology,South,118,8.76,242.93,1.09,0.124,0.031,0.141,0.14,0.152,0.308,-0.19,272337.84,No injected typology,0
NPI2000005293,DME Supplier,Midwest,153,4.92,259.48,0.61,0.237,0.012,0.021,0.025,0.108,0.337,0.04,118688.91,No injected typology,0
NPI2000005294,Internal Medicine,West,100,8.85,378.62,1.12,0.306,0.031,0.007,0.027,0.052,0.161,1.24,376460.87,No injected typology,0
NPI2000005295,Cardiology,South,119,4.19,332.0,1.2,0.252,0.05,0.068,0.062,0.079,0.305,0.44,198659.57,No injected typology,0
NPI2000005296,Lab,Northeast,69,6.57,167.87,0.87,0.302,0.073,0.011,0.001,0.038,0.093,-0.97,65979.45,No injected typology,0
NPI2000005297,Lab,Midwest,85,4.04,972.87,0.97,0.162,0.05,0.036,0.033,0.055,0.388,-0.91,323895.77,No injected typology,0
NPI2000005298,Orthopedics,Northeast,76,6.86,348.29,1.19,0.349,0.002,0.268,0.026,0.304,0.325,0.06,216204.21,No injected typology,0
NPI2000005299,Orthopedics,Midwest,129,7.11,364.3,1.03,1.0,0.015,0.063,0.047,0.094,0.16,3.48,343623.75,Upcoding,1
NPI2000005300,Cardiology,Northeast,365,6.07,363.96,1.12,0.127,0.17,0.088,0.058,0.237,0.146,-1.23,907431.74,No injected typology,0
NPI2000005301,Lab,South,263,5.28,382.64,1.08,0.05,0.073,0.117,0.078,0.09,0.279,-0.5,573788.22,No injected typology,0
NPI2000005302,Oncology,West,106,5.36,134.02,1.44,0.255,0.306,0.28,0.014,0.077,0.287,-1.37,109860.9,Duplicate billing,1
NPI2000005303,Oncology,West,64,7.26,355.18,0.7,0.269,0.033,0.1,0.027,0.105,0.084,-0.28,115099.36,No injected typology,0
NPI2000005304,Pain Management,Northeast,66,5.68,272.24,1.13,0.407,0.014,0.227,0.01,0.194,0.215,-0.94,115800.13,No injected typology,0
NPI2000005305,Lab,South,86,6.1,186.64,1.26,0.107,0.029,0.072,0.045,0.145,0.552,-0.25,123362.34,No injected typology,0
NPI2000005306,Cardiology,South,562,6.12,506.09,1.42,0.165,0.1,0.078,0.088,0.13,0.18,2.06,2474190.45,No injected typology,0
NPI2000005307,Internal Medicine,South,139,7.86,238.7,1.34,0.045,0.041,0.186,0.043,0.034,0.058,-0.17,350429.45,No injected typology,0
NPI2000005308,DME Supplier,South,60,5.57,404.63,1.19,0.402,0.029,0.04,0.037,0.011,0.416,0.54,160843.61,No injected typology,0
NPI2000005309,Orthopedics,Northeast,225,5.91,423.05,1.18,0.046,0.055,0.008,0.033,0.147,0.176,-1.05,664616.79,No injected typology,0
NPI2000005310,Pain Management,South,117,7.25,283.82,0.74,0.119,0.341,0.097,0.005,0.108,0.36,1.0,177459.34,Duplicate billing,1
NPI2000005311,Internal Medicine,South,515,6.95,245.48,1.19,0.292,0.021,0.053,0.621,0.099,0.253,0.87,1042849.69,Impossible frequency,1
NPI2000005312,Internal Medicine,South,300,8.16,685.21,0.55,0.1,0.011,0.037,0.058,0.097,0.212,0.02,922346.49,No injected typology,0
NPI2000005313,Pain Management,West,290,8.36,337.94,1.07,0.167,0.013,0.036,0.129,0.127,0.285,1.34,877859.78,No injected typology,0
NPI2000005314,Pain Management,South,236,6.82,513.19,1.48,0.192,0.035,0.063,0.072,0.245,0.008,-0.84,1223406.81,No injected typology,0
NPI2000005315,Radiology,South,191,7.49,709.68,1.05,0.191,0.027,0.051,0.05,0.012,0.321,1.23,1067505.43,No injected typology,0
NPI2000005316,Radiology,South,114,7.14,339.84,0.87,0.029,0.008,0.088,0.003,0.093,0.199,-0.58,241344.2,No injected typology,0
NPI2000005317,Orthopedics,Northeast,178,5.33,333.11,1.45,0.112,0.028,0.231,0.132,0.019,0.233,-0.02,458438.08,No injected typology,0
NPI2000005318,Pain Management,South,523,7.4,336.83,1.03,0.345,0.023,0.056,0.065,0.015,0.097,-0.35,1342197.34,No injected typology,0
NPI2000005319,Cardiology,South,367,7.65,127.32,1.19,0.039,0.056,0.028,0.031,0.117,0.369,-0.86,424905.15,No injected typology,0
NPI2000005320,Internal Medicine,South,186,6.08,522.23,0.99,0.441,0.002,0.13,0.056,0.129,0.066,0.39,585536.68,No injected typology,0
NPI2000005321,Orthopedics,Midwest,206,9.06,345.83,0.99,0.112,0.323,0.804,0.171,0.323,0.1,4.67,641889.38,Duplicate billing,1
NPI2000005322,DME Supplier,South,179,1.03,1012.07,1.01,0.052,0.027,0.265,0.007,0.501,0.273,5.34,187689.31,DME aberrancy,1
NPI2000005323,Oncology,Midwest,81,5.78,782.58,0.76,0.066,0.043,0.217,0.013,0.127,0.144,-0.94,277491.85,No injected typology,0
NPI2000005324,Radiology,Northeast,153,5.45,431.81,1.07,0.592,0.097,0.027,0.026,0.025,0.199,0.01,385611.57,No injected typology,0
NPI2000005325,Lab,Midwest,191,4.72,136.71,0.74,0.298,0.043,0.117,0.024,0.108,0.579,0.03,91267.35,No injected typology,0
NPI2000005326,Lab,West,220,5.35,386.65,0.91,0.208,0.047,0.128,0.071,0.17,0.057,0.71,415241.52,No injected typology,0
NPI2000005327,Oncology,South,183,6.67,280.42,1.17,0.158,0.03,0.007,0.066,0.206,0.056,-0.48,402232.61,No injected typology,0
NPI2000005328,Oncology,South,470,7.66,272.9,1.16,0.094,0.354,0.266,0.008,0.212,0.21,0.2,1135294.38,Duplicate billing,1
NPI2000005329,Internal Medicine,Northeast,262,7.32,176.91,1.38,0.28,0.115,0.072,0.013,0.068,0.214,-0.88,467178.5,No injected typology,0
NPI2000005330,Cardiology,West,108,5.05,861.81,1.2,0.244,0.038,0.052,0.125,0.168,0.042,0.15,563114.17,No injected typology,0
NPI2000005331,Cardiology,South,89,5.98,241.2,1.12,0.101,0.008,0.251,0.058,0.129,0.139,-2.35,144236.35,No injected typology,0
NPI2000005332,Lab,Midwest,117,6.64,483.69,0.99,0.209,0.031,0.138,0.048,0.065,0.051,-0.3,371144.58,No injected typology,0
NPI2000005333,Pain Management,West,142,8.32,219.13,0.57,0.248,0.019,0.135,0.193,0.029,0.137,-0.26,147296.16,No injected typology,0
NPI2000005334,Oncology,South,254,5.31,346.44,1.12,0.414,0.033,0.184,0.112,0.032,0.258,-0.59,522459.72,No injected typology,0
NPI2000005335,DME Supplier,Northeast,620,7.72,480.35,0.82,0.241,0.046,0.05,0.06,0.192,0.342,0.83,1892344.73,No injected typology,0
NPI2000005336,Internal Medicine,Midwest,121,3.79,300.39,0.78,0.307,0.026,0.103,0.042,0.037,0.211,-1.15,108204.24,No injected typology,0
NPI2000005337,Cardiology,South,67,5.82,658.44,1.15,0.449,0.005,0.018,0.037,0.024,0.155,-0.36,295878.04,No injected typology,0
NPI2000005338,Orthopedics,Northeast,122,2.54,423.2,0.75,0.129,0.2,0.212,0.098,0.054,0.053,0.26,98373.02,No injected typology,0
NPI2000005339,Internal Medicine,South,201,5.34,366.94,0.79,0.028,0.023,0.103,0.028,0.104,0.38,0.07,310504.78,No injected typology,0
NPI2000005340,DME Supplier,Northeast,279,9.0,526.34,0.76,0.305,0.104,0.061,0.094,0.128,0.234,-1.15,1002287.26,No injected typology,0
NPI2000005341,Internal Medicine,South,146,5.26,122.24,1.01,0.219,0.029,0.03,0.047,0.094,0.322,-0.17,95303.15,No injected typology,0
NPI2000005342,Cardiology,West,410,4.72,741.08,0.94,0.242,0.2,0.1,0.05,0.084,0.362,-0.28,1346566.73,No injected typology,0
NPI2000005343,Internal Medicine,Midwest,237,7.37,217.82,1.2,0.14,0.478,0.032,0.016,0.02,0.514,0.21,454842.81,Duplicate billing,1
NPI2000005344,Internal Medicine,Northeast,434,8.47,423.21,0.94,0.251,0.033,0.122,0.007,0.153,0.335,0.62,1456445.88,No injected typology,0
NPI2000005345,Radiology,South,292,4.17,179.48,0.98,0.122,0.095,0.177,0.069,0.019,0.302,-0.39,214293.83,No injected typology,0
NPI2000005346,Pain Management,South,334,5.3,429.97,0.99,0.305,0.009,0.09,0.03,0.161,0.097,-0.83,756994.61,No injected typology,0
NPI2000005347,Oncology,South,314,7.26,352.4,1.11,0.11,0.006,0.028,0.068,0.048,0.247,-1.28,888661.86,No injected typology,0
NPI2000005348,Internal Medicine,South,121,6.94,231.41,1.14,0.045,0.012,0.129,0.042,0.162,0.238,0.51,222227.07,No injected typology,0
NPI2000005349,Internal Medicine,West,37,7.23,405.97,1.1,0.157,0.124,0.106,0.021,0.031,0.218,-1.88,119903.7,No injected typology,0
NPI2000005350,Internal Medicine,South,400,8.17,456.68,1.08,0.181,0.073,0.059,0.1,0.159,0.066,1.45,1615954.26,No injected typology,0
NPI2000005351,Internal Medicine,West,85,4.52,258.17,0.91,0.297,0.072,0.121,0.069,0.088,0.347,0.17,90504.8,No injected typology,0
NPI2000005352,Cardiology,West,109,7.58,213.61,1.36,0.022,0.0,0.024,0.0,0.24,0.34,0.22,240878.79,No injected typology,0
NPI2000005353,Orthopedics,West,297,11.42,447.14,1.18,0.247,0.047,0.269,0.025,0.166,0.477,0.13,1791980.28,No injected typology,0
NPI2000005354,Cardiology,Northeast,520,5.65,339.86,1.08,0.208,0.003,0.103,0.011,0.162,0.285,0.16,1073196.08,No injected typology,0
NPI2000005355,Internal Medicine,South,369,5.22,277.72,0.92,0.336,0.037,0.73,0.19,0.176,0.267,3.07,491110.71,Unbundling/modifier abuse,1
NPI2000005356,Orthopedics,South,147,6.1,400.77,1.14,0.314,0.011,0.062,0.14,0.08,0.216,-0.67,409496.91,No injected typology,0
NPI2000005357,Internal Medicine,Midwest,287,8.51,406.64,1.05,0.057,0.044,0.128,0.576,0.125,0.198,-0.18,1037854.04,Impossible frequency,1
NPI2000005358,Lab,South,105,5.74,550.04,1.43,0.257,0.041,0.14,0.042,0.378,0.083,0.87,473904.33,No injected typology,0
NPI2000005359,DME Supplier,Midwest,136,3.5,439.16,0.97,0.172,0.023,0.236,0.005,0.041,0.362,0.27,203510.68,No injected typology,0
NPI2000005360,Pain Management,Northeast,416,7.29,269.43,1.14,0.209,0.013,0.867,0.072,0.148,0.088,2.78,930853.17,Unbundling/modifier abuse,1
NPI2000005361,Pain Management,South,83,9.45,153.71,1.08,0.074,0.025,0.046,0.819,0.02,0.083,-0.36,130485.22,Impossible frequency,1
NPI2000005362,DME Supplier,South,56,7.42,289.37,1.21,0.094,0.029,0.159,0.061,0.107,0.212,-0.02,144906.3,No injected typology,0
NPI2000005363,Oncology,Northeast,109,5.51,632.38,1.03,0.397,0.045,0.061,0.003,0.186,0.009,0.6,389709.06,No injected typology,0
NPI2000005364,Orthopedics,Midwest,254,5.76,304.91,1.24,0.259,0.003,0.14,0.016,0.074,0.211,-0.96,552245.95,No injected typology,0
NPI2000005365,DME Supplier,Midwest,99,8.13,245.6,1.04,0.212,0.15,0.133,0.064,0.112,0.468,0.81,204940.1,No injected typology,0
NPI2000005366,Cardiology,Midwest,138,5.21,138.65,0.92,0.122,0.026,0.224,0.107,0.32,0.37,0.79,91464.68,No injected typology,0
NPI2000005367,Orthopedics,Northeast,228,6.2,350.96,1.01,0.191,0.038,0.216,0.021,0.053,0.358,0.61,500967.2,No injected typology,0
NPI2000005368,Internal Medicine,Northeast,54,6.27,250.4,0.96,0.384,0.018,0.089,0.022,0.045,0.402,0.54,80960.87,No injected typology,0
NPI2000005369,Lab,West,712,6.33,284.04,1.09,0.204,0.049,0.072,0.025,0.008,0.04,-0.42,1396317.61,No injected typology,0
NPI2000005370,Home Health,South,93,4.37,621.82,0.59,0.137,0.007,0.071,0.032,0.236,0.116,-0.29,149937.87,No injected typology,0
NPI2000005371,Radiology,West,461,6.17,204.23,1.18,0.133,0.021,0.147,0.117,0.123,0.448,-0.03,683921.25,No injected typology,0
NPI2000005372,Radiology,West,73,5.01,467.83,1.06,0.351,0.045,0.748,0.007,0.096,0.109,4.77,182037.12,Unbundling/modifier abuse,1
NPI2000005373,Internal Medicine,Midwest,161,4.56,497.54,0.89,0.106,0.008,0.023,0.117,0.062,0.117,0.65,326496.05,No injected typology,0
NPI2000005374,Home Health,Midwest,230,8.69,329.45,0.68,0.14,0.095,0.118,0.018,0.099,0.194,0.37,448574.01,No injected typology,0
NPI2000005375,Internal Medicine,South,320,7.13,252.39,0.64,0.248,0.036,0.026,0.008,0.07,0.332,-0.36,369207.94,No injected typology,0
NPI2000005376,Home Health,Northeast,350,5.85,734.15,1.18,0.199,0.029,0.11,0.119,0.157,0.28,0.07,1778831.95,No injected typology,0
NPI2000005377,Internal Medicine,South,199,4.67,991.56,0.83,0.174,0.06,0.159,0.494,0.147,0.263,1.36,763518.86,Impossible frequency,1
NPI2000005378,Internal Medicine,West,51,4.46,311.58,0.75,0.026,0.005,0.129,0.02,0.133,0.217,-0.55,53460.12,No injected typology,0
NPI2000005379,Internal Medicine,Midwest,184,4.85,351.56,1.09,0.227,0.019,0.097,0.127,0.057,0.068,1.05,340557.23,No injected typology,0
NPI2000005380,DME Supplier,Northeast,136,4.55,157.21,0.99,0.151,0.007,0.06,0.105,0.086,0.045,0.54,96392.25,No injected typology,0
NPI2000005381,Internal Medicine,Northeast,107,7.96,681.4,0.88,0.355,0.019,0.003,0.03,0.192,0.119,1.36,511470.52,No injected typology,0
NPI2000005382,Orthopedics,South,316,5.78,608.83,1.24,0.331,0.006,0.146,0.035,0.039,0.502,-0.09,1381148.16,No injected typology,0
NPI2000005383,Orthopedics,West,72,7.7,429.04,0.6,0.199,0.079,0.039,0.027,0.046,0.17,-0.83,142219.26,No injected typology,0
NPI2000005384,Oncology,Midwest,562,4.27,761.04,0.81,0.083,0.067,0.28,0.077,0.017,0.216,1.44,1486871.04,No injected typology,0
NPI2000005385,Radiology,South,204,6.96,475.18,0.98,0.128,0.028,0.236,0.094,0.081,0.436,-1.06,662742.05,No injected typology,0
NPI2000005386,DME Supplier,West,138,4.83,262.94,1.24,0.17,0.004,0.192,0.082,0.189,0.297,-2.68,216771.82,No injected typology,0
NPI2000005387,Radiology,South,232,6.63,389.91,1.46,0.223,0.045,0.023,0.071,0.096,0.481,-0.83,874208.42,No injected typology,0
NPI2000005388,Internal Medicine,Northeast,320,8.51,621.55,1.45,0.088,0.011,0.088,0.057,0.235,0.371,-0.83,2450193.5,No injected typology,0
NPI2000005389,Orthopedics,Northeast,132,5.18,236.25,1.19,0.126,0.031,0.083,0.073,0.048,0.14,0.79,192558.02,No injected typology,0
NPI2000005390,Cardiology,South,246,7.7,434.84,0.98,0.078,0.023,0.163,0.791,0.1,0.043,0.51,803802.96,Impossible frequency,1
NPI2000005391,Home Health,South,213,9.77,136.52,0.75,0.149,0.119,0.054,0.075,0.029,0.381,-1.27,211826.44,No injected typology,0
NPI2000005392,Internal Medicine,South,117,6.37,364.84,0.73,0.223,0.08,0.044,0.28,0.139,0.163,-0.95,197539.66,No injected typology,0
NPI2000005393,Oncology,Northeast,207,5.41,312.42,1.07,0.217,0.063,0.189,0.052,0.022,0.207,-0.28,375002.66,No injected typology,0
NPI2000005394,Orthopedics,Midwest,116,5.64,408.54,1.38,0.049,0.032,0.148,0.04,0.217,0.222,0.62,369652.12,No injected typology,0
NPI2000005395,Lab,South,220,5.52,395.9,1.42,0.076,0.022,0.028,0.094,0.094,0.09,1.3,682045.4,No injected typology,0
NPI2000005396,Lab,Midwest,127,6.31,127.42,1.08,0.324,0.056,0.024,0.013,0.026,0.103,0.28,110339.9,No injected typology,0
NPI2000005397,Pain Management,South,265,5.65,288.15,1.21,0.059,0.061,0.116,0.013,0.081,0.317,-0.21,521334.35,No injected typology,0
NPI2000005398,Internal Medicine,South,306,7.77,217.21,1.36,0.426,0.113,0.085,0.098,0.098,0.625,0.52,701839.65,No injected typology,0
NPI2000005399,Internal Medicine,Midwest,364,7.73,605.92,0.6,0.149,0.034,0.07,0.145,0.167,0.512,1.12,1014704.0,No injected typology,0
NPI2000005400,Orthopedics,Northeast,226,2.03,456.81,1.26,0.079,0.031,0.104,0.11,0.37,0.361,0.99,263777.36,No injected typology,0
NPI2000005401,Radiology,West,92,8.34,198.53,0.9,0.188,0.08,0.122,0.059,0.047,0.532,-0.58,137288.1,No injected typology,0
NPI2000005402,Pain Management,West,126,6.53,160.03,0.84,0.318,0.096,0.052,0.105,0.067,0.128,-0.34,111061.3,No injected typology,0
NPI2000005403,Oncology,Midwest,74,3.17,358.83,0.96,0.111,0.016,0.05,0.004,0.138,0.288,-0.66,80635.87,No injected typology,0
NPI2000005404,Lab,Midwest,362,6.37,455.24,1.35,0.17,0.462,0.077,0.202,0.152,0.15,1.4,1422335.76,Duplicate billing,1
NPI2000005405,Orthopedics,South,80,8.31,634.63,1.36,0.363,0.011,0.077,0.122,0.032,0.242,1.66,573313.78,No injected typology,0
NPI2000005406,Oncology,South,340,5.63,1392.9,1.09,0.148,0.016,0.044,0.02,0.034,0.085,-0.74,2906562.8,No injected typology,0
NPI2000005407,DME Supplier,West,258,6.94,222.89,1.04,0.038,0.012,0.269,0.043,0.092,0.219,-0.0,413816.38,No injected typology,0
NPI2000005408,Internal Medicine,Northeast,122,4.71,456.96,0.76,0.27,0.01,0.21,0.08,0.138,0.287,-0.41,198965.69,No injected typology,0
NPI2000005409,Internal Medicine,Midwest,117,7.38,262.95,1.06,0.232,0.081,0.064,0.066,0.017,0.209,-0.76,241623.77,No injected typology,0
NPI2000005410,Orthopedics,West,120,3.87,171.44,0.82,0.283,0.026,0.091,0.027,0.081,0.283,-0.22,65208.49,No injected typology,0
NPI2000005411,Orthopedics,Midwest,121,4.63,383.25,1.18,0.442,0.091,0.275,0.017,0.02,0.212,-1.02,252616.04,No injected typology,0
NPI2000005412,Internal Medicine,Midwest,126,4.97,406.95,0.88,0.357,0.128,0.13,0.098,0.071,0.069,-0.49,223562.65,No injected typology,0
NPI2000005413,Lab,South,61,6.99,196.32,0.82,0.443,0.049,0.014,0.058,0.072,0.193,-0.93,68817.44,No injected typology,0
NPI2000005414,Cardiology,South,422,6.37,207.14,1.27,0.238,0.344,0.078,0.102,0.056,0.369,1.7,707078.72,Duplicate billing,1
NPI2000005415,Radiology,Northeast,208,7.45,507.53,0.89,0.225,0.022,0.12,0.07,0.196,0.484,-0.12,698122.43,No injected typology,0
NPI2000005416,Cardiology,Northeast,210,5.5,645.26,1.21,0.495,0.032,0.099,0.054,0.032,0.08,0.72,899802.8,No injected typology,0
NPI2000005417,Pain Management,Northeast,433,4.82,279.31,1.16,0.434,0.053,0.036,0.031,0.052,0.215,-0.48,677039.13,No injected typology,0
NPI2000005418,Orthopedics,Northeast,165,9.42,776.64,1.02,0.057,0.043,0.044,0.127,0.068,0.261,-0.14,1233258.86,No injected typology,0
NPI2000005419,Radiology,Northeast,132,6.11,361.41,0.66,0.312,0.079,0.218,0.03,0.071,0.412,-0.12,192831.3,No injected typology,0
NPI2000005420,Orthopedics,South,79,6.55,342.23,0.73,0.234,0.008,0.116,0.081,0.24,0.209,0.54,129890.62,No injected typology,0
NPI2000005421,Cardiology,Northeast,101,4.43,628.55,1.24,0.206,0.052,0.248,0.01,0.125,0.18,1.89,347945.5,No injected typology,0
NPI2000005422,Lab,Northeast,213,4.64,111.73,1.12,0.04,0.006,0.107,0.221,0.147,0.31,0.01,123752.08,No injected typology,0
NPI2000005423,Home Health,West,156,6.65,564.75,0.96,0.106,0.037,0.281,0.007,0.11,0.205,-0.27,564301.91,No injected typology,0
NPI2000005424,Internal Medicine,Midwest,94,6.96,283.29,0.82,0.243,0.058,0.011,0.015,0.05,0.44,-0.04,152139.45,No injected typology,0
NPI2000005425,Cardiology,Midwest,116,4.64,573.75,0.86,0.188,0.005,0.028,0.013,0.114,0.219,1.7,265614.7,No injected typology,0
NPI2000005426,Internal Medicine,Northeast,60,5.12,257.2,0.87,0.211,0.046,0.031,0.057,0.158,0.139,-0.77,68913.27,No injected typology,0
NPI2000005427,Lab,South,73,5.96,277.83,0.81,0.196,0.003,0.048,0.058,0.008,0.096,-0.92,98209.18,No injected typology,0
NPI2000005428,Orthopedics,South,238,7.88,437.46,1.04,0.428,0.077,0.149,0.007,0.104,0.164,0.26,853713.18,No injected typology,0
NPI2000005429,Lab,South,176,5.69,332.72,0.93,0.232,0.064,0.116,0.02,0.175,0.212,-1.34,308753.67,No injected typology,0
NPI2000005430,DME Supplier,West,131,8.7,328.25,0.99,0.132,0.038,0.002,0.149,0.049,0.276,-1.79,369304.14,No injected typology,0
NPI2000005431,Radiology,West,151,7.36,217.96,0.59,0.196,0.074,0.081,0.104,0.164,0.366,0.82,141888.25,No injected typology,0
NPI2000005432,Radiology,Northeast,288,8.41,455.31,1.11,0.231,0.048,0.156,0.013,0.104,0.04,1.54,1226487.85,No injected typology,0
NPI2000005433,Pain Management,Northeast,193,6.06,181.23,1.01,0.276,0.013,0.093,0.02,0.217,0.145,-0.34,214452.34,No injected typology,0
NPI2000005434,Cardiology,Midwest,218,6.55,620.15,1.19,0.291,0.03,0.011,0.144,0.174,0.28,1.41,1049269.77,No injected typology,0
NPI2000005435,Orthopedics,South,85,5.11,515.78,1.03,0.22,0.081,0.021,0.984,0.056,0.295,0.4,230043.81,Impossible frequency,1
NPI2000005436,DME Supplier,West,209,6.19,119.93,1.34,0.382,0.025,0.05,0.043,0.021,0.454,-2.07,208313.35,No injected typology,0
NPI2000005437,Oncology,West,82,6.86,267.63,0.82,0.175,0.007,0.209,0.023,0.056,0.293,0.75,123115.52,No injected typology,0
NPI2000005438,Cardiology,West,198,4.39,196.78,1.02,0.03,0.026,0.059,0.172,0.078,0.352,-0.99,174899.42,No injected typology,0
NPI2000005439,Radiology,South,120,5.56,336.47,1.21,0.312,0.028,0.016,0.07,0.13,0.282,1.18,272758.1,No injected typology,0
NPI2000005440,Cardiology,South,298,6.36,578.72,1.07,0.072,0.139,0.188,0.029,0.191,0.116,0.55,1170401.98,No injected typology,0
NPI2000005441,Home Health,Northeast,163,5.82,509.54,1.23,0.232,0.004,0.046,0.034,0.086,0.298,-0.15,596590.73,No injected typology,0
NPI2000005442,Radiology,West,57,3.69,402.18,0.82,0.275,0.018,0.043,0.007,0.055,0.216,-1.93,69714.84,No injected typology,0
NPI2000005443,Internal Medicine,Northeast,140,6.73,658.48,0.9,1.0,0.081,0.078,0.146,0.278,0.097,4.56,558844.6,Upcoding,1
NPI2000005444,Radiology,South,194,5.96,327.31,1.07,0.19,0.094,0.057,0.089,0.144,0.174,-0.43,404294.16,No injected typology,0
NPI2000005445,Lab,South,248,4.46,579.0,1.15,0.221,0.019,0.366,0.087,0.065,0.2,2.36,739447.24,No injected typology,0
NPI2000005446,Lab,South,298,6.58,147.06,1.04,0.115,0.102,0.088,0.017,0.067,0.439,-0.24,299343.28,No injected typology,0
NPI2000005447,Lab,South,190,5.24,289.15,0.85,0.122,0.041,0.341,0.202,0.13,0.28,1.81,243510.46,No injected typology,0
NPI2000005448,Orthopedics,South,483,5.41,306.21,1.08,0.162,0.039,0.259,0.014,0.167,0.426,0.88,862471.43,No injected typology,0
NPI2000005449,Internal Medicine,Midwest,71,8.12,192.42,1.09,0.542,0.032,0.133,0.027,0.133,0.234,0.07,121197.1,No injected typology,0
NPI2000005450,Orthopedics,West,134,4.7,151.87,1.14,0.265,0.007,0.24,0.052,0.023,0.196,0.17,109481.14,No injected typology,0
NPI2000005451,Lab,South,66,7.42,169.67,0.55,0.133,0.048,0.178,0.119,0.034,0.245,-0.47,45672.17,No injected typology,0
NPI2000005452,Home Health,South,102,6.48,200.21,1.15,0.034,0.012,0.226,0.028,0.216,0.661,0.78,151636.77,No injected typology,0
NPI2000005453,Pain Management,West,73,6.89,108.95,1.21,0.194,0.058,0.057,0.081,0.207,0.195,-0.56,66356.2,No injected typology,0
NPI2000005454,Internal Medicine,South,94,6.49,198.38,1.12,0.456,0.01,0.094,0.053,0.057,0.499,-1.71,135812.34,No injected typology,0
NPI2000005455,Internal Medicine,West,279,7.62,670.99,1.03,0.163,0.005,0.144,0.148,0.308,0.329,-0.02,1467415.61,No injected typology,0
NPI2000005456,DME Supplier,Midwest,140,6.29,655.01,0.79,0.946,0.056,0.155,0.037,0.12,0.042,5.21,454089.39,Upcoding,1
NPI2000005457,Lab,Northeast,359,5.23,401.52,0.83,0.161,0.0,0.095,0.001,0.057,0.161,0.71,624307.69,No injected typology,0
NPI2000005458,Home Health,Northeast,191,6.51,390.08,1.07,0.193,0.035,0.048,0.079,0.037,0.155,-0.66,519363.49,No injected typology,0
NPI2000005459,Orthopedics,West,238,6.14,292.32,0.97,0.165,0.022,0.099,0.151,0.036,0.14,-0.79,415292.31,No injected typology,0
NPI2000005460,Internal Medicine,West,356,6.1,280.15,1.07,0.09,0.019,0.1,0.06,0.089,0.113,1.33,650883.47,No injected typology,0
NPI2000005461,Cardiology,South,112,6.88,472.84,0.74,0.241,0.173,0.078,0.045,0.127,0.082,0.59,267999.52,No injected typology,0
NPI2000005462,Home Health,West,136,8.16,354.81,1.29,0.163,0.05,0.027,0.003,0.058,0.23,1.13,506695.67,No injected typology,0
NPI2000005463,Cardiology,Midwest,293,6.71,248.58,1.26,0.143,0.009,0.033,0.019,0.068,0.058,0.5,617458.64,No injected typology,0
NPI2000005464,DME Supplier,West,178,7.89,212.2,1.24,0.164,0.017,0.152,0.003,0.172,0.234,-1.43,368992.21,No injected typology,0
NPI2000005465,Internal Medicine,Midwest,112,4.81,464.81,1.15,0.317,0.015,0.159,0.021,0.12,0.395,0.84,286882.6,No injected typology,0
NPI2000005466,DME Supplier,South,917,6.24,333.4,0.92,0.304,0.417,0.041,0.04,0.14,0.149,1.31,1755683.29,Duplicate billing,1
NPI2000005467,Pain Management,Northeast,54,8.43,699.99,1.21,0.13,0.043,0.011,0.066,0.115,0.295,1.35,385462.33,No injected typology,0
NPI2000005468,Internal Medicine,Northeast,158,5.48,1052.57,1.21,0.212,0.032,0.026,0.11,0.169,0.338,1.45,1099701.26,No injected typology,0
NPI2000005469,Lab,West,181,6.35,461.23,1.16,0.057,0.004,0.568,0.044,0.07,0.102,5.67,612904.75,Unbundling/modifier abuse,1
NPI2000005470,Radiology,Northeast,133,3.89,403.67,1.08,0.106,0.02,0.142,0.029,0.05,0.355,1.18,224299.01,No injected typology,0
NPI2000005471,Internal Medicine,Northeast,207,7.58,314.71,0.96,0.159,0.088,0.136,0.018,0.052,0.107,0.38,472093.04,No injected typology,0
NPI2000005472,Home Health,Northeast,158,6.92,453.44,1.08,0.578,0.006,0.014,0.036,0.017,0.304,0.55,534451.96,No injected typology,0
NPI2000005473,Lab,West,183,4.93,212.69,0.72,0.084,0.035,0.019,0.041,0.133,0.423,-2.64,138301.43,No injected typology,0
NPI2000005474,DME Supplier,South,174,5.05,357.86,1.0,0.002,0.011,0.212,0.054,0.101,0.213,1.83,313282.37,No injected typology,0
NPI2000005475,Radiology,Midwest,130,7.73,932.57,1.31,0.184,0.06,0.227,0.025,0.181,0.127,0.54,1226812.75,No injected typology,0
NPI2000005476,Internal Medicine,Midwest,204,5.07,166.1,0.55,0.339,0.128,0.08,0.118,0.199,0.097,0.59,94514.27,No injected typology,0
NPI2000005477,Internal Medicine,Midwest,73,7.36,449.91,0.55,0.124,0.02,0.042,0.023,0.062,0.126,-0.26,132931.28,No injected typology,0
NPI2000005478,Cardiology,West,185,8.12,173.51,0.93,0.048,0.01,0.232,0.14,0.053,0.141,0.68,242561.05,No injected typology,0
NPI2000005479,Radiology,West,82,6.51,468.66,1.33,0.244,0.026,0.044,0.012,0.271,0.044,0.49,332201.41,No injected typology,0
NPI2000005480,Cardiology,Northeast,310,8.09,459.27,1.05,0.2,0.035,0.012,0.002,0.221,0.39,0.03,1205327.14,No injected typology,0
NPI2000005481,Lab,Northeast,414,7.61,229.62,0.7,0.142,0.012,0.298,0.087,0.125,0.159,1.12,504896.91,No injected typology,0
NPI2000005482,Internal Medicine,Midwest,109,5.62,204.83,1.21,0.105,0.066,0.029,0.024,0.101,0.355,0.42,152308.98,No injected typology,0
NPI2000005483,Pain Management,West,59,6.04,631.08,1.59,0.424,0.065,0.224,0.05,0.103,0.618,-1.05,358065.52,No injected typology,0
NPI2000005484,Pain Management,Midwest,57,6.84,528.16,1.26,0.246,0.009,0.035,0.096,0.197,0.159,-1.51,259515.96,No injected typology,0
NPI2000005485,Lab,Midwest,117,8.45,813.09,1.06,0.202,0.051,0.139,0.162,0.114,0.247,3.27,854447.61,No injected typology,0
NPI2000005486,Home Health,South,126,3.4,551.88,1.66,0.36,0.014,0.038,0.022,0.094,0.252,-2.89,392860.32,No injected typology,0
NPI2000005487,Radiology,West,179,4.59,269.58,1.24,0.369,0.079,0.03,0.593,0.246,0.176,-0.62,274405.59,Impossible frequency,1
NPI2000005488,Home Health,Northeast,252,4.85,407.14,1.26,0.351,0.024,0.14,0.031,0.087,0.221,0.81,626667.54,No injected typology,0
NPI2000005489,Internal Medicine,Midwest,135,5.33,258.21,1.31,0.391,0.077,0.175,0.028,0.356,0.29,-0.36,242610.86,No injected typology,0
NPI2000005490,Radiology,South,99,8.39,141.3,0.94,0.032,0.371,0.085,0.134,0.115,0.04,0.55,110027.43,Duplicate billing,1
NPI2000005491,Radiology,West,815,8.02,437.13,0.82,0.531,0.031,0.543,0.041,0.136,0.146,4.16,2333721.07,Unbundling/modifier abuse,1
NPI2000005492,Radiology,South,167,5.92,362.91,0.93,0.388,0.033,0.037,0.0,0.29,0.273,-0.68,333195.36,No injected typology,0
NPI2000005493,Pain Management,Midwest,181,3.78,274.0,0.65,0.108,0.017,0.051,0.023,0.085,0.378,-0.9,122110.94,No injected typology,0
NPI2000005494,Orthopedics,West,104,5.66,354.26,0.78,0.368,0.041,0.177,0.021,0.07,0.183,-0.88,162690.93,No injected typology,0
NPI2000005495,Internal Medicine,South,189,7.3,621.21,1.08,0.06,0.015,0.18,0.06,0.214,0.397,1.66,928352.01,No injected typology,0
NPI2000005496,Lab,Northeast,156,6.41,629.66,0.93,0.245,0.05,0.03,0.128,0.225,0.367,-0.95,583172.99,No injected typology,0
NPI2000005497,Pain Management,Midwest,226,10.13,220.42,0.55,0.264,0.049,0.113,0.003,0.067,0.479,-1.4,277559.9,No injected typology,0
NPI2000005498,Oncology,Northeast,151,5.45,454.78,1.0,0.13,0.056,0.111,0.104,0.136,0.122,-0.69,373998.43,No injected typology,0
NPI2000005499,Cardiology,South,64,5.86,449.23,0.7,0.297,0.005,0.031,0.063,0.15,0.197,-0.16,118297.14,No injected typology,0
NPI2000005500,Pain Management,South,69,7.16,577.21,1.14,0.423,0.051,0.18,0.029,0.076,0.025,0.55,323773.07,No injected typology,0
NPI2000005501,Orthopedics,South,265,7.46,496.31,0.78,0.275,0.184,0.111,0.06,0.102,0.433,1.0,767749.69,No injected typology,0
NPI2000005502,Home Health,West,233,6.87,243.42,0.57,0.022,0.012,0.025,0.048,0.144,0.213,-0.48,223185.9,No injected typology,0
NPI2000005503,Oncology,Midwest,154,3.61,387.83,0.59,0.023,0.018,0.059,0.009,0.158,0.364,1.84,127667.97,No injected typology,0
NPI2000005504,Cardiology,West,228,4.97,317.5,1.12,0.085,0.01,0.062,0.029,0.044,0.386,-2.11,401657.26,No injected typology,0
NPI2000005505,Orthopedics,Northeast,369,7.09,894.76,0.9,0.122,0.026,0.073,0.01,0.134,0.248,-0.22,2105689.8,No injected typology,0
NPI2000005506,Cardiology,Northeast,91,5.65,317.37,0.98,0.47,0.079,0.179,0.028,0.009,0.058,1.0,159471.58,No injected typology,0
NPI2000005507,Internal Medicine,West,330,10.54,267.75,1.0,0.095,0.014,0.273,0.018,0.077,0.245,-0.05,933389.05,No injected typology,0
NPI2000005508,Internal Medicine,Northeast,485,7.92,321.14,1.06,0.415,0.082,0.039,0.066,0.052,0.173,-1.18,1314215.0,No injected typology,0
NPI2000005509,Oncology,South,352,6.22,367.45,1.34,0.225,0.009,0.059,0.027,0.121,0.207,0.25,1080379.11,No injected typology,0
NPI2000005510,Orthopedics,West,128,6.63,392.86,0.97,0.187,0.056,0.019,0.051,0.021,0.126,0.39,323834.81,No injected typology,0
NPI2000005511,Radiology,Midwest,235,6.32,219.97,1.39,0.224,0.056,0.265,0.047,0.125,0.148,0.01,452560.06,No injected typology,0
NPI2000005512,Radiology,Northeast,148,4.92,407.83,0.62,0.126,0.034,0.095,0.03,0.178,0.183,1.52,183033.48,No injected typology,0
NPI2000005513,Home Health,Northeast,86,5.43,519.23,1.05,0.379,0.009,0.163,0.023,0.247,0.624,-0.48,253474.02,No injected typology,0
NPI2000005514,Cardiology,Northeast,102,3.37,131.58,0.89,0.024,0.043,0.04,0.081,0.028,0.305,0.37,40350.12,No injected typology,0
NPI2000005515,Home Health,Midwest,119,5.8,569.44,1.09,0.241,0.12,0.016,0.082,0.077,0.62,-0.18,429809.19,No injected typology,0
NPI2000005516,Oncology,South,123,3.04,189.04,1.24,0.069,0.002,0.087,0.087,0.04,0.253,1.07,87280.1,No injected typology,0
NPI2000005517,Pain Management,South,157,3.78,206.09,0.99,0.021,0.034,0.067,0.022,0.165,0.021,-1.18,120769.06,No injected typology,0
NPI2000005518,Lab,Northeast,71,6.48,384.69,0.83,0.258,0.035,0.063,0.033,0.075,0.483,0.51,147041.29,No injected typology,0
NPI2000005519,Lab,Midwest,49,6.34,396.43,1.12,0.089,0.019,0.151,0.027,0.061,0.199,-1.9,138238.68,No injected typology,0
NPI2000005520,Radiology,West,98,4.39,379.9,0.84,0.163,0.041,0.067,0.11,0.094,0.123,-0.1,136942.93,No injected typology,0
NPI2000005521,Home Health,South,290,8.71,284.87,0.86,0.249,0.013,0.186,0.097,0.166,0.262,-0.86,616620.64,No injected typology,0
NPI2000005522,Oncology,South,167,7.83,332.37,1.09,0.176,0.006,0.093,0.044,0.102,0.063,-0.43,472924.41,No injected typology,0
NPI2000005523,Pain Management,Northeast,204,6.97,515.32,1.31,0.01,0.018,0.05,0.055,0.089,0.542,0.23,960088.66,No injected typology,0
NPI2000005524,Oncology,Northeast,115,9.45,200.37,1.21,0.176,0.123,0.087,0.009,0.121,0.286,0.49,262502.51,No injected typology,0
NPI2000005525,Internal Medicine,Northeast,106,5.6,196.1,0.74,0.085,0.001,0.025,0.051,0.193,0.33,-0.14,85781.87,No injected typology,0
NPI2000005526,Radiology,South,147,4.5,359.81,0.8,0.003,0.057,0.029,0.061,0.247,0.276,-1.52,191376.37,No injected typology,0
NPI2000005527,Internal Medicine,Midwest,183,5.65,297.6,0.87,0.536,0.048,0.009,0.144,0.188,0.119,-0.59,267979.67,No injected typology,0
NPI2000005528,Orthopedics,Northeast,205,7.38,532.25,1.17,0.184,0.009,0.049,0.105,0.12,0.42,-0.02,945881.72,No injected typology,0
NPI2000005529,DME Supplier,South,514,8.35,333.64,1.04,0.36,0.022,0.069,0.1,0.233,0.491,0.04,1490762.01,No injected typology,0
NPI2000005530,Home Health,South,343,8.35,439.62,1.18,0.316,0.002,0.224,0.291,0.066,0.67,-0.4,1484637.44,No injected typology,0
NPI2000005531,Home Health,South,237,3.05,553.26,1.24,0.812,0.026,0.123,0.017,0.127,0.297,4.54,494985.05,Upcoding,1
NPI2000005532,Internal Medicine,South,59,4.86,402.32,0.75,0.259,0.052,0.043,0.052,0.038,0.49,1.1,86523.42,No injected typology,0
NPI2000005533,Internal Medicine,Midwest,129,7.4,758.36,0.55,0.184,0.04,0.062,0.031,0.234,0.104,-0.43,398105.76,No injected typology,0
NPI2000005534,Internal Medicine,South,142,2.5,378.28,0.96,0.073,0.121,0.156,0.02,0.313,0.209,-0.72,128535.03,No injected typology,0
NPI2000005535,Home Health,West,83,6.78,340.91,0.88,0.142,0.102,0.317,0.066,0.182,0.062,0.06,168368.54,No injected typology,0
NPI2000005536,Internal Medicine,Northeast,185,6.82,336.0,1.17,0.324,0.002,0.141,0.058,0.159,0.081,-0.4,496761.4,No injected typology,0
NPI2000005537,Oncology,West,127,7.73,917.79,1.11,0.105,0.086,0.18,0.005,0.107,0.097,0.56,1003650.14,No injected typology,0
NPI2000005538,Home Health,Northeast,145,6.47,239.6,1.02,0.276,0.043,0.112,0.007,0.093,0.519,-0.34,229379.79,No injected typology,0
NPI2000005539,Cardiology,Northeast,178,6.45,513.03,0.97,0.11,0.004,0.097,0.031,0.297,0.135,1.07,570869.89,No injected typology,0
NPI2000005540,Home Health,South,101,5.16,403.87,0.69,0.282,0.016,0.026,0.052,0.159,0.127,-1.55,146096.46,No injected typology,0
NPI2000005541,Internal Medicine,South,205,9.21,466.75,1.03,0.041,0.009,0.134,0.103,0.058,0.379,0.16,906388.78,No injected typology,0
NPI2000005542,Home Health,Midwest,116,5.54,1069.43,1.08,0.29,0.052,0.028,0.121,0.024,0.157,-0.53,740243.72,No injected typology,0
NPI2000005543,Internal Medicine,South,160,6.2,325.08,0.93,0.12,0.083,0.173,0.053,0.175,0.289,0.1,299301.74,No injected typology,0
NPI2000005544,Home Health,Midwest,194,6.46,403.53,1.06,0.042,0.016,0.012,0.056,0.105,0.459,1.86,533962.56,No injected typology,0
NPI2000005545,Cardiology,Midwest,632,4.71,328.22,0.94,0.214,0.023,0.034,0.051,0.085,0.09,-1.58,917683.92,No injected typology,0
NPI2000005546,DME Supplier,Midwest,75,3.28,197.6,1.25,0.522,0.058,0.177,0.135,0.077,0.146,-1.16,60902.2,No injected typology,0
NPI2000005547,Radiology,Northeast,397,5.71,139.78,0.95,0.117,0.102,0.215,0.027,0.013,0.376,0.34,301245.63,No injected typology,0
NPI2000005548,Cardiology,South,174,6.32,114.77,0.74,0.171,0.07,0.178,0.12,0.033,0.719,-1.05,93592.68,No injected typology,0
NPI2000005549,Internal Medicine,South,96,6.48,156.38,0.97,0.101,0.048,0.081,0.126,0.189,0.411,-0.66,93915.11,No injected typology,0
NPI2000005550,Internal Medicine,South,130,3.86,511.17,1.12,0.444,0.039,0.125,0.061,0.075,0.117,-0.41,288126.81,No injected typology,0
NPI2000005551,Lab,Midwest,104,4.99,182.65,1.36,0.073,0.035,0.175,0.002,0.092,0.567,-1.27,129161.73,No injected typology,0
NPI2000005552,Oncology,South,277,5.39,289.98,0.72,0.196,0.034,0.076,0.04,0.079,0.204,-1.19,311074.87,No injected typology,0
NPI2000005553,DME Supplier,Midwest,244,7.09,195.7,1.1,0.397,0.281,0.121,0.038,0.491,0.235,3.39,371334.5,Duplicate billing,1
NPI2000005554,Internal Medicine,West,243,5.73,371.99,1.29,0.528,0.053,0.097,0.045,0.121,0.413,-0.46,666037.74,No injected typology,0
NPI2000005555,DME Supplier,Midwest,274,7.65,351.06,1.0,0.045,0.009,0.264,0.044,0.182,0.197,-0.49,737289.35,No injected typology,0
NPI2000005556,Orthopedics,Northeast,84,5.49,178.38,1.12,0.306,0.059,0.112,0.038,0.011,0.265,0.11,92328.91,No injected typology,0
NPI2000005557,Internal Medicine,West,55,4.38,607.8,0.7,0.633,0.036,0.068,0.002,0.065,0.326,3.77,102336.03,Upcoding,1
NPI2000005558,Radiology,South,221,6.09,197.08,0.95,0.133,0.05,0.215,0.048,0.17,0.097,0.8,253303.89,No injected typology,0
NPI2000005559,Lab,South,140,5.24,576.07,1.06,0.331,0.045,0.068,0.055,0.062,0.2,-0.66,448566.2,No injected typology,0
NPI2000005560,DME Supplier,Northeast,95,6.99,497.1,1.16,0.106,0.082,0.086,0.058,0.054,0.366,-1.21,383266.22,No injected typology,0
NPI2000005561,DME Supplier,West,326,5.48,414.92,1.13,0.858,0.056,0.069,0.145,0.112,0.058,3.87,834774.7,Upcoding,1
NPI2000005562,Oncology,Midwest,543,5.98,701.19,1.1,0.187,0.072,0.109,0.057,0.069,0.083,0.13,2495872.4,No injected typology,0
NPI2000005563,Internal Medicine,Midwest,364,8.7,268.63,0.73,0.021,0.079,0.076,0.07,0.138,0.591,-1.24,621963.24,No injected typology,0
NPI2000005564,Lab,South,132,7.15,413.77,1.37,0.205,0.004,0.082,0.195,0.148,0.272,0.36,533844.32,No injected typology,0
NPI2000005565,Oncology,West,579,4.18,404.46,0.9,0.232,0.075,0.074,0.096,0.145,0.528,0.42,882306.7,No injected typology,0
NPI2000005566,Lab,West,432,8.14,401.44,1.17,0.056,0.064,0.042,0.002,0.147,0.039,1.84,1651923.74,No injected typology,0
NPI2000005567,DME Supplier,Midwest,83,7.35,193.35,0.97,0.242,0.057,0.065,0.014,0.048,0.642,0.48,114034.46,No injected typology,0
NPI2000005568,Lab,West,204,6.1,316.97,1.02,0.106,0.031,0.211,0.061,0.052,0.42,0.45,403722.08,No injected typology,0
NPI2000005569,Pain Management,West,158,7.23,287.82,1.57,0.224,0.042,0.149,0.015,0.076,0.125,-2.25,515634.75,No injected typology,0
NPI2000005570,Orthopedics,Midwest,80,5.12,136.7,1.33,0.49,0.011,0.018,0.028,0.149,0.387,-3.0,74428.67,No injected typology,0
NPI2000005571,Pain Management,West,210,7.63,341.18,1.24,0.321,0.027,0.103,0.009,0.048,0.244,-0.27,675243.19,No injected typology,0
NPI2000005572,Internal Medicine,Midwest,204,6.65,405.53,1.11,0.313,0.009,0.127,0.21,0.21,0.135,-0.97,608450.59,No injected typology,0
NPI2000005573,Internal Medicine,West,61,5.63,232.7,0.77,0.045,0.031,0.238,0.075,0.046,0.327,0.37,61172.99,No injected typology,0
NPI2000005574,DME Supplier,South,30,6.27,163.52,0.86,0.099,0.1,0.066,0.039,0.415,0.499,0.02,26339.69,No injected typology,0
NPI2000005575,DME Supplier,Midwest,85,6.07,450.74,0.92,0.105,0.048,0.087,0.162,0.039,0.273,-0.87,212960.2,No injected typology,0
NPI2000005576,Internal Medicine,Midwest,105,7.17,248.82,0.75,0.336,0.025,0.028,0.044,0.171,0.104,-0.6,140228.62,No injected typology,0
NPI2000005577,Radiology,Northeast,81,5.23,230.22,1.1,0.164,0.008,0.084,0.031,0.065,0.248,-0.47,107071.95,No injected typology,0
NPI2000005578,Internal Medicine,West,120,5.7,290.38,1.04,0.35,0.475,0.077,0.043,0.084,0.604,-0.07,205768.95,Duplicate billing,1
NPI2000005579,Cardiology,Northeast,331,6.04,426.07,1.04,0.145,0.019,0.102,0.189,0.263,0.065,1.96,885329.44,No injected typology,0
NPI2000005580,Pain Management,Midwest,182,8.62,314.41,0.98,0.021,0.031,0.011,0.022,0.082,0.286,0.3,481859.16,No injected typology,0
NPI2000005581,Radiology,South,91,3.9,334.35,0.85,0.228,0.011,0.067,0.015,0.094,0.106,0.01,100366.61,No injected typology,0
NPI2000005582,Pain Management,South,61,6.9,1175.71,1.28,0.207,0.071,0.6,0.026,0.012,0.112,4.01,634545.1,Unbundling/modifier abuse,1
NPI2000005583,Lab,West,102,4.81,190.13,1.12,0.166,0.006,0.079,0.019,0.318,0.367,-0.63,104631.49,No injected typology,0
NPI2000005584,Radiology,South,98,5.91,508.51,1.16,0.153,0.019,0.032,0.22,0.245,0.166,-0.58,341705.69,No injected typology,0
NPI2000005585,DME Supplier,West,133,6.25,343.13,1.06,0.177,0.022,0.088,0.018,0.141,0.573,-0.14,303397.4,No injected typology,0
NPI2000005586,Lab,South,265,6.28,157.4,1.18,0.278,0.11,0.18,0.027,0.12,0.446,0.54,309466.34,No injected typology,0
NPI2000005587,Orthopedics,Northeast,63,7.37,206.83,0.72,0.05,0.063,0.081,0.061,0.038,0.38,0.98,69325.93,No injected typology,0
NPI2000005588,DME Supplier,West,173,7.46,468.72,1.16,0.232,0.014,0.218,0.035,0.147,0.357,-0.15,701300.78,No injected typology,0
NPI2000005589,Home Health,Midwest,310,3.43,222.23,1.19,0.178,0.033,0.009,0.131,0.057,0.52,-0.52,282136.97,No injected typology,0
NPI2000005590,Internal Medicine,South,194,6.72,218.39,0.87,0.123,0.018,0.057,0.054,0.044,0.149,-1.36,248982.11,No injected typology,0
NPI2000005591,Cardiology,Midwest,176,3.78,395.38,1.34,0.257,0.016,0.141,0.031,0.026,0.532,-2.45,352730.44,No injected typology,0
NPI2000005592,Oncology,Northeast,90,4.45,446.81,0.93,0.128,0.01,0.03,0.001,0.091,0.297,-0.39,166766.49,No injected typology,0
NPI2000005593,Cardiology,South,114,6.33,313.27,1.07,0.166,0.03,0.02,0.092,0.174,0.39,-1.25,242284.19,No injected typology,0
NPI2000005594,Lab,Midwest,462,7.79,208.2,1.3,0.139,0.027,0.203,0.02,0.104,0.384,0.66,976436.31,No injected typology,0
NPI2000005595,Internal Medicine,Midwest,180,5.65,392.75,0.92,0.161,0.019,0.084,0.06,0.32,0.164,1.04,367077.45,No injected typology,0
NPI2000005596,Cardiology,Midwest,205,6.32,264.9,0.55,0.096,0.025,0.227,0.037,0.165,0.262,-0.88,188639.6,No injected typology,0
NPI2000005597,Cardiology,South,137,7.12,290.05,0.82,0.253,0.036,0.004,0.021,0.073,0.506,0.99,232400.23,No injected typology,0
NPI2000005598,Internal Medicine,South,52,5.35,314.9,0.87,0.192,0.015,0.084,0.132,0.103,0.214,0.38,76155.85,No injected typology,0
NPI2000005599,Radiology,South,165,3.98,423.91,1.08,0.059,0.028,0.032,0.051,0.029,0.076,1.18,300661.04,No injected typology,0
NPI2000005600,Cardiology,South,176,8.12,388.74,0.87,0.303,0.021,0.032,0.034,0.101,0.345,1.81,486272.33,No injected typology,0
NPI2000005601,DME Supplier,South,117,8.17,280.68,0.67,0.182,0.016,0.155,0.099,0.133,0.548,0.45,180258.28,No injected typology,0
NPI2000005602,Internal Medicine,South,373,5.7,461.5,0.7,0.227,0.055,0.219,0.016,0.176,0.286,1.18,688310.84,No injected typology,0
NPI2000005603,DME Supplier,West,261,7.09,831.8,1.22,0.144,0.036,0.082,0.099,0.211,0.335,0.78,1869521.14,No injected typology,0
NPI2000005604,Pain Management,Midwest,68,5.31,495.77,1.12,0.098,0.013,0.168,0.011,0.077,0.334,0.27,200036.6,No injected typology,0
NPI2000005605,Pain Management,West,141,6.85,240.61,0.55,0.019,0.088,0.258,0.232,0.045,0.067,0.97,127799.15,No injected typology,0
NPI2000005606,Radiology,Northeast,83,5.14,388.84,1.1,0.054,0.033,0.036,0.043,0.208,0.062,-0.03,181870.62,No injected typology,0
NPI2000005607,Orthopedics,South,144,9.32,799.82,0.79,0.055,0.019,0.547,0.058,0.175,0.419,4.11,844188.01,Unbundling/modifier abuse,1
NPI2000005608,Radiology,South,30,4.55,422.73,1.38,0.381,0.082,0.039,0.039,0.076,0.291,0.46,79439.42,No injected typology,0
NPI2000005609,Lab,Midwest,184,6.61,686.05,1.22,0.477,0.006,0.093,0.039,0.061,0.218,1.45,1017828.02,No injected typology,0
NPI2000005610,Cardiology,Northeast,181,6.96,326.43,1.02,0.224,0.152,0.224,0.053,0.184,0.241,0.44,421496.06,No injected typology,0
NPI2000005611,Cardiology,South,88,4.24,860.44,0.65,0.058,0.036,0.206,0.131,0.002,0.299,0.54,210361.52,No injected typology,0
NPI2000005612,Home Health,Midwest,417,7.82,833.09,0.86,0.057,0.032,0.12,0.086,0.251,0.35,0.67,2328503.55,No injected typology,0
NPI2000005613,Internal Medicine,West,221,5.12,480.13,1.1,0.277,0.013,0.034,0.002,0.198,0.298,0.94,596887.83,No injected typology,0
NPI2000005614,Internal Medicine,South,166,7.52,263.92,0.95,0.437,0.025,0.033,0.068,0.095,0.207,-0.11,313224.93,No injected typology,0
NPI2000005615,Home Health,South,181,6.56,610.22,0.75,0.165,0.039,0.04,0.057,0.068,0.334,-0.41,543812.03,No injected typology,0
NPI2000005616,Radiology,Northeast,144,4.52,452.1,0.8,0.26,0.056,0.097,0.044,0.025,0.397,0.79,233886.68,No injected typology,0
NPI2000005617,Internal Medicine,South,114,4.83,235.17,1.18,0.3,0.072,0.153,0.26,0.296,0.172,-1.64,152176.62,No injected typology,0
NPI2000005618,DME Supplier,Northeast,127,6.0,618.91,1.39,0.095,0.012,0.058,0.065,0.01,0.263,-1.79,657047.88,No injected typology,0
NPI2000005619,Pain Management,South,228,6.58,512.24,1.25,0.041,0.088,0.125,0.066,0.139,0.156,0.0,959680.57,No injected typology,0
NPI2000005620,DME Supplier,South,90,6.61,138.65,1.26,0.162,0.071,0.129,0.135,0.179,0.475,-0.95,104217.21,No injected typology,0
NPI2000005621,Oncology,Northeast,84,6.68,261.79,1.09,0.024,0.009,0.08,0.026,0.184,0.015,-0.87,160564.08,No injected typology,0
NPI2000005622,Internal Medicine,West,317,9.19,826.34,1.1,0.138,0.034,0.154,0.177,0.071,0.364,-1.59,2658220.27,No injected typology,0
NPI2000005623,Internal Medicine,South,108,6.02,471.63,0.61,0.031,0.007,0.068,0.031,0.041,0.076,1.96,186560.97,No injected typology,0
NPI2000005624,Internal Medicine,South,182,2.34,294.39,1.11,0.291,0.017,0.098,0.221,0.118,0.219,0.55,139716.32,No injected typology,0
NPI2000005625,Home Health,Midwest,88,5.21,762.33,0.75,0.122,0.083,0.037,0.17,0.018,0.176,-0.48,262643.78,No injected typology,0
NPI2000005626,Lab,Midwest,153,4.43,382.16,1.27,0.138,0.032,0.133,0.112,0.293,0.418,0.08,327863.63,No injected typology,0
NPI2000005627,DME Supplier,Northeast,108,6.17,607.88,0.86,0.131,0.01,0.31,0.035,0.131,0.055,-0.83,349619.45,No injected typology,0
NPI2000005628,Internal Medicine,Midwest,108,3.92,367.43,1.16,0.329,0.316,0.026,0.032,0.016,0.155,0.78,180773.74,Duplicate billing,1
NPI2000005629,Pain Management,Midwest,155,5.76,281.36,1.29,0.436,0.024,0.084,0.081,0.06,0.145,-1.85,323330.63,No injected typology,0
NPI2000005630,Internal Medicine,West,194,5.19,418.36,0.95,0.121,0.038,0.048,0.03,0.22,0.133,0.19,400425.61,No injected typology,0
NPI2000005631,Internal Medicine,Midwest,140,5.03,82.0,0.89,0.394,0.022,0.027,0.196,0.027,0.228,-0.93,51242.83,No injected typology,0
NPI2000005632,Cardiology,Midwest,371,7.09,254.6,1.36,0.247,0.088,0.084,0.786,0.06,0.109,-1.23,910844.95,Impossible frequency,1
NPI2000005633,Lab,South,193,6.66,384.77,1.02,0.104,0.005,0.208,0.002,0.034,0.194,0.0,504931.95,No injected typology,0
NPI2000005634,Home Health,Northeast,124,6.67,304.67,1.05,0.12,0.01,0.138,0.597,0.166,0.12,-0.61,263726.74,Impossible frequency,1
NPI2000005635,Oncology,South,175,6.53,200.3,0.89,0.024,0.117,0.308,0.014,0.117,0.149,-0.0,203456.28,No injected typology,0
NPI2000005636,Pain Management,South,201,2.93,241.62,1.06,0.497,0.079,0.069,0.057,0.271,0.28,-0.55,151400.84,No injected typology,0
NPI2000005637,Internal Medicine,South,265,6.46,533.77,0.69,0.296,0.017,0.147,0.024,0.072,0.622,2.3,630478.74,No injected typology,0
NPI2000005638,Orthopedics,Midwest,112,7.7,418.68,0.85,0.451,0.009,0.064,0.014,0.067,0.31,-0.2,306100.07,No injected typology,0
NPI2000005639,Internal Medicine,Midwest,60,7.66,357.96,1.17,0.318,0.036,0.105,0.112,0.214,0.395,0.15,193199.17,No injected typology,0
NPI2000005640,Orthopedics,South,61,4.91,520.61,1.07,0.315,0.114,0.105,0.074,0.062,0.13,1.51,167246.89,No injected typology,0
NPI2000005641,Home Health,South,52,4.24,355.44,1.03,0.114,0.026,0.075,0.039,0.115,0.489,0.51,81108.81,No injected typology,0
NPI2000005642,Home Health,South,302,7.44,348.73,1.1,0.379,0.029,0.141,0.188,0.118,0.035,-0.73,858961.45,No injected typology,0
NPI2000005643,Oncology,South,52,5.93,517.36,1.26,0.073,0.043,0.114,0.008,0.081,0.06,1.01,201473.87,No injected typology,0
NPI2000005644,Orthopedics,Northeast,349,6.67,185.58,1.16,0.103,0.001,0.14,0.102,0.081,0.241,-0.73,500924.69,No injected typology,0
NPI2000005645,Internal Medicine,South,173,6.1,400.21,1.29,0.186,0.138,0.161,0.011,0.1,0.108,0.74,543728.13,No injected typology,0
NPI2000005646,Lab,Northeast,242,7.97,550.99,1.14,0.116,0.002,0.069,0.044,0.233,0.423,0.47,1214850.09,No injected typology,0
NPI2000005647,Internal Medicine,Northeast,60,5.32,146.82,0.91,0.169,0.013,0.023,0.07,0.062,0.232,0.13,42741.48,No injected typology,0
NPI2000005648,Orthopedics,West,122,4.47,478.82,0.88,0.072,0.007,0.697,0.015,0.131,0.193,4.33,230440.63,Unbundling/modifier abuse,1
NPI2000005649,Internal Medicine,Midwest,292,7.13,623.94,1.09,0.244,0.103,0.124,0.006,0.009,0.046,-0.27,1418203.01,No injected typology,0
NPI2000005650,Radiology,Midwest,99,6.94,280.14,0.98,0.149,0.066,0.245,0.002,0.236,0.127,0.85,188743.78,No injected typology,0
NPI2000005651,Lab,West,390,5.49,196.46,0.99,0.13,0.026,0.098,0.079,0.118,0.181,0.93,417364.96,No injected typology,0
NPI2000005652,Cardiology,South,217,7.56,432.82,0.98,0.286,0.019,0.07,0.01,0.013,0.229,0.53,691947.23,No injected typology,0
NPI2000005653,DME Supplier,Midwest,155,6.13,445.1,0.84,0.206,0.028,0.066,0.127,0.042,0.367,0.58,355341.61,No injected typology,0
NPI2000005654,Internal Medicine,Midwest,346,7.98,385.0,0.98,0.22,0.08,0.037,0.201,0.051,0.442,0.16,1039871.02,No injected typology,0
NPI2000005655,Home Health,South,148,6.02,368.17,0.79,0.13,0.027,0.028,0.013,0.121,0.267,-0.84,258489.06,No injected typology,0
NPI2000005656,Internal Medicine,Northeast,188,6.0,601.21,0.8,0.313,0.087,0.301,0.024,0.256,0.153,-0.55,544340.96,No injected typology,0
NPI2000005657,Cardiology,West,207,4.44,292.24,0.58,0.759,0.01,0.036,0.104,0.017,0.034,3.11,156852.8,Upcoding,1
NPI2000005658,DME Supplier,West,74,7.38,141.39,1.1,0.027,0.013,0.193,0.019,0.224,0.158,0.03,84837.4,No injected typology,0
NPI2000005659,Pain Management,Midwest,195,5.17,216.82,1.02,0.095,0.079,0.129,0.061,0.134,0.078,-1.55,221942.26,No injected typology,0
NPI2000005660,Radiology,Northeast,301,8.28,121.99,1.25,0.078,0.056,0.247,0.084,0.15,0.183,0.07,380746.92,No injected typology,0
NPI2000005661,Internal Medicine,West,286,7.2,417.23,0.84,0.302,0.011,0.061,0.026,0.09,0.202,0.53,719654.23,No injected typology,0
NPI2000005662,Cardiology,South,396,5.08,438.09,1.07,0.076,0.031,0.137,0.013,0.072,0.072,0.88,939664.96,No injected typology,0
NPI2000005663,Internal Medicine,West,197,7.84,329.51,1.38,0.083,0.02,0.208,0.03,0.018,0.343,0.88,704575.02,No injected typology,0
NPI2000005664,Orthopedics,Northeast,96,7.06,328.55,0.79,0.089,0.036,0.765,0.017,0.191,0.264,3.81,176862.57,Unbundling/modifier abuse,1
NPI2000005665,Lab,West,454,3.8,197.95,1.07,0.394,0.025,0.114,0.008,0.075,0.066,-1.74,365867.1,No injected typology,0
NPI2000005666,Oncology,Northeast,59,5.99,355.77,0.83,0.094,0.453,0.043,0.028,0.031,0.393,0.16,104074.96,Duplicate billing,1
NPI2000005667,Oncology,South,231,5.11,452.22,1.32,0.071,0.137,0.085,0.006,0.039,0.297,0.56,704178.57,No injected typology,0
NPI2000005668,Internal Medicine,West,42,6.53,398.01,1.35,0.035,0.033,0.221,0.035,0.174,0.124,0.46,147075.49,No injected typology,0
NPI2000005669,Cardiology,Midwest,141,7.85,169.14,1.0,0.361,0.036,0.121,0.051,0.025,0.08,-0.1,188237.79,No injected typology,0
NPI2000005670,Cardiology,West,575,8.12,198.78,0.83,0.057,0.058,0.041,0.139,0.011,0.288,-0.16,767827.2,No injected typology,0
NPI2000005671,DME Supplier,Midwest,64,5.92,173.46,1.39,0.177,0.058,0.237,0.016,0.049,0.331,0.53,91644.05,No injected typology,0
NPI2000005672,Lab,Midwest,450,2.75,247.16,1.04,0.119,0.036,0.003,0.143,0.181,0.176,-0.41,317603.94,No injected typology,0
NPI2000005673,Pain Management,South,133,8.29,597.12,1.57,0.226,0.033,0.143,0.05,0.082,0.355,-1.59,1033731.48,No injected typology,0
NPI2000005674,Internal Medicine,South,105,5.06,316.59,1.23,0.157,0.103,0.021,0.073,0.022,0.291,-0.35,206067.53,No injected typology,0
NPI2000005675,Home Health,South,145,7.64,503.47,0.81,0.21,0.021,0.634,0.014,0.114,0.272,4.31,453330.93,Unbundling/modifier abuse,1
NPI2000005676,Home Health,Northeast,143,5.59,597.46,0.84,0.022,0.007,0.138,0.041,0.045,0.098,0.32,400737.77,No injected typology,0
NPI2000005677,Orthopedics,West,220,5.97,442.42,1.2,0.185,0.031,0.013,0.072,0.052,0.37,-0.43,694589.96,No injected typology,0
NPI2000005678,DME Supplier,South,243,5.87,239.11,0.99,0.213,0.058,0.091,0.023,0.158,0.107,-0.86,337057.06,No injected typology,0
NPI2000005679,Cardiology,Northeast,228,7.17,253.71,0.97,0.406,0.001,0.009,0.026,0.174,0.17,-0.32,403967.49,No injected typology,0
NPI2000005680,Cardiology,South,194,6.74,324.54,1.08,0.071,0.005,0.028,0.003,0.069,0.049,-0.65,458691.57,No injected typology,0
NPI2000005681,DME Supplier,Midwest,144,4.58,365.03,0.92,0.209,0.03,0.164,0.003,0.007,0.167,-0.5,222403.87,No injected typology,0
NPI2000005682,Orthopedics,South,462,6.11,220.66,1.25,0.398,0.079,0.032,0.005,0.099,0.156,-0.3,781359.29,No injected typology,0
NPI2000005683,Orthopedics,Midwest,317,8.94,195.87,1.36,0.066,0.408,0.36,0.106,0.02,0.068,-0.09,755242.37,Duplicate billing,1
NPI2000005684,Internal Medicine,Midwest,155,8.78,342.11,1.3,0.121,0.029,0.063,0.071,0.173,0.182,0.66,604712.84,No injected typology,0
NPI2000005685,Lab,South,191,5.7,176.96,1.19,0.262,0.018,0.143,0.059,0.035,0.305,-0.53,228835.77,No injected typology,0
NPI2000005686,DME Supplier,West,211,5.06,723.49,0.97,0.188,0.016,0.145,0.036,0.046,0.21,1.65,748873.78,No injected typology,0
NPI2000005687,Lab,South,436,6.22,478.08,0.78,0.082,0.089,0.137,0.022,0.186,0.426,-1.12,1007592.31,No injected typology,0
NPI2000005688,DME Supplier,Midwest,185,9.46,474.0,1.07,0.204,0.003,0.204,0.019,0.088,0.165,0.43,891114.86,No injected typology,0
NPI2000005689,Internal Medicine,West,184,5.96,177.47,1.06,0.137,0.003,0.064,0.006,0.149,0.491,-2.04,205441.32,No injected typology,0
NPI2000005690,Internal Medicine,Northeast,238,7.3,297.63,0.73,0.038,0.032,0.112,0.04,0.138,0.231,-0.47,379511.1,No injected typology,0
NPI2000005691,Internal Medicine,Northeast,207,5.47,597.17,0.82,0.182,0.03,0.132,0.029,0.104,0.236,0.65,553130.8,No injected typology,0
NPI2000005692,Orthopedics,Midwest,103,6.38,825.34,1.35,0.181,0.09,0.198,0.104,0.083,0.334,1.57,729846.98,No injected typology,0
NPI2000005693,Internal Medicine,South,82,4.99,323.57,0.98,0.285,0.002,0.12,0.111,0.027,0.136,-0.07,130098.7,No injected typology,0
NPI2000005694,Orthopedics,South,263,6.94,445.49,1.02,0.293,0.056,0.1,0.111,0.133,0.125,-0.04,831454.51,No injected typology,0
NPI2000005695,Oncology,Northeast,208,9.18,199.55,1.06,0.395,0.017,0.02,0.213,0.11,0.028,0.05,402855.5,No injected typology,0
NPI2000005696,Internal Medicine,South,188,7.48,193.63,0.85,0.149,0.039,0.086,0.025,0.088,0.333,0.33,230348.42,No injected typology,0
NPI2000005697,Internal Medicine,West,145,6.5,451.95,1.19,0.117,0.015,0.11,0.141,0.077,0.602,0.5,505754.81,No injected typology,0
NPI2000005698,Radiology,Midwest,106,7.41,215.06,0.99,0.191,0.02,0.087,0.037,0.127,0.121,-0.04,167357.79,No injected typology,0
NPI2000005699,Radiology,West,141,6.32,244.47,0.78,0.276,0.04,0.112,0.042,0.06,0.262,0.48,170060.27,No injected typology,0
NPI2000005700,Cardiology,West,97,5.07,245.77,1.27,0.321,0.018,0.031,0.098,0.185,0.249,-0.2,154089.53,No injected typology,0
NPI2000005701,Internal Medicine,West,97,9.55,454.89,0.77,0.226,0.061,0.023,0.018,0.076,0.166,1.35,324713.12,No injected typology,0
NPI2000005702,Orthopedics,South,132,6.3,280.9,0.6,0.127,0.091,0.117,0.047,0.01,0.274,1.14,140971.97,No injected typology,0
NPI2000005703,Home Health,West,228,8.43,469.67,1.03,0.672,0.002,0.164,0.047,0.071,0.175,5.98,925480.33,Upcoding,1
NPI2000005704,Cardiology,Midwest,110,4.16,492.49,0.89,0.299,0.013,0.169,0.011,0.096,0.298,0.23,201127.07,No injected typology,0
NPI2000005705,Pain Management,West,234,7.61,388.6,0.97,0.144,0.052,0.305,0.056,0.075,0.139,-1.04,668396.29,No injected typology,0
NPI2000005706,Pain Management,West,273,6.0,328.53,1.06,0.182,0.056,0.097,0.144,0.104,0.238,1.19,567923.12,No injected typology,0
NPI2000005707,Lab,Northeast,173,6.56,377.67,1.14,0.197,0.488,0.069,0.0,0.116,0.234,0.89,489799.77,Duplicate billing,1
NPI2000005708,Home Health,Midwest,119,5.69,317.58,0.95,0.259,0.013,0.085,0.103,0.159,0.29,-1.31,204523.9,No injected typology,0
NPI2000005709,Orthopedics,Midwest,232,6.01,626.32,1.02,0.078,0.054,0.207,0.001,0.041,0.085,-1.14,894950.08,No injected typology,0
NPI2000005710,Orthopedics,South,236,8.38,294.7,1.23,0.092,0.036,0.012,0.106,0.065,0.36,-1.21,714208.69,No injected typology,0
NPI2000005711,Internal Medicine,West,557,5.93,324.29,0.62,0.034,0.059,0.056,0.001,0.323,0.167,0.22,664812.13,No injected typology,0
NPI2000005712,Radiology,West,165,6.16,228.69,1.08,0.169,0.065,0.058,0.066,0.035,0.121,0.77,251882.02,No injected typology,0
NPI2000005713,Internal Medicine,Northeast,283,6.14,237.12,0.83,0.104,0.008,0.139,0.204,0.036,0.226,-0.55,342790.73,No injected typology,0
NPI2000005714,Internal Medicine,South,332,6.21,414.75,0.99,0.077,0.043,0.031,0.081,0.071,0.386,0.92,843124.42,No injected typology,0
NPI2000005715,Orthopedics,Northeast,435,4.68,586.5,1.12,0.216,0.04,0.093,0.214,0.04,0.26,1.82,1340868.55,No injected typology,0
NPI2000005716,Home Health,South,59,4.23,271.29,1.32,0.232,0.029,0.745,0.032,0.182,0.156,3.13,89366.51,Unbundling/modifier abuse,1
NPI2000005717,DME Supplier,South,211,5.81,395.19,1.13,0.158,0.134,0.065,0.02,0.197,0.152,-0.35,545324.05,No injected typology,0
NPI2000005718,Internal Medicine,Northeast,149,8.14,394.59,1.42,0.166,0.013,0.102,0.14,0.321,0.512,0.03,677964.08,No injected typology,0
NPI2000005719,DME Supplier,South,122,5.99,232.15,1.2,0.125,0.059,0.139,0.087,0.106,0.12,-0.3,203541.89,No injected typology,0
NPI2000005720,Radiology,South,38,5.9,501.69,0.89,0.116,0.022,0.061,0.088,0.062,0.094,-0.68,99700.7,No injected typology,0
NPI2000005721,Radiology,West,99,7.09,505.6,0.97,0.842,0.141,0.045,0.155,0.054,0.326,3.28,343523.16,Upcoding,1
NPI2000005722,Cardiology,West,128,5.54,508.12,1.04,0.164,0.182,0.055,0.08,0.064,0.106,-0.47,375530.27,No injected typology,0
NPI2000005723,Internal Medicine,Midwest,242,7.52,304.24,1.39,0.212,0.021,0.307,0.191,0.041,0.381,0.36,768970.93,No injected typology,0
NPI2000005724,Orthopedics,West,96,6.59,452.71,0.85,0.081,0.098,0.019,0.012,0.096,0.195,-0.95,244369.07,No injected typology,0
NPI2000005725,Cardiology,West,214,6.4,439.87,0.85,0.141,0.001,0.184,0.06,0.094,0.155,0.31,511974.04,No injected typology,0
NPI2000005726,Oncology,South,75,6.59,406.39,1.18,0.28,0.039,0.985,0.003,0.265,0.219,3.93,236575.79,Unbundling/modifier abuse,1
NPI2000005727,Home Health,South,156,5.6,517.18,0.87,0.149,0.325,0.187,0.025,0.046,0.471,0.16,393760.88,Duplicate billing,1
NPI2000005728,Cardiology,Midwest,210,7.43,373.68,1.1,0.318,0.052,0.099,0.183,0.083,0.124,1.26,639134.67,No injected typology,0
NPI2000005729,Lab,Northeast,106,2.85,1018.8,0.84,0.104,0.077,0.137,0.082,0.064,0.462,1.36,258898.59,No injected typology,0
NPI2000005730,Home Health,Midwest,114,4.28,316.47,0.77,0.377,0.014,0.057,0.036,0.037,0.333,-1.27,119321.14,No injected typology,0
NPI2000005731,Internal Medicine,Midwest,177,7.02,464.53,1.35,0.279,0.001,0.271,0.153,0.233,0.161,0.08,777885.65,No injected typology,0
NPI2000005732,Cardiology,Northeast,449,3.45,343.52,1.13,0.1,0.01,0.149,0.027,0.099,0.085,0.64,599911.52,No injected typology,0
NPI2000005733,Cardiology,Northeast,166,6.42,326.94,0.8,0.204,0.01,0.244,0.083,0.096,0.082,-1.13,279053.64,No injected typology,0
NPI2000005734,Oncology,South,79,6.4,375.14,1.06,0.251,0.023,0.202,0.02,0.173,0.183,0.8,201363.15,No injected typology,0
NPI2000005735,Home Health,West,166,3.36,869.8,0.82,0.858,0.115,0.142,0.028,0.053,0.258,3.59,397120.09,Upcoding,1
NPI2000005736,Internal Medicine,South,276,5.39,576.68,1.26,0.091,0.026,0.029,0.024,0.075,0.304,0.28,1080557.7,No injected typology,0
NPI2000005737,Lab,South,417,8.55,417.44,0.96,0.112,0.062,0.024,0.074,0.171,0.077,1.29,1429334.46,No injected typology,0
NPI2000005738,Orthopedics,Northeast,205,7.38,496.35,0.92,0.095,0.02,0.02,0.012,0.015,0.064,-0.82,690763.66,No injected typology,0
NPI2000005739,Oncology,West,202,7.36,472.83,0.94,0.226,0.021,0.767,0.018,0.119,0.323,2.53,661122.49,Unbundling/modifier abuse,1
NPI2000005740,DME Supplier,Northeast,195,5.75,177.48,0.76,0.333,0.031,0.279,0.146,0.135,0.313,-0.67,152174.44,No injected typology,0
NPI2000005741,Internal Medicine,West,224,7.06,362.54,1.12,0.179,0.058,0.366,0.314,0.083,0.26,-0.94,640883.38,No injected typology,0
NPI2000005742,Orthopedics,West,211,5.62,399.36,1.13,0.104,0.001,0.258,0.002,0.226,0.136,0.44,535041.4,No injected typology,0
NPI2000005743,Home Health,South,136,5.93,265.84,1.37,0.215,0.106,0.117,0.057,0.144,0.433,0.37,293435.7,No injected typology,0
NPI2000005744,Pain Management,Midwest,274,8.6,339.81,0.73,0.641,0.064,0.08,0.104,0.017,0.182,-0.25,582580.57,No injected typology,0
NPI2000005745,Home Health,West,111,8.74,231.31,0.91,0.086,0.061,0.053,0.649,0.079,0.423,1.05,203236.81,Impossible frequency,1
NPI2000005746,Internal Medicine,South,56,7.43,1246.31,0.56,0.409,0.317,0.1,0.061,0.016,0.134,1.34,292861.74,Duplicate billing,1
NPI2000005747,Internal Medicine,South,114,5.41,337.54,1.26,0.109,0.005,0.167,0.003,0.285,0.25,-0.28,262419.53,No injected typology,0
NPI2000005748,Internal Medicine,Midwest,111,5.22,597.83,1.2,0.559,0.01,0.242,0.078,0.212,0.312,0.75,416026.41,No injected typology,0
NPI2000005749,Home Health,South,204,5.52,296.41,1.15,0.167,0.051,0.074,0.03,0.111,0.057,1.89,383732.45,No injected typology,0
NPI2000005750,Cardiology,Northeast,91,6.24,285.5,0.81,0.162,0.019,0.081,0.01,0.12,0.096,1.13,131397.59,No injected typology,0
NPI2000005751,Lab,Northeast,35,7.64,445.1,0.73,0.318,0.019,0.839,0.134,0.071,0.193,3.82,87502.29,Unbundling/modifier abuse,1
NPI2000005752,Radiology,South,74,8.0,223.18,1.23,0.122,0.037,0.101,0.005,0.191,0.061,-0.64,162210.82,No injected typology,0
NPI2000005753,Internal Medicine,Midwest,123,7.57,642.19,0.94,0.203,0.092,0.052,0.09,0.077,0.322,0.16,560521.25,No injected typology,0
NPI2000005754,Internal Medicine,Midwest,86,6.23,482.79,1.02,0.249,0.129,0.134,0.02,0.042,0.203,-1.9,263400.72,No injected typology,0
NPI2000005755,Home Health,Northeast,88,8.11,209.68,1.17,0.083,0.048,0.143,0.034,0.129,0.142,0.63,175434.66,No injected typology,0
NPI2000005756,Home Health,Midwest,254,9.74,251.65,1.02,0.391,0.016,0.136,0.015,0.044,0.097,0.55,634965.62,No injected typology,0
NPI2000005757,Lab,South,111,3.77,610.67,0.84,0.145,0.015,0.025,0.003,0.039,0.155,-1.21,213114.18,No injected typology,0
NPI2000005758,Orthopedics,Northeast,285,7.82,263.17,0.87,0.049,0.016,0.176,0.043,0.059,0.177,1.08,512551.34,No injected typology,0
NPI2000005759,Internal Medicine,Midwest,240,6.5,259.51,0.9,0.566,0.016,0.038,0.021,0.138,0.13,-0.96,365596.91,No injected typology,0
NPI2000005760,Radiology,South,249,7.19,454.38,0.77,0.143,0.489,0.059,0.077,0.006,0.36,-0.34,629134.77,Duplicate billing,1
NPI2000005761,DME Supplier,Midwest,155,6.39,515.1,0.88,0.09,0.047,0.228,0.062,0.059,0.071,-0.79,446627.98,No injected typology,0
NPI2000005762,Oncology,Northeast,118,6.93,322.03,0.75,0.211,0.098,0.199,0.118,0.07,0.195,1.69,197687.61,No injected typology,0
NPI2000005763,Cardiology,South,285,5.49,278.59,0.83,0.278,0.068,0.075,0.041,0.156,0.312,1.08,363333.3,No injected typology,0
NPI2000005764,Internal Medicine,South,121,5.94,269.3,1.0,0.267,0.078,0.173,0.042,0.062,0.533,-1.08,193576.08,No injected typology,0
NPI2000005765,Internal Medicine,West,211,6.36,373.56,1.14,0.142,0.005,0.16,0.057,0.027,0.353,-0.75,573326.54,No injected typology,0
NPI2000005766,Lab,West,181,8.49,178.86,1.1,0.142,0.019,0.048,0.119,0.338,0.104,-0.42,301759.18,No injected typology,0
NPI2000005767,Orthopedics,West,115,6.01,271.16,1.08,0.009,0.023,0.014,0.067,0.165,0.415,-0.74,203294.45,No injected typology,0
NPI2000005768,Internal Medicine,Northeast,43,6.87,279.06,1.0,0.607,0.022,0.063,0.104,0.113,0.379,5.57,82769.34,Upcoding,1
NPI2000005769,Internal Medicine,South,167,5.68,301.06,0.9,0.272,0.037,0.036,0.074,0.033,0.046,0.39,257225.38,No injected typology,0
NPI2000005770,Home Health,West,225,4.86,81.26,0.74,0.342,0.005,0.098,0.049,0.115,0.101,-1.02,66209.03,No injected typology,0
NPI2000005771,Orthopedics,Midwest,118,6.62,609.34,0.98,0.368,0.024,0.061,0.008,0.272,0.12,1.49,466038.72,No injected typology,0
NPI2000005772,Radiology,West,339,6.14,425.12,0.76,0.101,0.003,0.056,0.017,0.189,0.021,1.7,673149.06,No injected typology,0
NPI2000005773,Home Health,Midwest,138,3.03,226.71,0.96,0.144,0.018,0.021,0.145,0.081,0.047,-1.11,91294.67,No injected typology,0
NPI2000005774,Cardiology,South,113,6.01,377.77,1.04,0.201,0.022,0.022,0.078,0.283,0.06,1.15,267673.6,No injected typology,0
NPI2000005775,Home Health,South,248,6.15,204.61,1.29,0.288,0.023,0.143,0.068,0.015,0.094,-0.53,403827.42,No injected typology,0
NPI2000005776,Orthopedics,West,80,5.41,246.11,1.17,0.447,0.013,0.055,0.174,0.206,0.451,-1.19,125062.6,No injected typology,0
NPI2000005777,Home Health,South,223,6.0,149.15,0.87,0.043,0.017,0.004,0.118,0.041,0.218,-1.02,172940.58,No injected typology,0
NPI2000005778,Cardiology,Northeast,552,5.32,556.42,0.93,0.036,0.026,0.054,0.063,0.056,0.128,0.77,1515461.25,No injected typology,0
NPI2000005779,Cardiology,South,235,8.27,480.7,1.44,0.182,0.041,0.061,0.078,0.063,0.559,0.56,1345852.69,No injected typology,0
NPI2000005780,Internal Medicine,South,142,6.49,436.19,1.32,0.326,0.05,0.037,0.055,0.16,0.152,-0.01,532083.47,No injected typology,0
NPI2000005781,Internal Medicine,Midwest,265,5.58,266.34,0.84,0.213,0.099,0.288,0.22,0.167,0.267,0.71,332260.6,No injected typology,0
NPI2000005782,Orthopedics,Midwest,317,5.8,378.13,1.26,0.37,0.02,0.118,0.122,0.134,0.173,1.92,878877.31,No injected typology,0
NPI2000005783,Home Health,West,162,6.91,540.75,1.16,0.148,0.018,0.087,0.087,0.058,0.183,0.72,700112.5,No injected typology,0
NPI2000005784,DME Supplier,West,193,1.87,368.26,1.06,0.068,0.044,0.187,0.624,0.064,0.372,1.39,140220.94,Impossible frequency,1
NPI2000005785,Internal Medicine,South,247,10.15,385.66,1.07,0.297,0.014,0.105,0.039,0.176,0.079,0.68,1032758.05,No injected typology,0
NPI2000005786,Orthopedics,South,311,8.69,263.18,1.0,0.246,0.06,0.2,0.056,0.024,0.124,0.56,712222.93,No injected typology,0
NPI2000005787,Pain Management,West,135,6.01,266.08,0.82,0.185,0.008,0.048,0.032,0.025,0.365,-0.44,176163.58,No injected typology,0
NPI2000005788,Cardiology,Northeast,179,6.45,398.76,1.24,0.081,0.025,0.335,0.096,0.041,0.298,0.14,573149.94,No injected typology,0
NPI2000005789,Home Health,West,352,5.94,238.14,1.26,0.298,0.005,0.088,0.142,0.049,0.279,0.4,627064.43,No injected typology,0
NPI2000005790,Orthopedics,South,191,6.56,376.04,1.19,0.09,0.037,0.033,0.028,0.052,0.118,-0.11,562268.23,No injected typology,0
NPI2000005791,Internal Medicine,Midwest,150,5.37,347.3,0.75,0.248,0.024,0.118,0.056,0.131,0.526,0.17,209006.76,No injected typology,0
NPI2000005792,Home Health,Northeast,523,9.03,281.86,1.18,0.121,0.076,0.059,0.044,0.135,0.541,0.27,1573236.46,No injected typology,0
NPI2000005793,Internal Medicine,South,86,5.88,253.38,0.63,0.098,0.002,0.176,0.063,0.119,0.168,-0.57,80902.7,No injected typology,0
NPI2000005794,Orthopedics,South,148,7.96,176.84,1.11,0.187,0.067,0.205,0.083,0.087,0.233,-1.59,230885.7,No injected typology,0
NPI2000005795,Radiology,South,258,7.62,526.36,0.9,0.211,0.035,0.315,0.093,0.166,0.039,0.03,932491.92,No injected typology,0
NPI2000005796,Internal Medicine,South,306,6.09,684.68,1.18,0.176,0.063,0.077,0.005,0.14,0.276,1.04,1503302.24,No injected typology,0
NPI2000005797,DME Supplier,West,100,5.94,582.1,1.12,0.086,0.042,0.014,0.065,0.067,0.345,-0.99,387247.53,No injected typology,0
NPI2000005798,DME Supplier,Midwest,177,5.28,490.9,1.21,0.077,0.034,0.203,0.043,0.156,0.287,0.59,554941.12,No injected typology,0
NPI2000005799,Cardiology,Northeast,215,6.27,401.77,1.22,0.377,0.018,0.19,0.105,0.055,0.786,2.81,660285.39,No injected typology,0
NPI2000005800,Internal Medicine,Northeast,110,5.68,219.22,1.08,0.064,0.042,0.177,0.002,0.146,0.429,-1.35,148202.62,No injected typology,0
NPI2000005801,Orthopedics,South,193,6.0,355.14,1.18,0.213,0.113,0.181,0.187,0.091,0.106,1.3,487022.96,No injected typology,0
NPI2000005802,Cardiology,West,159,6.68,472.81,1.05,0.247,0.02,0.115,0.005,0.06,0.295,1.85,524546.79,No injected typology,0
NPI2000005803,Orthopedics,South,102,8.08,295.61,0.82,0.539,0.022,0.06,0.048,0.154,0.147,-0.72,198773.84,No injected typology,0
NPI2000005804,Internal Medicine,Northeast,71,6.16,201.52,0.61,0.265,0.41,0.029,0.15,0.175,0.451,0.44,53773.16,Duplicate billing,1
NPI2000005805,Orthopedics,South,171,6.95,442.35,0.62,0.428,0.131,0.038,0.115,0.306,0.458,0.53,323906.79,No injected typology,0
NPI2000005806,Oncology,South,220,3.96,252.09,0.7,0.138,0.01,0.115,0.128,0.075,0.028,0.23,154002.06,No injected typology,0
NPI2000005807,Internal Medicine,Midwest,101,7.29,153.75,0.92,0.361,0.184,0.076,0.076,0.111,0.178,-1.64,103802.27,No injected typology,0
NPI2000005808,DME Supplier,Midwest,106,8.47,172.42,0.74,0.241,0.024,0.026,0.355,0.055,0.129,0.11,113766.1,No injected typology,0
NPI2000005809,Orthopedics,West,87,3.13,156.47,1.12,0.193,0.036,0.084,0.018,0.075,0.146,-0.9,47912.6,No injected typology,0
NPI2000005810,Lab,Midwest,55,6.48,269.84,0.9,0.181,0.026,0.01,0.144,0.078,0.267,1.08,86385.15,No injected typology,0
NPI2000005811,Radiology,Midwest,147,6.18,391.6,1.18,0.225,0.059,0.039,0.037,0.017,0.477,0.91,418441.56,No injected typology,0
NPI2000005812,Pain Management,Northeast,184,2.56,396.77,0.75,0.396,0.065,0.286,0.042,0.091,0.049,0.88,140389.54,No injected typology,0
NPI2000005813,Cardiology,Northeast,279,10.06,496.75,1.4,0.081,0.037,0.025,0.063,0.067,0.191,0.56,1953654.14,No injected typology,0
NPI2000005814,Oncology,South,79,5.66,275.34,1.17,0.143,0.039,0.72,0.078,0.046,0.497,3.94,144195.63,Unbundling/modifier abuse,1
NPI2000005815,Lab,Northeast,236,9.81,903.63,1.2,0.061,0.061,0.559,0.042,0.293,0.445,4.57,2503614.83,Unbundling/modifier abuse,1
NPI2000005816,Lab,Midwest,180,6.39,221.94,1.17,0.247,0.01,0.168,0.069,0.209,0.297,2.44,299332.18,No injected typology,0
NPI2000005817,Internal Medicine,West,121,8.32,395.75,0.79,0.116,0.062,0.014,0.064,0.109,0.389,-0.91,313426.52,No injected typology,0
NPI2000005818,Orthopedics,West,209,5.96,222.9,1.13,0.241,0.062,0.099,0.035,0.019,0.059,0.83,315036.03,No injected typology,0
NPI2000005819,Pain Management,South,133,7.25,168.74,0.95,0.336,0.051,0.058,0.205,0.113,0.14,-0.86,154862.75,No injected typology,0
NPI2000005820,Cardiology,Northeast,331,6.62,512.06,0.98,0.237,0.01,0.082,0.109,0.26,0.172,-0.24,1093772.97,No injected typology,0
NPI2000005821,Cardiology,West,138,4.82,743.43,1.02,0.263,0.027,0.835,0.047,0.157,0.078,5.76,502719.31,Unbundling/modifier abuse,1
NPI2000005822,Orthopedics,West,237,4.84,213.44,1.19,0.354,0.031,0.155,0.178,0.188,0.267,0.62,290445.91,No injected typology,0
NPI2000005823,Internal Medicine,Midwest,636,3.65,447.42,1.19,0.15,0.026,0.052,0.026,0.132,0.161,2.11,1232442.94,No injected typology,0
NPI2000005824,Oncology,South,187,3.91,395.46,0.88,0.412,0.027,0.172,0.097,0.023,0.196,-2.2,255696.58,No injected typology,0
NPI2000005825,Lab,South,172,6.74,296.18,0.84,0.015,0.011,0.254,0.172,0.064,0.491,-1.8,288945.71,No injected typology,0
NPI2000005826,Home Health,Northeast,227,4.3,293.53,1.14,0.23,0.012,0.005,0.015,0.294,0.085,0.3,327557.69,No injected typology,0
NPI2000005827,DME Supplier,Midwest,139,7.95,274.38,1.07,0.335,0.043,0.101,0.077,0.162,0.344,-0.83,323482.07,No injected typology,0
NPI2000005828,Oncology,Midwest,160,4.16,416.99,1.05,0.264,0.008,0.066,0.072,0.153,0.023,-3.3,291590.86,No injected typology,0
NPI2000005829,Pain Management,West,280,7.1,284.19,0.98,0.058,0.025,0.239,0.012,0.113,0.316,0.52,552626.64,No injected typology,0
NPI2000005830,Radiology,South,100,3.61,436.29,0.82,0.392,0.083,0.207,0.094,0.038,0.133,0.32,128423.67,No injected typology,0
NPI2000005831,Internal Medicine,West,320,5.51,598.6,0.7,0.217,0.034,0.001,0.077,0.117,0.442,2.08,736108.98,No injected typology,0
NPI2000005832,Orthopedics,West,118,5.95,313.15,0.83,0.607,0.028,0.061,0.115,0.354,0.356,0.73,183037.76,No injected typology,0
NPI2000005833,Internal Medicine,Northeast,84,5.28,241.1,1.04,0.152,0.089,0.028,0.24,0.103,0.365,0.15,111702.69,No injected typology,0
NPI2000005834,Internal Medicine,South,449,5.28,746.92,1.29,0.076,0.043,0.783,0.114,0.055,0.287,4.39,2289425.71,Unbundling/modifier abuse,1
NPI2000005835,Lab,South,83,7.93,370.54,1.58,0.184,0.053,0.078,0.07,0.14,0.42,0.28,384498.9,No injected typology,0
NPI2000005836,Radiology,South,126,5.86,257.91,1.04,0.249,0.113,0.15,0.026,0.214,0.044,0.58,197673.18,No injected typology,0
NPI2000005837,Orthopedics,Northeast,240,8.59,222.8,0.98,0.154,0.069,0.283,0.041,0.019,0.266,0.52,451372.31,No injected typology,0
NPI2000005838,Internal Medicine,South,168,4.55,463.94,0.96,0.204,0.071,0.185,0.043,0.129,0.284,0.23,340399.95,No injected typology,0
NPI2000005839,Radiology,South,361,8.05,581.39,1.18,0.1,0.004,0.096,0.118,0.182,0.07,-0.04,1997155.96,No injected typology,0
NPI2000005840,Orthopedics,Midwest,177,6.84,455.05,0.88,0.081,0.037,0.021,0.021,0.11,0.102,-2.11,483210.16,No injected typology,0
NPI2000005841,Radiology,Northeast,151,7.96,162.12,0.77,0.13,0.016,0.082,0.004,0.086,0.06,0.09,149315.84,No injected typology,0
NPI2000005842,Home Health,Northeast,166,3.92,329.48,1.11,0.202,0.021,0.025,0.056,0.12,0.514,-1.78,237440.37,No injected typology,0
NPI2000005843,Radiology,Northeast,161,4.6,242.48,1.01,0.184,0.072,0.015,0.034,0.102,0.305,0.68,181517.9,No injected typology,0
NPI2000005844,DME Supplier,Midwest,267,7.95,400.44,1.4,0.202,0.036,0.275,0.022,0.172,0.153,0.58,1194473.99,No injected typology,0
NPI2000005845,Oncology,West,147,6.18,872.93,1.12,0.15,0.071,0.094,0.059,0.16,0.301,-0.39,890302.12,No injected typology,0
NPI2000005846,Cardiology,West,295,4.63,675.35,1.22,0.395,0.049,0.008,0.061,0.106,0.278,2.72,1126800.43,No injected typology,0
NPI2000005847,Lab,Midwest,211,6.46,493.73,1.02,0.285,0.013,0.134,0.03,0.104,0.238,-1.87,686256.36,No injected typology,0
NPI2000005848,Home Health,West,141,8.04,512.11,1.05,0.469,0.012,0.083,0.008,0.269,0.361,-0.84,608659.85,No injected typology,0
NPI2000005849,Home Health,South,271,7.1,585.01,1.27,0.133,0.009,0.15,0.013,0.005,0.104,0.71,1430295.28,No injected typology,0
NPI2000005850,Oncology,South,63,6.36,359.27,0.76,0.073,0.075,0.053,0.026,0.083,0.064,0.09,109517.54,No injected typology,0
NPI2000005851,Internal Medicine,South,217,5.91,308.19,0.97,0.251,0.003,0.674,0.07,0.128,0.131,3.78,381808.68,Unbundling/modifier abuse,1
NPI2000005852,Cardiology,South,132,8.3,237.29,0.82,0.09,0.038,0.126,0.156,0.017,0.269,0.25,211898.38,No injected typology,0
NPI2000005853,Radiology,Midwest,123,4.0,1474.46,0.82,0.082,0.016,0.081,0.024,0.107,0.709,-0.17,595430.74,No injected typology,0
NPI2000005854,Radiology,Midwest,71,6.62,348.66,1.12,0.456,0.071,0.044,0.07,0.125,0.152,-0.95,183465.25,No injected typology,0
NPI2000005855,Cardiology,West,213,6.76,268.96,1.01,0.023,0.427,0.11,0.066,0.103,0.328,-0.69,390397.32,Duplicate billing,1
NPI2000005856,Pain Management,West,584,8.67,570.23,1.05,0.27,0.013,0.185,0.0,0.062,0.191,-0.72,3041645.21,No injected typology,0
NPI2000005857,Lab,South,191,6.62,177.86,1.38,0.455,0.043,0.184,0.171,0.104,0.071,0.03,310522.27,No injected typology,0
NPI2000005858,Oncology,West,187,7.01,493.05,0.96,0.243,0.036,0.13,0.005,0.013,0.212,1.61,618316.58,No injected typology,0
NPI2000005859,Oncology,South,81,8.02,569.65,0.99,0.36,0.036,0.046,0.082,0.162,0.084,2.25,366415.07,No injected typology,0
NPI2000005860,Cardiology,West,374,6.73,237.97,1.28,0.101,0.024,0.046,0.006,0.048,0.418,0.32,765097.85,No injected typology,0
NPI2000005861,Orthopedics,Northeast,232,8.06,545.9,0.87,0.148,0.056,0.188,0.043,0.042,0.147,1.53,888202.8,No injected typology,0
NPI2000005862,Pain Management,Midwest,147,7.85,216.72,1.04,0.414,0.084,0.381,0.06,0.078,0.394,-0.87,259926.22,No injected typology,0
NPI2000005863,Pain Management,Midwest,332,6.11,364.67,0.93,0.315,0.027,0.067,0.064,0.032,0.083,-0.51,686459.31,No injected typology,0
NPI2000005864,Lab,South,198,4.84,260.0,1.11,0.261,0.125,0.098,0.046,0.05,0.23,0.32,277346.08,No injected typology,0
NPI2000005865,Pain Management,South,108,6.72,588.86,1.24,0.127,0.023,0.051,0.052,0.049,0.157,-0.4,530003.84,No injected typology,0
NPI2000005866,Cardiology,Northeast,212,4.31,482.21,0.93,0.096,0.012,0.029,0.017,0.222,0.686,-0.73,410708.33,No injected typology,0
NPI2000005867,Home Health,Midwest,156,4.11,720.37,1.24,0.204,0.128,0.082,0.009,0.245,0.105,-0.08,573159.78,No injected typology,0
NPI2000005868,Radiology,Northeast,421,8.03,207.01,0.83,0.115,0.03,0.406,0.093,0.076,0.111,-0.42,579620.7,No injected typology,0
NPI2000005869,Home Health,South,129,3.69,542.12,1.36,0.079,0.003,0.057,0.028,0.437,0.571,2.48,352267.01,No injected typology,0
NPI2000005870,Oncology,Northeast,232,5.89,282.08,1.01,0.081,0.022,0.074,0.067,0.079,0.25,-2.33,390462.51,No injected typology,0
NPI2000005871,Oncology,South,142,8.33,300.27,1.23,0.258,0.007,0.16,0.007,0.135,0.078,0.19,437480.49,No injected typology,0
NPI2000005872,Radiology,Midwest,182,5.18,410.6,0.58,0.055,0.009,0.003,0.006,0.102,0.317,0.82,225261.65,No injected typology,0
NPI2000005873,Lab,Midwest,113,4.94,309.83,1.16,0.08,0.051,0.03,0.024,0.129,0.268,-0.33,200581.9,No injected typology,0
NPI2000005874,Internal Medicine,South,135,7.58,231.14,0.91,0.193,0.026,0.039,0.062,0.043,0.275,1.27,215616.1,No injected typology,0
NPI2000005875,DME Supplier,Midwest,79,5.34,330.96,0.64,0.101,0.05,0.068,0.057,0.353,0.249,0.09,89434.51,No injected typology,0
NPI2000005876,Internal Medicine,Northeast,153,6.33,397.14,0.99,0.19,0.046,0.093,0.007,0.115,0.106,-0.09,379119.49,No injected typology,0
NPI2000005877,Cardiology,Midwest,198,5.65,318.34,0.66,0.43,0.034,0.093,0.036,0.043,0.159,0.95,233859.93,No injected typology,0
NPI2000005878,Home Health,Midwest,223,3.92,332.44,1.19,0.287,0.063,0.056,0.018,0.091,0.228,-0.62,345227.29,No injected typology,0
NPI2000005879,Home Health,South,186,8.54,590.09,0.94,0.099,0.034,0.196,0.022,0.068,0.627,-0.48,880552.64,No injected typology,0
NPI2000005880,Lab,Midwest,293,5.72,405.85,1.1,0.18,0.028,0.214,0.003,0.055,0.141,-0.57,746311.33,No injected typology,0
NPI2000005881,Lab,West,99,7.21,441.11,0.84,0.233,0.02,0.068,0.06,0.155,0.141,0.23,264774.3,No injected typology,0
NPI2000005882,Cardiology,South,135,5.86,240.47,1.17,0.187,0.017,0.023,0.087,0.054,0.233,-0.07,222639.73,No injected typology,0
NPI2000005883,Pain Management,West,112,7.38,792.52,0.96,0.203,0.022,0.055,0.055,0.152,0.402,1.88,629588.4,No injected typology,0
NPI2000005884,Radiology,Midwest,66,6.41,302.03,1.05,0.122,0.092,0.265,0.007,0.089,0.265,0.05,133907.25,No injected typology,0
NPI2000005885,Cardiology,Midwest,114,5.87,269.34,0.91,0.195,0.002,0.648,0.093,0.259,0.256,3.44,164288.7,Unbundling/modifier abuse,1
NPI2000005886,Lab,South,52,5.89,197.51,1.45,0.417,0.042,0.018,0.039,0.072,0.189,0.92,87747.15,No injected typology,0
NPI2000005887,Internal Medicine,West,135,5.59,347.77,0.64,0.345,0.018,0.134,0.02,0.204,0.126,1.12,168660.77,No injected typology,0
NPI2000005888,Orthopedics,West,226,2.21,461.71,0.76,0.287,0.036,0.105,0.043,0.017,0.608,1.42,175681.67,No injected typology,0
NPI2000005889,Internal Medicine,Midwest,200,7.87,420.32,0.82,0.199,0.041,0.233,0.063,0.037,0.398,-1.01,543012.44,No injected typology,0
NPI2000005890,Cardiology,Northeast,61,7.54,236.34,1.09,0.209,0.036,0.06,0.002,0.159,0.173,0.08,118518.55,No injected typology,0
NPI2000005891,Lab,Midwest,438,4.74,310.91,1.36,0.297,0.081,0.055,0.038,0.069,0.089,0.47,878055.45,No injected typology,0
NPI2000005892,Oncology,Northeast,261,6.98,434.2,0.85,0.198,0.003,0.074,0.067,0.115,0.21,-1.77,672610.3,No injected typology,0
NPI2000005893,Orthopedics,West,100,6.12,257.02,0.99,0.284,0.041,0.165,0.052,0.026,0.189,0.15,155792.64,No injected typology,0
NPI2000005894,Cardiology,West,70,7.12,1322.58,0.78,0.088,0.038,0.02,0.003,0.129,0.172,1.21,511392.95,No injected typology,0
NPI2000005895,Orthopedics,West,193,5.6,323.79,0.89,0.072,0.024,0.045,0.068,0.082,0.203,0.57,312534.62,No injected typology,0
NPI2000005896,Lab,West,180,6.34,635.91,1.28,0.21,0.038,0.097,0.054,0.007,0.532,1.58,932249.21,No injected typology,0
NPI2000005897,Internal Medicine,South,122,3.9,931.11,1.04,0.071,0.033,0.045,0.011,0.057,0.295,-0.24,462468.62,No injected typology,0
NPI2000005898,Radiology,South,128,5.52,251.18,0.62,0.369,0.103,0.37,0.039,0.063,0.298,-0.77,109468.17,No injected typology,0
NPI2000005899,Cardiology,West,172,7.01,497.04,1.09,0.498,0.012,0.049,0.3,0.044,0.084,-0.23,652504.49,No injected typology,0
NPI2000005900,Cardiology,South,216,6.88,773.36,0.68,0.188,0.015,0.117,0.011,0.226,0.146,0.26,779185.66,No injected typology,0
NPI2000005901,Lab,West,404,7.4,275.26,1.02,0.062,0.04,0.148,0.011,0.028,0.239,0.07,836636.61,No injected typology,0
NPI2000005902,Cardiology,Midwest,93,7.06,440.74,1.34,0.059,0.073,0.05,0.015,0.268,0.149,-0.73,386929.54,No injected typology,0
NPI2000005903,Oncology,Midwest,115,8.21,383.73,1.06,0.121,0.004,0.095,0.027,0.012,0.436,-0.01,382149.91,No injected typology,0
NPI2000005904,Pain Management,Northeast,186,7.97,212.17,1.01,0.425,0.089,0.088,0.027,0.042,0.14,0.4,317997.83,No injected typology,0
NPI2000005905,Oncology,Midwest,151,8.0,187.39,1.06,0.332,0.022,0.095,0.12,0.021,0.249,0.33,240954.06,No injected typology,0
NPI2000005906,Radiology,Northeast,30,7.74,428.49,1.45,0.301,0.025,0.021,0.038,0.048,0.493,0.57,144382.64,No injected typology,0
NPI2000005907,Lab,West,189,6.56,1092.68,0.62,0.458,0.05,0.156,0.069,0.03,0.134,0.54,840159.99,No injected typology,0
NPI2000005908,DME Supplier,Midwest,427,7.21,554.4,1.03,0.184,0.041,0.129,0.009,0.18,0.243,0.88,1752659.27,No injected typology,0
NPI2000005909,Oncology,South,303,6.26,143.62,1.46,0.011,0.035,0.434,0.026,0.044,0.36,-1.11,398412.18,No injected typology,0
NPI2000005910,Radiology,Midwest,406,5.58,301.17,0.76,0.427,0.02,0.077,0.048,0.268,0.38,-0.78,520826.99,No injected typology,0
NPI2000005911,Pain Management,South,191,4.32,378.97,1.02,0.648,0.089,0.04,0.061,0.108,0.2,4.12,318773.59,Upcoding,1
NPI2000005912,Internal Medicine,South,245,9.94,417.08,1.06,0.149,0.015,0.103,0.043,0.039,0.124,-0.74,1077857.75,No injected typology,0
NPI2000005913,Internal Medicine,Midwest,72,5.32,378.83,0.76,0.351,0.093,0.197,0.061,0.351,0.204,-0.11,110447.71,No injected typology,0
NPI2000005914,Lab,Northeast,76,5.11,533.42,0.87,0.12,0.012,0.127,0.095,0.308,0.559,0.65,179880.52,No injected typology,0
NPI2000005915,Oncology,Northeast,109,5.94,265.17,1.22,0.217,0.011,0.098,0.033,0.154,0.126,1.1,208917.07,No injected typology,0
NPI2000005916,Internal Medicine,Northeast,36,5.98,854.33,0.64,0.277,0.036,0.297,0.12,0.096,0.339,2.45,116758.65,No injected typology,0
NPI2000005917,Orthopedics,Northeast,196,6.42,332.68,1.05,0.043,0.05,0.161,0.025,0.041,0.017,0.6,438323.53,No injected typology,0
NPI2000005918,Pain Management,Midwest,118,5.79,386.71,1.03,0.355,0.014,0.26,0.174,0.119,0.244,1.87,271894.24,No injected typology,0
NPI2000005919,Internal Medicine,Midwest,181,4.44,412.78,1.24,0.244,0.052,0.352,0.049,0.145,0.42,0.83,411336.68,No injected typology,0
NPI2000005920,Internal Medicine,West,178,7.0,258.62,1.23,0.208,0.041,0.031,0.031,0.001,0.198,0.15,397626.03,No injected typology,0
NPI2000005921,Lab,South,212,9.57,356.91,1.19,0.064,0.054,0.181,0.071,0.167,0.427,-0.35,859286.81,No injected typology,0
NPI2000005922,Lab,Midwest,264,5.25,242.99,1.1,0.064,0.046,0.058,0.051,0.038,0.229,2.73,370620.46,No injected typology,0
NPI2000005923,Lab,South,121,6.12,491.65,0.98,0.216,0.02,0.114,0.086,0.031,0.093,-1.03,355770.79,No injected typology,0
NPI2000005924,Cardiology,Northeast,100,6.93,277.9,1.03,0.069,0.002,0.139,0.115,0.036,0.246,-0.62,198089.64,No injected typology,0
NPI2000005925,Lab,South,82,1.84,346.77,0.93,0.273,0.011,0.042,0.205,0.105,0.186,-2.3,48818.39,No injected typology,0
NPI2000005926,Oncology,West,179,4.88,401.88,0.75,0.049,0.044,0.05,0.151,0.063,0.311,-0.79,261965.57,No injected typology,0
NPI2000005927,Radiology,Northeast,111,5.92,239.18,1.25,0.441,0.114,0.161,0.027,0.302,0.109,-0.37,196696.87,No injected typology,0
NPI2000005928,Orthopedics,South,66,6.25,759.64,1.36,0.41,0.092,0.386,0.051,0.071,0.057,0.7,425802.5,No injected typology,0
NPI2000005929,Orthopedics,Midwest,133,4.04,432.34,0.91,0.214,0.012,0.12,0.055,0.093,0.196,-1.46,212242.03,No injected typology,0
NPI2000005930,Pain Management,South,189,4.8,110.49,1.27,0.078,0.028,0.036,0.002,0.041,0.252,-0.88,127328.24,No injected typology,0
NPI2000005931,Oncology,Northeast,211,4.69,295.1,1.03,0.596,0.087,0.03,0.047,0.137,0.386,0.42,299846.06,No injected typology,0
NPI2000005932,Pain Management,West,91,5.36,290.76,1.09,0.383,0.016,0.182,0.036,0.109,0.402,-1.0,154293.58,No injected typology,0
NPI2000005933,Orthopedics,South,80,4.54,254.69,1.02,0.32,0.02,0.069,0.028,0.241,0.205,0.54,94335.1,No injected typology,0
NPI2000005934,Internal Medicine,West,152,7.15,654.22,0.92,0.773,0.031,0.168,0.09,0.055,0.004,4.55,652971.81,Upcoding,1
NPI2000005935,Orthopedics,South,165,3.36,247.03,1.06,0.114,0.031,0.084,0.113,0.123,0.264,-1.35,145530.56,No injected typology,0
NPI2000005936,Cardiology,Midwest,110,4.59,302.98,0.69,0.376,0.004,0.137,0.042,0.394,0.195,-1.78,105925.55,No injected typology,0
NPI2000005937,Pain Management,Midwest,211,4.77,275.67,1.28,0.2,0.329,0.036,0.016,0.071,0.277,-1.27,354695.87,Duplicate billing,1
NPI2000005938,Pain Management,South,103,7.56,554.33,1.71,0.75,0.062,0.151,0.03,0.116,0.127,4.63,736820.5,Upcoding,1
NPI2000005939,Internal Medicine,Northeast,221,6.77,436.02,0.87,0.218,0.07,0.053,0.069,0.145,0.482,-0.66,569601.16,No injected typology,0
NPI2000005940,Internal Medicine,South,331,5.4,801.93,0.55,0.769,0.462,0.112,0.042,0.358,0.374,5.04,788328.09,Upcoding,1
NPI2000005941,Home Health,West,73,5.45,626.3,0.85,0.104,0.065,0.018,0.043,0.142,0.092,0.75,210626.14,No injected typology,0
NPI2000005942,Cardiology,South,233,5.58,526.99,1.08,0.984,0.01,0.148,0.038,0.168,0.339,5.43,737904.24,Upcoding,1
NPI2000005943,Home Health,Midwest,173,6.26,261.41,0.8,0.364,0.029,0.11,0.152,0.138,0.265,0.26,227369.71,No injected typology,0
NPI2000005944,DME Supplier,South,92,5.31,439.1,1.38,0.139,0.032,0.049,0.007,0.167,0.112,0.99,295871.38,No injected typology,0
NPI2000005945,Lab,South,145,9.01,660.0,0.57,0.175,0.025,0.05,0.106,0.158,0.047,0.75,491145.05,No injected typology,0
NPI2000005946,Cardiology,Midwest,249,9.5,630.6,1.32,0.049,0.001,0.145,0.028,0.164,0.339,0.02,1967592.76,No injected typology,0
NPI2000005947,Oncology,South,290,6.91,390.66,0.93,0.22,0.015,0.098,0.011,0.156,0.142,-0.18,729691.1,No injected typology,0
NPI2000005948,Lab,West,131,8.44,195.79,0.96,0.179,0.034,0.028,0.151,0.251,0.255,0.25,207499.18,No injected typology,0
NPI2000005949,Pain Management,Midwest,150,4.12,191.83,0.95,0.485,0.031,0.135,0.094,0.113,0.474,1.74,112422.66,No injected typology,0
NPI2000005950,Orthopedics,Northeast,482,6.75,240.64,1.12,0.323,0.015,0.049,0.157,0.014,0.385,0.39,876807.99,No injected typology,0
NPI2000005951,Cardiology,South,212,5.19,233.57,1.07,0.109,0.05,0.243,0.1,0.035,0.078,-0.61,274612.86,No injected typology,0
NPI2000005952,DME Supplier,Northeast,160,9.62,198.7,1.21,0.273,0.06,0.046,0.035,0.015,0.206,0.05,370410.22,No injected typology,0
NPI2000005953,Internal Medicine,South,212,6.34,208.66,0.99,0.187,0.054,0.131,0.07,0.064,0.265,-1.15,278829.57,No injected typology,0
NPI2000005954,Orthopedics,South,255,7.62,329.03,1.0,0.074,0.036,0.222,0.041,0.046,0.394,1.24,641830.44,No injected typology,0
NPI2000005955,Internal Medicine,Northeast,128,8.47,448.03,1.23,0.141,0.009,0.314,0.117,0.147,0.446,-0.67,599834.95,No injected typology,0
NPI2000005956,Home Health,West,78,4.09,224.88,1.05,0.18,0.019,0.168,0.015,0.15,0.153,-0.16,75703.22,No injected typology,0
NPI2000005957,Home Health,Midwest,67,7.56,385.51,1.51,0.414,0.048,0.143,0.012,0.047,0.19,0.48,294412.87,No injected typology,0
NPI2000005958,Home Health,West,233,7.31,201.68,1.08,0.153,0.052,0.136,0.071,0.142,0.219,-0.84,371597.46,No injected typology,0
NPI2000005959,Lab,Northeast,100,7.24,218.89,1.09,0.093,0.114,0.036,0.028,0.049,0.417,1.62,171930.49,No injected typology,0
NPI2000005960,DME Supplier,Midwest,68,8.02,251.51,0.88,0.476,0.027,0.164,0.028,0.039,0.137,-1.61,120449.81,No injected typology,0
NPI2000005961,Orthopedics,South,63,6.72,312.5,1.13,0.277,0.074,0.041,0.001,0.189,0.166,-0.06,149545.46,No injected typology,0
NPI2000005962,Cardiology,South,371,4.97,198.33,1.33,0.125,0.27,0.154,0.02,0.172,0.342,-0.29,484827.47,Duplicate billing,1
NPI2000005963,DME Supplier,Northeast,438,5.81,335.55,0.71,0.325,0.082,0.123,0.063,0.105,0.218,-2.58,604465.18,No injected typology,0
NPI2000005964,Pain Management,South,165,3.62,252.95,1.13,0.153,0.064,0.06,0.514,0.166,0.471,-1.17,171244.87,Impossible frequency,1
NPI2000005965,Pain Management,South,312,4.13,280.88,1.19,0.266,0.002,0.134,0.061,0.026,0.177,0.33,431036.91,No injected typology,0
NPI2000005966,Cardiology,South,249,1.56,504.49,1.01,0.868,0.012,0.199,0.026,0.163,0.433,6.58,196939.97,Upcoding,1
NPI2000005967,Internal Medicine,Midwest,67,5.55,128.33,0.83,0.093,0.07,0.055,0.015,0.356,0.04,0.69,39437.25,No injected typology,0
NPI2000005968,Radiology,Midwest,254,4.62,228.99,0.75,0.044,0.06,0.01,0.044,0.15,0.053,-0.1,202365.3,No injected typology,0
NPI2000005969,Oncology,Northeast,191,2.04,437.76,1.31,0.357,0.056,0.169,0.083,0.054,0.374,1.25,222931.9,No injected typology,0
NPI2000005970,Home Health,Midwest,163,4.48,501.91,0.88,0.081,0.0,0.043,0.166,0.103,0.186,0.69,321922.19,No injected typology,0
NPI2000005971,Home Health,Midwest,160,5.65,207.2,0.74,0.106,0.003,0.15,0.131,0.07,0.206,0.16,139426.68,No injected typology,0
NPI2000005972,Internal Medicine,West,75,7.13,846.12,0.98,0.546,0.006,0.447,0.05,0.094,0.382,0.35,445704.96,No injected typology,0
NPI2000005973,Pain Management,Midwest,297,7.5,393.85,0.84,0.335,0.04,0.008,0.229,0.188,0.04,-0.05,734425.11,No injected typology,0
NPI2000005974,Oncology,South,239,6.11,1052.47,1.44,0.794,0.027,0.16,0.015,0.206,0.129,5.77,2213515.59,Upcoding,1
NPI2000005975,Oncology,Midwest,126,5.52,265.4,1.17,0.289,0.009,0.042,0.168,0.169,0.135,-1.52,214950.23,No injected typology,0
NPI2000005976,Internal Medicine,South,140,8.26,269.08,1.33,0.086,0.012,0.047,0.023,0.034,0.211,0.47,413439.64,No injected typology,0
NPI2000005977,Lab,South,74,6.69,618.7,1.31,0.291,0.004,0.295,0.19,0.057,0.199,-0.86,401727.33,No injected typology,0
NPI2000005978,Cardiology,Midwest,305,6.73,313.66,0.9,0.495,0.018,0.059,0.053,0.162,0.316,0.53,577640.48,No injected typology,0
NPI2000005979,Oncology,Northeast,184,6.55,509.62,0.67,0.025,0.058,0.051,0.116,0.122,0.096,-0.08,412720.26,No injected typology,0
NPI2000005980,Cardiology,South,219,6.13,218.5,1.22,0.234,0.033,0.171,0.017,0.103,0.524,-1.21,356626.49,No injected typology,0
NPI2000005981,Radiology,Midwest,181,4.77,608.03,1.06,0.04,0.06,0.009,0.03,0.229,0.097,0.67,556217.39,No injected typology,0
NPI2000005982,Oncology,West,248,7.05,710.97,0.72,0.222,0.039,0.045,0.136,0.058,0.424,1.37,896125.75,No injected typology,0
NPI2000005983,Internal Medicine,Northeast,327,3.82,234.84,1.04,0.151,0.037,0.141,0.035,0.08,0.288,1.17,305509.78,No injected typology,0
NPI2000005984,Internal Medicine,South,399,8.06,436.84,0.94,0.097,0.01,0.189,0.011,0.12,0.444,-0.38,1314802.86,No injected typology,0
NPI2000005985,DME Supplier,South,187,8.65,229.83,0.87,0.415,0.04,0.134,0.203,0.132,0.193,1.96,323153.21,No injected typology,0
NPI2000005986,Pain Management,South,109,7.21,657.32,1.2,0.132,0.028,0.098,0.01,0.074,0.201,0.5,617432.6,No injected typology,0
NPI2000005987,Oncology,West,83,8.32,117.08,0.91,0.06,0.042,0.015,0.041,0.249,0.448,-2.07,73983.42,No injected typology,0
NPI2000005988,Cardiology,Northeast,278,4.86,433.89,0.74,0.022,0.035,0.079,0.014,0.042,0.073,0.37,436502.66,No injected typology,0
NPI2000005989,Internal Medicine,Midwest,205,5.01,492.3,0.72,0.109,0.015,0.037,0.049,0.122,0.522,-1.27,364919.72,No injected typology,0
NPI2000005990,Lab,Midwest,568,7.01,187.67,1.18,0.098,0.028,0.013,0.112,0.089,0.145,0.6,880999.1,No injected typology,0
NPI2000005991,Home Health,Northeast,226,6.35,510.89,0.9,0.158,0.057,0.167,0.017,0.131,0.247,0.82,663356.83,No injected typology,0
NPI2000005992,DME Supplier,West,76,7.89,331.22,1.13,0.362,0.007,0.094,0.051,0.045,0.594,-0.24,224713.19,No injected typology,0
NPI2000005993,Home Health,West,241,4.26,158.32,1.26,0.052,0.075,0.119,0.04,0.016,0.1,0.56,204825.8,No injected typology,0
NPI2000005994,Lab,West,135,7.18,534.13,1.05,0.25,0.079,0.011,0.077,0.109,0.514,1.55,543121.65,No injected typology,0
NPI2000005995,Cardiology,Midwest,252,5.51,292.87,1.09,0.068,0.046,0.132,0.058,0.161,0.478,0.36,442440.31,No injected typology,0
NPI2000005996,Cardiology,Midwest,94,5.95,682.93,1.05,0.222,0.025,0.044,0.357,0.298,0.343,0.65,400152.89,No injected typology,0
NPI2000005997,Oncology,South,177,5.41,360.37,1.24,0.267,0.014,0.077,0.046,0.107,0.442,2.78,426988.71,No injected typology,0
NPI2000005998,DME Supplier,Midwest,150,5.79,277.29,0.84,0.015,0.014,0.12,0.175,0.095,0.056,0.12,202660.92,No injected typology,0
NPI2000005999,Internal Medicine,West,117,6.82,300.45,1.09,0.157,0.004,0.045,0.026,0.058,0.293,0.03,260538.87,No injected typology,0
NPI2000006000,Radiology,West,76,7.84,344.53,1.26,0.162,0.094,0.122,0.008,0.06,0.31,-0.75,258757.46,No injected typology,0
NPI2000006001,DME Supplier,Northeast,211,5.14,170.28,1.2,0.161,0.037,0.105,0.035,0.203,0.218,0.05,221361.09,No injected typology,0
NPI2000006002,Internal Medicine,Midwest,92,6.52,299.23,1.11,0.058,0.028,0.194,0.021,0.193,0.284,0.41,199851.82,No injected typology,0
NPI2000006003,Orthopedics,South,50,4.97,305.7,0.55,0.05,0.056,0.075,0.107,0.098,0.233,0.49,41746.02,No injected typology,0
NPI2000006004,DME Supplier,South,79,6.37,466.95,1.03,0.36,0.001,0.074,0.12,0.094,0.187,0.63,242345.4,No injected typology,0
NPI2000006005,Lab,Midwest,128,5.32,452.19,0.98,0.066,0.035,0.02,0.135,0.173,0.104,0.04,300473.04,No injected typology,0
NPI2000006006,Home Health,West,162,8.4,195.9,1.07,0.417,0.013,0.242,0.1,0.044,0.411,1.48,284004.91,No injected typology,0
NPI2000006007,Home Health,Northeast,129,4.88,432.2,0.75,0.075,0.007,0.057,0.068,0.04,0.254,1.04,203211.65,No injected typology,0
NPI2000006008,Radiology,West,191,5.18,173.9,1.06,0.127,0.046,0.061,0.042,0.078,0.177,0.2,183162.86,No injected typology,0
NPI2000006009,Orthopedics,South,188,7.94,202.05,1.06,0.158,0.005,0.119,0.172,0.004,0.075,-0.6,318816.7,No injected typology,0
NPI2000006010,Lab,Northeast,177,6.77,1863.36,0.9,0.26,0.029,0.894,0.044,0.064,0.147,3.74,2016395.19,Unbundling/modifier abuse,1
NPI2000006011,Radiology,South,154,5.63,534.48,0.88,0.292,0.022,0.07,0.095,0.039,0.126,-2.13,409110.56,No injected typology,0
NPI2000006012,Internal Medicine,Northeast,212,4.54,208.0,1.14,0.132,0.005,0.045,0.015,0.177,0.238,0.04,227477.55,No injected typology,0
NPI2000006013,Radiology,West,404,8.07,407.26,1.26,0.166,0.02,0.454,0.063,0.056,0.231,0.58,1668403.65,No injected typology,0
NPI2000006014,Lab,South,201,4.47,410.93,0.9,0.27,0.018,0.046,0.055,0.165,0.285,-0.29,332376.45,No injected typology,0
NPI2000006015,Oncology,South,191,8.22,783.03,0.86,0.055,0.017,0.069,0.003,0.186,0.354,2.14,1061948.27,No injected typology,0
NPI2000006016,Pain Management,South,176,9.3,312.98,0.66,0.339,0.086,0.212,0.085,0.216,0.384,1.29,337352.01,No injected typology,0
NPI2000006017,Internal Medicine,West,273,7.91,479.27,0.98,0.198,0.022,0.032,0.098,0.098,0.332,-0.17,1014884.08,No injected typology,0
NPI2000006018,DME Supplier,Midwest,97,5.38,350.8,1.2,1.0,0.062,0.093,0.015,0.113,0.536,4.52,220056.79,Upcoding,1
NPI2000006019,Internal Medicine,West,108,6.45,457.85,0.61,0.277,0.047,0.035,0.016,0.111,0.053,0.48,194183.89,No injected typology,0
NPI2000006020,DME Supplier,Midwest,189,4.22,171.95,0.55,0.097,0.013,0.113,0.09,0.044,0.165,-0.95,75489.72,No injected typology,0
NPI2000006021,Radiology,Midwest,80,5.32,216.49,1.07,0.318,0.092,0.055,0.007,0.069,0.011,-0.11,98488.4,No injected typology,0
NPI2000006022,DME Supplier,Midwest,250,5.44,726.63,0.96,0.094,0.092,0.121,0.099,0.046,0.364,1.6,951399.05,No injected typology,0
NPI2000006023,Home Health,Midwest,130,5.38,260.07,1.19,0.175,0.033,0.106,0.027,0.063,0.292,0.38,217336.19,No injected typology,0
NPI2000006024,Radiology,Midwest,111,6.89,570.17,1.26,0.338,0.025,0.15,0.044,0.135,0.402,0.38,548553.35,No injected typology,0
NPI2000006025,Pain Management,South,97,7.39,201.02,0.9,0.213,0.001,0.038,0.063,0.137,0.439,-1.47,129389.2,No injected typology,0
NPI2000006026,Cardiology,South,55,7.37,290.19,0.8,0.082,0.014,0.106,0.117,0.225,0.319,1.88,94302.4,No injected typology,0
NPI2000006027,Radiology,West,100,4.0,287.35,1.55,0.274,0.001,0.092,0.034,0.101,0.486,-0.53,178587.07,No injected typology,0
NPI2000006028,Pain Management,South,56,10.71,418.2,1.09,0.741,0.006,0.114,0.025,0.056,0.144,4.87,274386.28,Upcoding,1
NPI2000006029,Home Health,West,71,5.27,142.29,1.24,0.145,0.026,0.086,0.022,0.171,0.147,-0.96,66040.11,No injected typology,0
NPI2000006030,Orthopedics,Midwest,76,7.28,357.4,1.13,0.135,0.009,0.056,0.087,0.016,0.514,0.65,223669.72,No injected typology,0
NPI2000006031,Lab,Midwest,158,6.61,618.97,0.86,0.221,0.08,0.976,0.107,0.078,0.356,5.92,557938.45,Unbundling/modifier abuse,1
NPI2000006032,Orthopedics,Northeast,119,7.08,297.69,0.55,0.223,0.044,0.086,0.124,0.089,0.148,-0.19,137966.02,No injected typology,0
NPI2000006033,Home Health,South,187,7.36,633.94,0.88,0.086,0.177,0.188,0.162,0.058,0.112,2.23,769709.14,No injected typology,0
NPI2000006034,Home Health,West,73,3.86,169.42,1.47,0.188,0.024,0.033,0.117,0.216,0.036,-0.15,70338.84,No injected typology,0
NPI2000006035,DME Supplier,South,134,5.13,741.34,0.84,0.333,0.105,0.063,0.107,0.611,0.093,4.68,428478.8,DME aberrancy,1
NPI2000006036,Radiology,South,124,7.07,403.12,0.93,0.374,0.035,0.069,0.092,0.067,0.285,0.1,327749.91,No injected typology,0
NPI2000006037,Cardiology,Northeast,175,4.8,530.22,1.29,0.028,0.038,0.108,0.024,0.033,0.651,0.19,576442.13,No injected typology,0
NPI2000006038,Internal Medicine,Midwest,122,5.73,203.64,1.22,0.31,0.003,0.295,0.025,0.046,0.276,-0.98,174247.02,No injected typology,0
NPI2000006039,Internal Medicine,West,201,5.55,453.73,0.84,0.187,0.043,0.025,0.052,0.229,0.09,0.13,427316.49,No injected typology,0
NPI2000006040,Orthopedics,West,109,4.96,424.54,0.68,0.233,0.049,0.045,0.08,0.356,0.151,0.53,156999.54,No injected typology,0
NPI2000006041,Radiology,Midwest,239,6.79,228.94,0.79,0.183,0.033,0.088,0.011,0.057,0.21,-0.9,292845.13,No injected typology,0
NPI2000006042,Internal Medicine,West,392,4.83,321.12,1.08,0.321,0.017,0.278,0.012,0.234,0.201,-0.03,659661.96,No injected typology,0
NPI2000006043,Orthopedics,South,274,5.75,171.28,0.98,0.158,0.036,0.005,0.237,0.027,0.482,0.64,265308.82,No injected typology,0
NPI2000006044,Home Health,West,165,8.13,350.92,1.23,0.177,0.038,0.019,0.064,0.176,0.137,1.25,580664.59,No injected typology,0
NPI2000006045,Cardiology,South,162,6.06,846.36,0.95,0.456,0.013,0.061,0.062,0.065,0.25,1.17,787395.72,No injected typology,0
NPI2000006046,Home Health,South,224,9.35,416.54,1.01,0.231,0.043,0.341,0.206,0.023,0.305,-1.83,877711.35,No injected typology,0
NPI2000006047,Home Health,Northeast,123,4.01,264.47,1.27,0.174,0.004,0.029,0.033,0.076,0.143,-0.05,166123.02,No injected typology,0
NPI2000006048,Cardiology,Northeast,94,8.22,264.8,1.03,0.533,0.013,0.035,0.251,0.115,0.37,-0.36,209920.07,No injected typology,0
NPI2000006049,Lab,South,123,5.22,215.26,0.84,0.122,0.023,0.067,0.047,0.074,0.202,-0.71,116066.04,No injected typology,0
NPI2000006050,Oncology,South,125,5.79,400.74,1.04,0.083,0.027,0.115,0.157,0.24,0.101,-0.11,300600.4,No injected typology,0
NPI2000006051,Oncology,Northeast,126,6.46,368.62,0.71,0.052,0.072,0.134,0.152,0.251,0.116,0.61,213155.68,No injected typology,0
NPI2000006052,Cardiology,Northeast,403,4.79,364.38,0.89,0.518,0.086,0.046,0.13,0.086,0.092,-0.51,622359.18,No injected typology,0
NPI2000006053,Orthopedics,South,664,7.29,166.91,0.94,0.101,0.024,0.095,0.024,0.06,0.071,0.03,756471.47,No injected typology,0
NPI2000006054,DME Supplier,Midwest,183,5.03,424.04,0.96,0.052,0.007,0.158,0.032,0.074,0.098,-0.5,375802.83,No injected typology,0
NPI2000006055,Lab,South,71,7.21,361.96,0.83,0.348,0.007,0.012,0.218,0.127,0.114,-0.56,154315.9,No injected typology,0
NPI2000006056,Internal Medicine,Northeast,181,5.84,208.9,1.09,0.237,0.019,0.153,0.126,0.072,0.086,-0.45,240581.74,No injected typology,0
NPI2000006057,Cardiology,Midwest,152,2.2,259.2,0.76,0.071,0.012,0.836,0.072,0.375,0.228,2.65,65982.02,Unbundling/modifier abuse,1
NPI2000006058,Home Health,Northeast,75,6.02,291.82,0.77,0.04,0.062,0.146,0.053,0.131,0.255,0.36,101560.41,No injected typology,0
NPI2000006059,Cardiology,South,214,5.74,501.2,1.27,0.085,0.072,0.7,0.003,0.144,0.125,1.66,779557.72,Unbundling/modifier abuse,1
NPI2000006060,Cardiology,South,147,6.86,942.96,0.62,0.089,0.056,0.108,0.045,0.142,0.031,-0.29,594054.45,No injected typology,0
NPI2000006061,Oncology,West,89,5.61,329.38,0.69,0.198,0.044,0.157,0.186,0.073,0.16,-0.46,114194.52,No injected typology,0
NPI2000006062,Home Health,Northeast,101,6.84,458.27,0.99,0.286,0.004,0.099,0.134,0.117,0.204,0.41,312328.2,No injected typology,0
NPI2000006063,Home Health,Northeast,299,3.64,276.81,0.95,0.105,0.089,0.194,0.13,0.039,0.338,-1.33,286309.58,No injected typology,0
NPI2000006064,Internal Medicine,West,100,6.62,851.55,1.12,0.205,0.069,0.176,0.005,0.093,0.261,0.23,632278.76,No injected typology,0
NPI2000006065,Cardiology,Northeast,159,5.89,271.44,0.92,0.125,0.322,0.031,0.068,0.112,0.153,-0.87,234771.4,Duplicate billing,1
NPI2000006066,Internal Medicine,South,123,7.65,417.83,0.88,0.028,0.062,0.114,0.092,0.064,0.369,-1.15,346935.24,No injected typology,0
NPI2000006067,Cardiology,Northeast,95,6.03,346.85,1.19,0.268,0.056,0.008,0.06,0.035,0.426,-0.39,237104.47,No injected typology,0
NPI2000006068,Internal Medicine,South,122,3.18,279.66,0.92,0.118,0.04,0.028,0.006,0.102,0.149,0.43,99708.95,No injected typology,0
NPI2000006069,Internal Medicine,South,285,9.01,180.78,0.63,0.237,0.072,0.235,0.01,0.103,0.122,1.13,293537.43,No injected typology,0
NPI2000006070,Radiology,South,473,7.64,224.63,1.09,0.06,0.029,0.061,0.022,0.221,0.382,-1.38,881289.37,No injected typology,0
NPI2000006071,Cardiology,Midwest,125,5.03,500.54,1.28,0.456,0.017,0.098,0.046,0.027,0.081,1.49,403842.05,No injected typology,0
NPI2000006072,Lab,South,148,6.82,234.86,1.15,0.205,0.027,0.028,0.035,0.086,0.24,0.67,273449.86,No injected typology,0
NPI2000006073,Internal Medicine,Northeast,149,4.06,317.08,1.23,0.159,0.063,0.024,0.015,0.09,0.377,0.89,236481.57,No injected typology,0
NPI2000006074,Orthopedics,South,173,5.03,499.65,0.69,0.477,0.081,0.016,0.042,0.112,0.345,0.63,301499.7,No injected typology,0
NPI2000006075,Cardiology,West,214,5.75,401.29,1.18,0.232,0.043,0.218,0.031,0.104,0.375,0.58,580617.35,No injected typology,0
NPI2000006076,Orthopedics,South,248,6.31,554.36,1.31,0.265,0.025,0.831,0.106,0.109,0.487,4.17,1138665.3,Unbundling/modifier abuse,1
NPI2000006077,DME Supplier,Midwest,154,2.2,413.69,0.63,0.073,0.022,0.059,0.025,0.08,0.175,0.59,87748.2,No injected typology,0
NPI2000006078,Pain Management,South,50,5.69,244.99,1.36,0.12,0.16,0.086,0.019,0.049,0.539,0.76,94609.03,No injected typology,0
NPI2000006079,Orthopedics,Northeast,392,6.8,262.01,0.93,0.245,0.023,0.012,0.042,0.043,0.282,-1.42,650711.08,No injected typology,0
NPI2000006080,Orthopedics,Northeast,220,7.19,267.08,0.6,0.297,0.02,0.106,0.05,0.031,0.196,0.82,253998.33,No injected typology,0
NPI2000006081,Radiology,South,140,6.1,334.86,1.42,0.219,0.018,0.259,0.06,0.052,0.14,-1.4,405162.43,No injected typology,0
NPI2000006082,Cardiology,South,181,5.68,596.92,1.1,0.193,0.039,0.027,0.002,0.024,0.334,0.22,675586.72,No injected typology,0
NPI2000006083,Home Health,Midwest,176,5.93,156.68,1.02,0.035,0.076,0.049,0.019,0.083,0.235,0.42,167167.81,No injected typology,0
NPI2000006084,Pain Management,South,194,5.48,192.38,1.03,0.144,0.415,0.015,0.048,0.113,0.267,-1.23,210051.62,Duplicate billing,1
NPI2000006085,Cardiology,South,51,4.62,340.66,1.52,0.359,0.038,0.179,0.05,0.33,0.112,0.04,121779.14,No injected typology,0
NPI2000006086,Radiology,South,370,6.07,992.38,0.83,0.324,0.007,0.043,0.043,0.058,0.417,-1.57,1842457.32,No injected typology,0
NPI2000006087,DME Supplier,Midwest,123,7.66,204.07,0.75,0.268,0.02,0.048,0.049,0.078,0.093,0.43,144858.81,No injected typology,0
NPI2000006088,Home Health,Northeast,290,4.92,258.4,0.84,0.406,0.019,0.167,0.095,0.054,0.263,-1.15,311361.03,No injected typology,0
NPI2000006089,Internal Medicine,Northeast,209,7.95,409.61,0.98,0.35,0.031,0.108,0.117,0.121,0.091,-0.51,669377.43,No injected typology,0
NPI2000006090,Pain Management,Northeast,108,8.52,436.53,0.57,0.033,0.088,0.111,0.118,0.052,0.187,-0.13,228810.96,No injected typology,0
NPI2000006091,DME Supplier,Midwest,171,5.1,144.37,1.26,0.192,0.022,0.024,0.01,0.061,0.179,-2.02,158432.16,No injected typology,0
NPI2000006092,Orthopedics,West,283,4.87,227.96,0.55,0.434,0.048,0.072,0.048,0.064,0.261,-0.67,172786.42,No injected typology,0
NPI2000006093,Orthopedics,South,270,7.16,316.61,0.75,0.253,0.02,0.028,0.281,0.069,0.513,-0.72,458569.33,No injected typology,0
NPI2000006094,Internal Medicine,South,211,6.91,324.3,1.15,0.211,0.058,0.15,0.018,0.2,0.432,0.7,544959.34,No injected typology,0
NPI2000006095,Pain Management,South,119,8.02,246.97,0.71,0.235,0.02,0.256,0.088,0.221,0.612,-0.82,166606.55,No injected typology,0
NPI2000006096,Radiology,Northeast,230,5.78,528.69,0.61,0.096,0.051,0.084,0.1,0.197,0.275,2.47,428862.06,No injected typology,0
NPI2000006097,DME Supplier,Northeast,362,8.32,150.74,0.75,0.155,0.02,0.165,0.015,0.037,0.106,0.12,338873.33,No injected typology,0
NPI2000006098,Cardiology,Midwest,227,5.16,522.07,1.28,0.972,0.041,0.251,0.002,0.112,0.298,4.05,779533.18,Upcoding,1
NPI2000006099,Internal Medicine,South,54,6.63,797.77,0.89,0.333,0.048,0.192,0.13,0.022,0.345,-0.3,254401.78,No injected typology,0
NPI2000006100,Orthopedics,South,206,6.7,270.2,1.2,0.138,0.091,0.044,0.065,0.247,0.416,-1.22,448499.72,No injected typology,0
NPI2000006101,Cardiology,West,152,6.08,503.42,1.42,0.136,0.054,0.07,0.013,0.081,0.041,1.15,658946.85,No injected typology,0
NPI2000006102,Internal Medicine,West,356,3.81,316.37,0.71,0.178,0.018,0.043,0.036,0.111,0.616,0.59,306270.69,No injected typology,0
NPI2000006103,Orthopedics,Midwest,108,6.39,400.06,1.02,0.124,0.042,0.196,0.123,0.138,0.177,0.9,282045.53,No injected typology,0
NPI2000006104,Orthopedics,Midwest,74,7.26,846.09,0.99,0.77,0.033,0.383,0.028,0.02,0.069,5.96,448579.75,Upcoding,1
NPI2000006105,DME Supplier,South,137,6.49,447.55,1.24,0.2,0.022,0.08,0.032,0.139,0.208,1.02,495218.14,No injected typology,0
NPI2000006106,Lab,Midwest,408,6.74,800.51,1.23,0.15,0.056,0.061,0.065,0.068,0.176,0.55,2709536.44,No injected typology,0
NPI2000006107,Orthopedics,Midwest,276,8.89,221.2,1.39,0.254,0.005,0.058,0.088,0.023,0.111,0.22,756122.53,No injected typology,0
NPI2000006108,Home Health,Northeast,220,5.98,617.34,0.58,0.407,0.031,0.034,0.009,0.085,0.487,0.32,473910.12,No injected typology,0
NPI2000006109,Internal Medicine,Northeast,644,7.55,191.03,1.32,0.368,0.038,0.07,0.054,0.158,0.212,0.14,1228844.76,No injected typology,0
NPI2000006110,Cardiology,South,97,4.85,1631.01,1.3,0.795,0.028,0.025,0.037,0.113,0.225,4.56,999185.99,Upcoding,1
NPI2000006111,Lab,West,93,5.7,359.93,0.99,0.129,0.025,0.109,0.062,0.231,0.055,-0.28,187913.7,No injected typology,0
NPI2000006112,Radiology,West,71,4.05,146.44,1.1,0.285,0.028,0.077,0.001,0.072,0.103,0.5,46300.57,No injected typology,0
NPI2000006113,Radiology,South,170,8.1,362.11,1.29,0.023,0.356,0.178,0.042,0.178,0.068,-1.78,646046.44,Duplicate billing,1
NPI2000006114,Lab,West,105,5.4,252.17,1.24,0.026,0.065,0.303,0.006,0.229,0.478,0.6,176844.2,No injected typology,0
NPI2000006115,Lab,Midwest,70,4.64,286.63,0.86,0.189,0.038,0.031,0.037,0.094,0.36,0.29,80119.8,No injected typology,0
NPI2000006116,Oncology,South,240,7.07,588.35,1.36,0.113,0.008,0.173,0.069,0.089,0.124,0.33,1356964.78,No injected typology,0
NPI2000006117,Radiology,Midwest,156,4.41,195.16,1.3,0.248,0.002,0.369,0.264,0.096,0.028,-0.19,175137.59,No injected typology,0
NPI2000006118,Oncology,West,361,4.99,355.68,1.34,0.351,0.016,0.054,0.068,0.008,0.16,-0.97,860683.59,No injected typology,0
NPI2000006119,Cardiology,Northeast,332,5.95,235.67,1.12,0.376,0.089,0.089,0.128,0.202,0.228,-0.41,519637.29,No injected typology,0
NPI2000006120,Pain Management,Northeast,101,6.36,353.15,0.99,0.128,0.013,0.114,0.038,0.019,0.26,-0.47,225121.29,No injected typology,0
NPI2000006121,Internal Medicine,West,186,7.5,777.39,0.84,0.335,0.03,0.033,0.068,0.161,0.271,0.58,915649.68,No injected typology,0
NPI2000006122,Internal Medicine,South,125,5.02,379.09,0.64,0.178,0.017,0.022,0.067,0.176,0.275,-1.55,152980.49,No injected typology,0
NPI2000006123,Orthopedics,Midwest,75,5.87,303.43,1.14,0.192,0.054,0.373,0.101,0.022,0.1,0.41,151727.13,No injected typology,0
NPI2000006124,Orthopedics,South,779,6.5,435.47,1.09,0.244,0.007,0.06,0.003,0.16,0.067,-1.03,2402565.8,No injected typology,0
NPI2000006125,Home Health,Midwest,211,5.29,396.2,1.03,0.243,0.008,0.216,0.02,0.081,0.163,1.14,453716.81,No injected typology,0
NPI2000006126,Orthopedics,Northeast,144,5.46,259.08,0.61,0.314,0.08,0.049,0.032,0.068,0.254,0.05,125197.47,No injected typology,0
NPI2000006127,Internal Medicine,Midwest,390,8.84,300.8,0.88,0.183,0.033,0.221,0.025,0.157,0.13,1.17,909817.59,No injected typology,0
NPI2000006128,Pain Management,South,139,6.81,293.47,1.35,0.35,0.04,0.076,0.01,0.136,0.513,1.12,374312.34,No injected typology,0
NPI2000006129,Orthopedics,West,171,6.72,289.73,0.94,0.263,0.014,0.542,0.146,0.088,0.332,1.2,313052.55,No injected typology,0
NPI2000006130,Radiology,Northeast,337,8.74,152.24,1.13,0.165,0.021,0.095,0.309,0.122,0.059,-0.72,508502.31,No injected typology,0
NPI2000006131,Home Health,West,141,6.97,540.16,1.05,0.346,0.094,0.146,0.009,0.062,0.205,0.87,559695.89,No injected typology,0
NPI2000006132,Oncology,Northeast,224,7.99,396.74,0.96,0.164,0.286,0.027,0.018,0.08,0.179,-0.95,681855.95,No injected typology,0
NPI2000006133,Oncology,Northeast,196,5.65,421.13,1.35,0.47,0.059,0.201,0.049,0.108,0.138,0.02,629956.57,No injected typology,0
NPI2000006134,DME Supplier,West,80,7.84,225.47,0.73,0.233,0.155,0.219,0.041,0.173,0.211,-1.52,102719.57,No injected typology,0
NPI2000006135,Cardiology,South,256,7.27,243.35,1.12,0.132,0.068,0.28,0.036,0.098,0.372,-3.12,506803.9,No injected typology,0
NPI2000006136,DME Supplier,South,190,4.15,173.51,0.82,0.206,0.037,0.024,0.012,0.21,0.143,-3.59,111879.41,No injected typology,0
NPI2000006137,Cardiology,South,190,7.61,558.23,1.23,0.387,0.001,0.107,0.027,0.127,0.343,0.87,993136.45,No injected typology,0
NPI2000006138,DME Supplier,Northeast,302,8.79,226.13,0.91,0.108,0.011,0.105,0.002,0.091,0.478,-0.83,548171.83,No injected typology,0
NPI2000006139,Radiology,West,82,5.51,195.29,0.98,0.387,0.087,0.065,0.02,0.128,0.164,0.12,86021.99,No injected typology,0
NPI2000006140,Radiology,Northeast,96,6.16,534.13,0.65,0.254,0.015,0.108,0.063,0.048,0.053,-2.13,206252.25,No injected typology,0
NPI2000006141,Pain Management,South,93,8.17,334.09,1.21,0.204,0.38,0.094,0.058,0.267,0.207,-0.61,308377.93,Duplicate billing,1
NPI2000006142,Cardiology,Midwest,118,3.91,162.72,1.3,0.246,0.055,0.067,0.083,0.15,0.129,-0.81,97812.03,No injected typology,0
NPI2000006143,Internal Medicine,Northeast,212,6.36,269.12,0.76,0.393,0.026,0.119,0.03,0.044,0.33,0.81,276931.59,No injected typology,0
NPI2000006144,Lab,Midwest,242,4.7,197.33,0.85,0.114,0.025,0.082,0.036,0.088,0.297,-1.5,189687.74,No injected typology,0
NPI2000006145,Lab,West,155,5.63,517.47,1.05,0.365,0.442,0.034,0.045,0.093,0.163,-1.85,473790.6,Duplicate billing,1
NPI2000006146,Home Health,West,161,6.57,593.76,1.02,0.118,0.062,0.088,0.09,0.041,0.239,0.66,642334.0,No injected typology,0
NPI2000006147,Lab,West,304,7.74,435.08,0.92,0.268,0.127,0.111,0.069,0.102,0.268,0.37,940755.34,No injected typology,0
NPI2000006148,Internal Medicine,Midwest,61,4.72,276.39,0.96,0.145,0.033,0.038,0.009,0.078,0.466,-1.96,76284.14,No injected typology,0
NPI2000006149,Home Health,South,85,6.01,205.3,1.34,0.211,0.038,0.062,0.031,0.079,0.21,0.33,140522.66,No injected typology,0
NPI2000006150,Cardiology,West,464,4.18,248.12,0.82,0.059,0.058,0.119,0.078,0.126,0.295,0.73,396018.59,No injected typology,0
NPI2000006151,Lab,Midwest,87,6.3,511.95,0.9,0.139,0.109,0.049,0.026,0.034,0.065,0.04,252218.86,No injected typology,0
NPI2000006152,Orthopedics,South,132,8.16,452.0,1.19,0.146,0.057,0.199,0.073,0.022,0.262,1.08,579294.75,No injected typology,0
NPI2000006153,Pain Management,Midwest,159,5.44,388.25,0.95,0.23,0.018,0.073,0.072,0.072,0.379,0.48,320053.84,No injected typology,0
NPI2000006154,Orthopedics,South,374,6.08,354.26,0.55,0.175,0.059,0.142,0.112,0.152,0.251,0.39,443278.36,No injected typology,0
NPI2000006155,Orthopedics,Midwest,279,7.25,486.08,1.13,0.266,0.025,0.014,0.005,0.153,0.36,-1.25,1115082.27,No injected typology,0
NPI2000006156,Lab,West,117,8.43,395.94,0.82,0.366,0.037,0.078,0.068,0.071,0.448,-0.08,319238.8,No injected typology,0
NPI2000006157,Oncology,Midwest,72,8.01,542.59,0.66,0.141,0.043,0.155,0.088,0.224,0.095,-0.33,205463.52,No injected typology,0
NPI2000006158,Cardiology,South,274,6.89,173.71,1.33,0.161,0.056,0.037,0.063,0.038,0.229,-0.78,435830.79,No injected typology,0
NPI2000006159,Lab,South,133,2.13,189.97,1.03,0.118,0.003,0.097,0.079,0.148,0.203,1.17,55330.63,No injected typology,0
NPI2000006160,Oncology,Northeast,73,5.45,210.28,1.39,0.4,0.036,0.116,0.055,0.081,0.312,-1.86,115979.17,No injected typology,0
NPI2000006161,DME Supplier,Midwest,296,7.23,569.28,1.0,0.371,0.108,0.14,0.002,0.018,0.427,0.23,1215672.14,No injected typology,0
NPI2000006162,DME Supplier,Midwest,77,5.63,679.64,0.82,0.297,0.003,0.216,0.007,0.04,0.538,-0.7,242690.98,No injected typology,0
NPI2000006163,Lab,Northeast,91,5.57,161.86,1.29,0.106,0.002,0.218,0.028,0.018,0.248,0.07,105554.99,No injected typology,0
NPI2000006164,Home Health,South,259,6.51,215.89,0.74,0.055,0.06,0.004,0.122,0.033,0.227,-0.25,268556.32,No injected typology,0
NPI2000006165,DME Supplier,South,77,8.58,325.92,1.05,0.358,0.013,0.053,0.021,0.197,0.169,0.16,225649.51,No injected typology,0
NPI2000006166,Lab,South,460,8.01,563.45,1.15,0.447,0.043,0.083,0.024,0.02,0.166,0.88,2381600.04,No injected typology,0
NPI2000006167,DME Supplier,West,394,6.34,298.76,0.86,0.236,0.189,0.094,0.011,0.068,0.131,1.19,644358.83,No injected typology,0
NPI2000006168,Radiology,West,47,4.47,447.41,0.98,0.047,0.024,0.18,0.054,0.049,0.086,1.76,91797.11,No injected typology,0
NPI2000006169,Oncology,Northeast,145,4.5,779.79,0.9,0.152,0.021,0.266,0.027,0.038,0.46,1.32,455911.58,No injected typology,0
NPI2000006170,Cardiology,West,280,7.53,184.17,0.82,0.17,0.013,0.15,0.039,0.067,0.587,-2.11,317090.9,No injected typology,0
NPI2000006171,Lab,Midwest,236,7.99,326.97,0.99,0.152,0.361,0.211,0.028,0.151,0.245,-0.82,612471.65,Duplicate billing,1
NPI2000006172,Internal Medicine,Midwest,264,5.08,464.93,1.0,0.182,0.099,0.086,0.045,0.078,0.346,0.82,626719.36,No injected typology,0
NPI2000006173,DME Supplier,West,67,5.71,655.99,1.33,0.357,0.019,0.067,0.006,0.22,0.254,0.09,333134.55,No injected typology,0
NPI2000006174,Home Health,South,414,3.46,264.78,0.97,0.046,0.006,0.055,0.16,0.193,0.066,0.22,367787.18,No injected typology,0
NPI2000006175,Lab,South,118,4.35,349.98,0.87,0.203,0.036,0.105,0.148,0.147,0.096,0.22,156748.48,No injected typology,0
NPI2000006176,Cardiology,South,126,6.42,775.83,0.86,0.168,0.011,0.038,0.106,0.119,0.264,-0.81,540099.45,No injected typology,0
NPI2000006177,Oncology,Northeast,130,6.17,413.48,1.35,0.144,0.078,0.086,0.026,0.248,0.077,0.75,446991.12,No injected typology,0
NPI2000006178,Radiology,West,289,8.24,252.63,0.84,0.195,0.028,0.094,0.114,0.259,0.164,-1.29,503465.63,No injected typology,0
NPI2000006179,Oncology,Midwest,120,5.99,430.51,1.18,0.06,0.023,0.22,0.111,0.032,0.197,2.26,366395.22,No injected typology,0
NPI2000006180,Cardiology,Midwest,147,4.0,451.78,0.84,0.229,0.046,0.057,0.06,0.201,0.271,0.72,223683.15,No injected typology,0
NPI2000006181,DME Supplier,Northeast,73,5.56,619.75,0.71,0.215,0.155,0.038,0.203,0.136,0.024,0.19,178369.73,No injected typology,0
NPI2000006182,Pain Management,Midwest,70,4.81,352.18,0.89,0.063,0.025,0.051,0.113,0.035,0.091,-1.82,105809.16,No injected typology,0
NPI2000006183,Oncology,Midwest,207,5.68,1287.26,0.96,0.052,0.115,0.178,0.033,0.13,0.06,-0.16,1451001.37,No injected typology,0
NPI2000006184,Lab,West,84,6.91,387.55,0.78,0.244,0.119,0.188,0.047,0.159,0.175,0.48,175947.98,No injected typology,0
NPI2000006185,Internal Medicine,South,79,5.41,733.4,1.11,0.252,0.04,0.164,0.081,0.295,0.161,1.04,348913.96,No injected typology,0
NPI2000006186,Oncology,West,257,6.79,221.79,0.97,0.041,0.057,0.05,0.186,0.089,0.292,0.24,374388.83,No injected typology,0
NPI2000006187,Orthopedics,South,145,4.08,229.58,1.29,0.346,0.083,0.11,0.153,0.241,0.389,-0.19,175162.22,No injected typology,0
NPI2000006188,Pain Management,West,173,7.53,410.61,0.93,0.117,0.011,0.061,0.003,0.13,0.59,-1.47,496540.58,No injected typology,0
NPI2000006189,Internal Medicine,South,255,4.7,328.55,1.17,0.092,0.014,0.017,0.012,0.017,0.153,-1.67,462350.16,No injected typology,0
NPI2000006190,DME Supplier,Northeast,201,7.34,383.92,0.73,0.235,0.054,0.804,0.096,0.027,0.33,4.34,411207.58,Unbundling/modifier abuse,1
NPI2000006191,Lab,Midwest,314,6.62,1124.18,1.28,0.201,0.061,0.227,0.003,0.073,0.287,-0.55,2988588.93,No injected typology,0
NPI2000006192,Pain Management,West,246,4.18,312.15,1.39,0.211,0.072,0.106,0.009,0.024,0.156,0.6,444227.71,No injected typology,0
NPI2000006193,Internal Medicine,Northeast,108,4.3,337.26,1.48,0.287,0.075,0.164,0.101,0.316,0.19,3.28,232376.4,No injected typology,0
NPI2000006194,Lab,South,154,5.43,1024.34,1.2,0.047,0.057,0.095,0.189,0.021,0.319,0.11,1027469.24,No injected typology,0
NPI2000006195,Pain Management,Midwest,144,5.16,506.58,0.8,0.096,0.106,0.04,0.12,0.208,0.303,-0.27,300794.42,No injected typology,0
NPI2000006196,Internal Medicine,West,98,4.7,552.94,1.07,0.2,0.066,0.119,0.146,0.302,0.186,2.34,271533.12,No injected typology,0
NPI2000006197,Home Health,West,176,5.22,477.09,1.03,0.066,0.13,0.093,0.01,0.011,0.186,-0.06,453290.82,No injected typology,0
NPI2000006198,Internal Medicine,Northeast,103,4.2,549.75,0.8,0.166,0.013,0.124,0.218,0.153,0.431,-0.37,189782.27,No injected typology,0
NPI2000006199,Home Health,West,184,4.24,152.34,0.63,0.171,0.009,0.092,0.023,0.01,0.294,0.52,74725.23,No injected typology,0
NPI2000006200,Orthopedics,South,169,5.3,217.96,1.05,0.184,0.006,0.086,0.017,0.019,0.476,-0.46,204218.0,No injected typology,0
NPI2000006201,Cardiology,Northeast,106,7.25,249.59,1.11,0.152,0.003,0.049,0.083,0.058,0.377,-1.15,212066.19,No injected typology,0
NPI2000006202,Pain Management,Midwest,439,5.63,528.39,0.88,0.348,0.093,0.231,0.073,0.105,0.217,-0.19,1145768.23,No injected typology,0
NPI2000006203,Cardiology,Northeast,422,7.96,756.36,1.06,0.205,0.01,0.165,0.06,0.032,0.245,-0.24,2697866.6,No injected typology,0
NPI2000006204,Pain Management,South,478,6.35,306.15,1.36,0.37,0.021,0.077,0.108,0.197,0.361,-0.93,1267892.48,No injected typology,0
NPI2000006205,DME Supplier,West,406,4.85,300.05,0.84,0.09,0.038,0.12,0.064,0.232,0.151,1.07,495616.96,No injected typology,0
NPI2000006206,Pain Management,West,441,6.53,361.74,0.82,0.342,0.06,0.05,0.032,0.392,0.253,0.4,852989.81,No injected typology,0
NPI2000006207,Internal Medicine,West,216,3.89,396.32,1.2,0.109,0.088,0.187,0.014,0.082,0.198,-0.16,400705.63,No injected typology,0
NPI2000006208,DME Supplier,West,600,4.19,679.94,0.84,0.154,0.026,0.23,0.151,0.044,0.048,1.7,1437424.27,No injected typology,0
NPI2000006209,Oncology,Midwest,157,3.58,737.42,0.91,0.048,0.023,0.209,0.02,0.173,0.344,-0.34,378569.5,No injected typology,0
NPI2000006210,Lab,South,144,8.02,176.59,0.85,0.086,0.04,0.162,0.028,0.113,0.215,0.75,174370.73,No injected typology,0
NPI2000006211,Orthopedics,Midwest,175,7.59,535.74,0.91,0.24,0.013,0.115,0.051,0.069,0.115,0.3,646697.73,No injected typology,0
NPI2000006212,Radiology,West,107,5.82,520.68,1.16,0.312,0.026,0.048,0.017,0.089,0.023,1.07,375740.74,No injected typology,0
NPI2000006213,Internal Medicine,Northeast,155,7.27,600.59,0.99,0.194,0.051,0.246,0.015,0.052,0.241,0.48,666780.01,No injected typology,0
NPI2000006214,Radiology,South,547,4.67,316.87,1.23,0.161,0.006,0.014,0.143,0.092,0.145,-0.32,991458.25,No injected typology,0
NPI2000006215,Internal Medicine,Northeast,57,6.07,859.48,0.88,0.166,0.035,0.109,0.054,0.061,0.166,-0.42,261023.46,No injected typology,0
NPI2000006216,Internal Medicine,Northeast,61,7.78,202.66,0.89,0.149,0.008,0.166,0.02,0.073,0.223,-1.03,85284.28,No injected typology,0
NPI2000006217,Home Health,Northeast,174,8.46,327.49,0.72,0.064,0.019,0.186,0.031,0.059,0.283,-0.54,346075.75,No injected typology,0
NPI2000006218,Orthopedics,South,410,7.56,598.35,1.31,0.217,0.023,0.425,0.051,0.09,0.324,1.63,2439424.29,No injected typology,0
NPI2000006219,DME Supplier,Northeast,154,5.5,566.46,1.07,0.336,0.104,0.041,0.002,0.115,0.549,0.06,512403.19,No injected typology,0
NPI2000006220,Internal Medicine,Northeast,320,4.35,448.23,0.98,0.025,0.064,0.109,0.142,0.041,0.339,-0.94,613334.5,No injected typology,0
NPI2000006221,Cardiology,South,128,4.17,135.3,1.1,0.066,0.023,0.08,0.076,0.185,0.158,-1.27,79639.03,No injected typology,0
NPI2000006222,Internal Medicine,West,156,3.56,289.91,1.08,0.209,0.086,0.153,0.013,0.162,0.111,0.68,174112.54,No injected typology,0
NPI2000006223,Oncology,Midwest,189,7.16,180.5,0.77,0.025,0.031,0.076,0.013,0.271,0.202,-0.42,187187.84,No injected typology,0
NPI2000006224,Internal Medicine,Midwest,50,6.87,519.78,1.05,0.279,0.014,0.044,0.045,0.232,0.113,0.84,187027.59,No injected typology,0
NPI2000006225,Oncology,South,82,7.74,397.62,1.32,0.196,0.082,0.105,0.033,0.093,0.094,-0.96,334094.86,No injected typology,0
NPI2000006226,Internal Medicine,Northeast,110,5.75,445.5,1.35,0.125,0.09,0.271,0.038,0.311,0.058,1.23,379828.0,No injected typology,0
NPI2000006227,Cardiology,South,160,9.29,295.33,0.93,0.098,0.035,0.343,0.045,0.127,0.492,-0.38,410433.66,No injected typology,0
NPI2000006228,Radiology,South,220,8.12,157.79,1.2,0.068,0.092,0.121,0.024,0.218,0.084,-0.7,338277.84,No injected typology,0
NPI2000006229,Home Health,South,137,4.36,406.61,0.69,0.19,0.004,0.075,0.058,0.003,0.193,-1.13,167217.69,No injected typology,0
NPI2000006230,Internal Medicine,South,259,6.84,772.93,1.05,0.108,0.023,0.043,0.063,0.107,0.476,0.03,1432944.69,No injected typology,0
NPI2000006231,Orthopedics,South,91,7.28,168.72,1.27,0.125,0.043,0.063,0.04,0.068,0.113,-0.07,141595.99,No injected typology,0
NPI2000006232,Internal Medicine,West,246,5.42,327.47,0.9,0.029,0.017,0.357,0.219,0.041,0.194,0.37,391820.1,No injected typology,0
NPI2000006233,Orthopedics,South,296,5.3,327.3,0.88,0.142,0.031,0.15,0.005,0.013,0.313,0.19,454028.64,No injected typology,0
NPI2000006234,Orthopedics,West,181,3.92,241.04,0.69,0.293,0.058,0.03,0.043,0.26,0.366,-0.46,118462.93,No injected typology,0
NPI2000006235,DME Supplier,West,94,5.85,699.89,1.22,0.112,0.027,0.003,0.002,0.037,0.43,0.6,468274.8,No injected typology,0
NPI2000006236,Radiology,Northeast,298,5.78,784.62,0.94,0.058,0.051,0.516,0.01,0.129,0.235,2.08,1272364.43,Unbundling/modifier abuse,1
NPI2000006237,Internal Medicine,South,408,4.98,269.99,0.85,0.235,0.013,0.012,0.164,0.041,0.158,0.48,465671.73,No injected typology,0
NPI2000006238,Home Health,Midwest,210,6.41,218.35,1.52,0.182,0.014,0.103,0.002,0.047,0.117,-0.78,445851.77,No injected typology,0
NPI2000006239,Oncology,Midwest,120,3.91,409.9,0.7,0.302,0.048,0.055,0.062,0.142,0.284,0.99,135243.81,No injected typology,0
NPI2000006240,Orthopedics,South,214,8.77,371.01,1.13,0.248,0.01,0.135,0.046,0.074,0.165,0.55,785926.66,No injected typology,0
NPI2000006241,Home Health,West,346,4.24,460.65,1.3,0.309,0.063,0.159,0.34,0.067,0.075,0.74,877080.66,No injected typology,0
NPI2000006242,Pain Management,West,111,6.1,338.03,0.89,0.078,0.018,0.069,0.029,0.024,0.328,1.09,203685.87,No injected typology,0
NPI2000006243,Cardiology,Midwest,55,5.6,232.78,0.82,0.093,0.048,0.164,0.118,0.077,0.08,0.8,58823.28,No injected typology,0
NPI2000006244,DME Supplier,South,176,9.17,250.73,1.56,0.164,0.046,0.058,0.714,0.206,0.374,0.5,631384.64,Impossible frequency,1
NPI2000006245,Internal Medicine,South,390,7.59,345.64,0.98,0.051,0.045,0.12,0.03,0.182,0.076,-0.37,1004094.77,No injected typology,0
NPI2000006246,Home Health,West,149,8.03,655.69,1.35,0.125,0.026,0.088,0.103,0.096,0.412,0.07,1056077.81,No injected typology,0
NPI2000006247,DME Supplier,South,169,5.14,310.05,0.78,0.202,0.016,0.057,0.023,0.064,0.399,0.81,209402.97,No injected typology,0
NPI2000006248,Cardiology,West,98,8.41,479.66,0.83,0.24,0.028,0.065,0.024,0.054,0.071,-0.61,328174.37,No injected typology,0
NPI2000006249,Internal Medicine,Midwest,70,3.97,357.3,1.18,0.135,0.091,0.027,0.016,0.146,0.256,-1.2,117204.67,No injected typology,0
NPI2000006250,Oncology,West,242,3.56,241.66,1.35,0.183,0.06,0.107,0.045,0.16,0.263,-0.25,281350.19,No injected typology,0
NPI2000006251,Home Health,West,390,7.05,341.52,0.98,0.557,0.019,0.022,0.112,0.12,0.187,1.54,919507.97,No injected typology,0
NPI2000006252,Internal Medicine,Midwest,169,7.58,276.37,0.98,0.203,0.005,0.03,0.085,0.095,0.575,-0.95,345718.74,No injected typology,0
NPI2000006253,Radiology,Northeast,105,4.8,485.77,1.13,0.109,0.006,0.028,0.041,0.112,0.16,-1.8,277237.26,No injected typology,0
NPI2000006254,Internal Medicine,South,84,7.79,639.47,1.23,0.178,0.058,0.08,0.024,0.169,0.57,-1.69,513021.41,No injected typology,0
NPI2000006255,Pain Management,Northeast,409,8.69,248.56,0.64,0.352,0.431,0.025,0.004,0.158,0.42,-1.02,561750.62,Duplicate billing,1
NPI2000006256,Internal Medicine,South,98,5.37,444.68,1.23,0.064,0.03,0.025,0.012,0.304,0.124,-0.1,286656.16,No injected typology,0
NPI2000006257,Oncology,West,139,5.13,432.28,0.67,0.146,0.021,0.039,0.001,0.223,0.165,-0.85,207823.7,No injected typology,0
NPI2000006258,Home Health,South,204,6.89,283.85,1.15,0.283,0.008,0.19,0.028,0.03,0.233,-0.66,458177.91,No injected typology,0
NPI2000006259,Home Health,West,271,5.93,297.84,1.21,0.044,0.043,0.134,0.057,0.149,0.234,0.96,580784.76,No injected typology,0
NPI2000006260,Orthopedics,Northeast,146,5.41,393.22,1.47,0.327,0.05,0.057,0.032,0.042,0.406,0.4,457901.72,No injected typology,0
NPI2000006261,Orthopedics,South,72,8.73,512.75,1.29,0.073,0.024,0.105,0.034,0.183,0.154,-1.33,416132.4,No injected typology,0
NPI2000006262,Internal Medicine,South,113,5.41,689.6,0.93,0.327,0.043,0.03,0.095,0.265,0.371,0.34,390899.34,No injected typology,0
NPI2000006263,Lab,Northeast,88,6.52,608.99,1.19,0.069,0.004,0.083,0.054,0.398,0.222,-0.34,416486.04,No injected typology,0
NPI2000006264,Internal Medicine,Northeast,157,6.64,507.54,1.02,0.198,0.036,0.026,0.051,0.084,0.241,-1.48,540666.01,No injected typology,0
NPI2000006265,Home Health,South,96,6.73,234.07,0.91,0.259,0.01,0.035,0.084,0.081,0.588,-0.74,137197.5,No injected typology,0
NPI2000006266,Cardiology,Midwest,196,5.95,202.94,1.11,0.295,0.036,0.214,0.01,0.15,0.201,0.34,263890.7,No injected typology,0
NPI2000006267,Internal Medicine,Northeast,83,4.42,331.16,0.9,0.086,0.116,0.026,0.27,0.2,0.131,1.04,109683.47,No injected typology,0
NPI2000006268,Internal Medicine,South,141,5.9,244.3,0.87,0.073,0.027,0.02,0.031,0.263,0.053,-0.84,177376.51,No injected typology,0
NPI2000006269,Orthopedics,Northeast,243,5.27,238.69,1.28,0.117,0.042,0.075,0.123,0.132,0.179,-0.65,390982.1,No injected typology,0
NPI2000006270,Internal Medicine,Northeast,282,6.05,1423.14,1.25,0.309,0.019,0.182,0.145,0.183,0.298,1.04,3038196.51,No injected typology,0
NPI2000006271,Lab,Northeast,52,7.12,253.1,1.17,0.187,0.038,0.179,0.119,0.235,0.172,-0.09,109257.4,No injected typology,0
NPI2000006272,Home Health,West,199,6.77,237.29,0.92,0.1,0.023,0.058,0.033,0.08,0.158,-1.74,295182.41,No injected typology,0
NPI2000006273,Internal Medicine,Midwest,152,8.81,350.27,1.35,0.206,0.056,0.014,0.041,0.025,0.233,0.7,631766.35,No injected typology,0
NPI2000006274,Internal Medicine,Northeast,151,7.13,344.85,1.28,0.517,0.049,0.033,0.053,0.26,0.459,-1.41,476476.62,No injected typology,0
NPI2000006275,Pain Management,West,95,8.15,547.8,0.8,0.605,0.1,0.077,0.002,0.127,0.18,-0.2,338701.78,No injected typology,0
NPI2000006276,Lab,South,63,7.12,339.78,0.81,0.365,0.031,0.065,0.026,0.065,0.236,0.76,124190.91,No injected typology,0
NPI2000006277,Cardiology,Northeast,166,5.01,447.24,0.81,0.344,0.079,0.106,0.006,0.017,0.314,-1.29,302477.02,No injected typology,0
NPI2000006278,DME Supplier,Northeast,329,5.92,605.4,1.53,0.087,0.067,0.097,0.079,0.126,0.537,-0.08,1805290.84,No injected typology,0
NPI2000006279,Cardiology,West,54,5.51,181.97,1.34,0.093,0.009,0.04,0.114,0.179,0.216,-1.46,72685.78,No injected typology,0
NPI2000006280,Oncology,Northeast,136,7.57,272.95,1.19,0.436,0.087,0.025,0.143,0.039,0.196,0.36,334752.09,No injected typology,0
NPI2000006281,Cardiology,West,223,4.39,296.11,1.1,0.049,0.125,0.21,0.024,0.108,0.161,-0.53,317823.68,No injected typology,0
NPI2000006282,Cardiology,West,280,6.45,175.76,1.33,0.269,0.003,0.02,0.036,0.088,0.384,-1.16,422102.43,No injected typology,0
NPI2000006283,Home Health,Midwest,57,6.97,438.77,0.92,0.116,0.029,0.047,0.09,0.043,0.084,-1.14,161076.63,No injected typology,0
NPI2000006284,Cardiology,Northeast,175,7.71,520.33,0.88,0.115,0.03,0.392,0.079,0.109,0.058,-1.56,614610.49,No injected typology,0
NPI2000006285,Lab,South,51,5.65,269.3,1.25,0.065,0.381,0.107,0.067,0.064,0.256,1.09,96611.05,Duplicate billing,1
NPI2000006286,Radiology,South,375,7.83,374.36,0.98,0.034,0.01,0.084,0.076,0.122,0.353,-0.03,1082415.68,No injected typology,0
NPI2000006287,Home Health,South,137,8.05,491.38,1.05,0.031,0.035,0.233,0.026,0.235,0.145,-0.04,571498.31,No injected typology,0
NPI2000006288,Oncology,Midwest,216,5.06,281.04,0.81,0.184,0.043,0.111,0.111,0.102,0.44,-0.25,247257.29,No injected typology,0
NPI2000006289,Orthopedics,West,159,8.53,289.9,0.93,0.194,0.062,0.083,0.009,0.134,0.384,-0.12,366430.33,No injected typology,0
NPI2000006290,Internal Medicine,West,65,7.26,201.22,1.0,0.216,0.043,0.103,0.01,0.211,0.354,0.25,94946.35,No injected typology,0
NPI2000006291,Cardiology,South,517,6.04,249.62,1.04,0.143,0.09,0.099,0.021,0.027,0.114,0.97,809989.11,No injected typology,0
NPI2000006292,Cardiology,South,206,6.17,489.09,0.67,0.238,0.019,0.138,0.042,0.12,0.177,-0.19,413679.59,No injected typology,0
NPI2000006293,Internal Medicine,Midwest,124,8.21,415.72,1.02,0.107,0.039,0.225,0.118,0.101,0.112,-0.66,432871.39,No injected typology,0
NPI2000006294,Orthopedics,West,45,7.27,789.88,1.01,0.409,0.021,0.081,0.074,0.054,0.175,0.97,261766.71,No injected typology,0
NPI2000006295,Internal Medicine,West,384,6.36,287.98,1.09,0.217,0.017,0.129,0.026,0.098,0.36,-0.02,765572.37,No injected typology,0
NPI2000006296,Internal Medicine,Midwest,82,8.35,441.79,1.13,0.028,0.094,0.001,0.114,0.19,0.354,0.71,341275.32,No injected typology,0
NPI2000006297,DME Supplier,Northeast,160,4.47,257.01,1.02,0.067,0.025,0.02,0.018,0.112,0.093,-1.2,187332.94,No injected typology,0
NPI2000006298,Internal Medicine,Northeast,293,6.14,288.23,1.23,0.299,0.051,0.034,0.042,0.177,0.324,-0.2,638306.65,No injected typology,0
NPI2000006299,Lab,Midwest,327,6.42,908.79,1.0,0.089,0.054,0.162,0.056,0.042,0.187,0.89,1906591.2,No injected typology,0
NPI2000006300,Internal Medicine,Midwest,133,6.62,297.7,0.73,0.154,0.006,0.065,0.012,0.176,0.161,0.82,190393.43,No injected typology,0
NPI2000006301,Internal Medicine,South,170,5.47,617.04,0.89,0.131,0.002,0.195,0.148,0.093,0.269,-0.49,513671.56,No injected typology,0
NPI2000006302,DME Supplier,Midwest,235,7.69,223.84,1.34,0.237,0.052,0.227,0.084,0.039,0.248,0.33,541409.03,No injected typology,0
NPI2000006303,Lab,South,189,5.54,226.94,1.1,0.123,0.026,0.283,0.001,0.166,0.554,-0.9,261626.16,No injected typology,0
NPI2000006304,Radiology,Midwest,38,7.44,350.65,1.16,0.411,0.019,0.032,0.001,0.101,0.135,-0.55,114959.29,No injected typology,0
NPI2000006305,Lab,West,180,7.47,513.56,1.39,0.073,0.04,0.498,0.07,0.24,0.019,4.86,963022.68,Unbundling/modifier abuse,1
NPI2000006306,Pain Management,South,113,4.17,702.73,1.14,0.137,0.308,0.698,0.092,0.047,0.268,3.29,375877.81,Duplicate billing,1
NPI2000006307,Cardiology,South,218,6.15,233.03,1.13,0.104,0.039,0.163,0.021,0.04,0.33,-0.68,351399.52,No injected typology,0
NPI2000006308,Internal Medicine,West,75,4.01,434.8,1.34,0.612,0.024,0.215,0.188,0.16,0.205,-0.13,174995.81,No injected typology,0
NPI2000006309,Oncology,South,141,9.35,208.8,1.01,0.14,0.03,0.137,0.074,0.077,0.061,-2.99,278875.71,No injected typology,0
NPI2000006310,DME Supplier,Midwest,149,3.16,416.94,0.64,0.228,0.063,0.895,0.014,0.077,0.437,4.45,125804.73,Unbundling/modifier abuse,1
NPI2000006311,Oncology,Northeast,152,6.66,205.51,1.08,0.085,0.083,0.149,0.062,0.071,0.412,-0.31,225659.92,No injected typology,0
NPI2000006312,Lab,Northeast,75,4.33,394.52,1.52,0.228,0.057,0.062,0.047,0.058,0.168,-0.62,194291.01,No injected typology,0
NPI2000006313,Home Health,Midwest,103,2.38,151.5,1.09,0.077,0.047,0.161,0.049,0.078,0.3,0.93,40470.47,No injected typology,0
NPI2000006314,Radiology,Northeast,190,5.32,319.96,1.4,0.104,0.03,0.147,0.137,0.175,0.181,-1.54,452621.63,No injected typology,0
NPI2000006315,Internal Medicine,South,825,9.74,1044.17,1.2,0.142,0.006,0.095,0.037,0.066,0.03,-0.04,10034171.67,No injected typology,0
NPI2000006316,Lab,Northeast,145,6.62,321.39,1.02,0.211,0.038,0.106,0.073,0.104,0.164,2.65,316064.76,No injected typology,0
NPI2000006317,Lab,West,272,7.53,168.38,0.96,0.102,0.41,0.064,0.001,0.13,0.152,-1.68,332354.74,Duplicate billing,1
NPI2000006318,Pain Management,Northeast,203,5.54,237.05,1.14,0.095,0.034,0.041,0.023,0.12,0.292,0.48,304888.3,No injected typology,0
NPI2000006319,Pain Management,West,352,8.19,434.28,1.16,0.33,0.027,0.252,0.019,0.068,0.042,1.41,1453392.94,No injected typology,0
NPI2000006320,Pain Management,Midwest,46,5.34,727.77,1.0,0.448,0.031,0.23,0.067,0.03,0.234,1.09,179234.68,No injected typology,0
NPI2000006321,DME Supplier,South,40,7.64,146.64,0.82,0.236,0.021,0.196,0.074,0.051,0.158,-0.13,36617.25,No injected typology,0
NPI2000006322,Internal Medicine,Midwest,148,5.5,279.66,1.0,0.072,0.027,0.299,0.1,0.144,0.155,-0.2,227103.15,No injected typology,0
NPI2000006323,Oncology,South,118,4.92,427.59,0.9,0.216,0.129,0.166,0.05,0.047,0.129,0.56,223425.43,No injected typology,0
NPI2000006324,Orthopedics,South,104,5.72,1096.14,1.16,0.242,0.014,0.086,0.073,0.172,0.446,0.53,758239.86,No injected typology,0
NPI2000006325,Internal Medicine,Northeast,127,9.1,233.47,0.79,0.184,0.132,0.024,0.071,0.187,0.304,0.56,213328.56,No injected typology,0
NPI2000006326,DME Supplier,South,232,6.03,301.63,0.9,0.366,0.058,0.121,0.001,0.044,0.147,-1.18,381325.36,No injected typology,0
NPI2000006327,Internal Medicine,South,587,5.98,678.09,1.18,0.286,0.081,0.037,0.147,0.054,0.273,-1.36,2819321.58,No injected typology,0
NPI2000006328,Oncology,South,47,7.87,571.93,1.22,0.079,0.042,0.078,0.028,0.294,0.097,1.3,257919.51,No injected typology,0
NPI2000006329,Oncology,Midwest,93,6.48,245.63,0.78,0.286,0.021,0.114,0.036,0.091,0.203,-0.89,114952.6,No injected typology,0
NPI2000006330,Radiology,South,187,3.54,339.8,1.1,0.363,0.085,0.05,0.062,0.031,0.242,-1.3,247296.8,No injected typology,0
NPI2000006331,Internal Medicine,West,70,8.47,501.96,0.89,0.159,0.028,0.045,0.174,0.317,0.012,0.71,264488.16,No injected typology,0
NPI2000006332,Lab,South,132,9.07,125.83,1.27,0.246,0.008,0.054,0.067,0.119,0.188,-0.71,191380.56,No injected typology,0
NPI2000006333,Internal Medicine,Midwest,106,6.45,260.93,1.2,0.226,0.013,0.074,0.208,0.08,0.263,-0.87,214504.47,No injected typology,0
NPI2000006334,Home Health,South,95,7.39,685.36,1.02,0.098,0.033,0.229,0.076,0.186,0.35,-0.9,491581.32,No injected typology,0
NPI2000006335,Internal Medicine,Midwest,154,4.38,455.42,1.18,0.04,0.188,0.203,0.139,0.195,0.266,0.65,360700.47,No injected typology,0
NPI2000006336,Radiology,Northeast,100,6.23,220.47,0.94,0.209,0.044,0.043,0.175,0.093,0.192,0.06,129569.02,No injected typology,0
NPI2000006337,Radiology,Midwest,186,3.03,728.06,0.92,0.31,0.021,0.206,0.002,0.135,0.372,0.63,376542.25,No injected typology,0
NPI2000006338,Orthopedics,Northeast,429,7.8,957.68,1.34,0.178,0.105,0.602,0.117,0.11,0.091,2.95,4294336.01,Unbundling/modifier abuse,1
NPI2000006339,Cardiology,South,93,5.29,1100.42,0.6,0.027,0.052,0.046,0.169,0.125,0.305,-0.47,325704.84,No injected typology,0
NPI2000006340,Lab,Northeast,197,6.66,368.04,0.75,0.069,0.04,0.02,0.09,0.147,0.332,1.03,359680.42,No injected typology,0
NPI2000006341,Oncology,South,122,5.5,281.56,1.32,0.162,0.165,0.147,0.014,0.182,0.154,1.39,249264.81,No injected typology,0
NPI2000006342,Internal Medicine,Northeast,95,4.47,385.84,1.44,0.313,0.014,0.074,0.057,0.084,0.207,-2.83,236130.27,No injected typology,0
NPI2000006343,Oncology,Midwest,220,8.73,246.15,0.88,0.129,0.04,0.025,0.155,0.067,0.442,-1.11,414044.62,No injected typology,0
NPI2000006344,DME Supplier,West,209,7.42,288.35,1.34,0.198,0.008,0.083,0.191,0.011,0.252,-0.31,598643.48,No injected typology,0
NPI2000006345,Orthopedics,West,136,6.57,456.3,0.86,0.453,0.048,0.619,0.061,0.075,0.324,2.8,352216.08,Unbundling/modifier abuse,1
NPI2000006346,Pain Management,West,235,6.56,228.17,0.78,0.098,0.023,0.22,0.018,0.041,0.352,-0.77,274902.87,No injected typology,0
NPI2000006347,Internal Medicine,West,63,5.32,680.32,1.11,0.224,0.047,0.157,0.066,0.11,0.275,-0.1,253539.28,No injected typology,0
NPI2000006348,DME Supplier,Midwest,146,4.79,541.97,1.2,0.223,0.019,0.063,0.133,0.402,0.637,4.73,455205.71,DME aberrancy,1
NPI2000006349,Home Health,South,165,6.86,170.52,0.99,0.248,0.012,0.444,0.017,0.158,0.46,0.49,190836.52,No injected typology,0
NPI2000006350,DME Supplier,West,47,4.96,237.16,1.32,0.414,0.018,0.126,0.143,0.311,0.102,-0.05,73238.48,No injected typology,0
NPI2000006351,Internal Medicine,South,466,8.0,515.85,0.97,0.195,0.024,0.059,0.05,0.043,0.21,-3.05,1861542.71,No injected typology,0
NPI2000006352,Radiology,South,121,4.92,482.42,1.0,0.156,0.029,0.597,0.012,0.018,0.132,3.0,285965.23,Unbundling/modifier abuse,1
NPI2000006353,Pain Management,Midwest,121,4.77,156.28,0.87,0.091,0.085,0.043,0.101,0.131,0.093,-0.42,78274.36,No injected typology,0
NPI2000006354,Internal Medicine,Midwest,260,4.66,228.23,1.08,0.245,0.039,0.13,0.021,0.071,0.217,-0.62,299045.56,No injected typology,0
NPI2000006355,Lab,West,270,7.46,256.26,1.38,0.097,0.099,0.072,0.055,0.081,0.042,0.78,712213.96,No injected typology,0
NPI2000006356,Home Health,South,190,7.77,323.56,0.79,0.077,0.034,0.143,0.016,0.109,0.523,-0.44,378692.29,No injected typology,0
NPI2000006357,Internal Medicine,Northeast,197,7.0,274.51,0.95,0.086,0.036,0.287,0.005,0.095,0.237,-0.4,361217.67,No injected typology,0
NPI2000006358,Pain Management,Midwest,118,7.49,233.62,0.73,0.227,0.094,0.136,0.01,0.148,0.136,-1.14,151018.96,No injected typology,0
NPI2000006359,Radiology,Northeast,60,6.58,395.2,1.0,0.045,0.099,0.074,0.033,0.022,0.157,-1.79,155924.0,No injected typology,0
NPI2000006360,Home Health,West,63,4.91,802.34,0.68,0.303,0.077,0.191,0.17,0.041,0.018,0.07,168850.62,No injected typology,0
NPI2000006361,Orthopedics,West,139,4.77,979.88,1.12,1.0,0.054,0.295,0.003,0.24,0.193,3.69,725745.88,Upcoding,1
NPI2000006362,Radiology,South,356,5.71,89.36,0.91,0.374,0.049,0.181,0.165,0.049,0.582,-1.37,165347.42,No injected typology,0
NPI2000006363,Pain Management,Midwest,82,4.99,640.86,0.74,0.114,0.019,0.043,0.087,0.098,0.275,-0.85,192938.76,No injected typology,0
NPI2000006364,Internal Medicine,Midwest,275,8.25,507.36,0.59,0.27,0.03,0.206,0.006,0.027,0.095,1.67,680369.35,No injected typology,0
NPI2000006365,Internal Medicine,Midwest,83,5.1,241.56,0.86,0.12,0.035,0.122,0.053,0.12,0.49,-1.82,88134.53,No injected typology,0
NPI2000006366,Lab,Northeast,162,7.03,489.24,0.89,0.248,0.016,0.033,0.071,0.166,0.097,-0.23,496697.08,No injected typology,0
NPI2000006367,Cardiology,Midwest,368,5.92,406.17,0.71,0.173,0.058,0.07,0.276,0.149,0.291,1.4,632038.25,No injected typology,0
NPI2000006368,DME Supplier,West,122,4.75,291.44,0.96,0.15,0.02,0.146,0.068,0.112,0.294,0.36,162372.35,No injected typology,0
NPI2000006369,Cardiology,Midwest,40,6.84,318.47,1.06,0.111,0.018,0.219,0.018,0.242,0.411,0.54,92396.9,No injected typology,0
NPI2000006370,Orthopedics,Northeast,406,5.03,889.38,0.88,0.231,0.032,0.077,0.043,0.078,0.019,0.73,1592315.87,No injected typology,0
NPI2000006371,Orthopedics,Northeast,87,7.59,576.26,1.36,0.13,0.029,0.234,0.012,0.047,0.034,-0.62,516570.72,No injected typology,0
NPI2000006372,Internal Medicine,Northeast,499,5.51,171.3,1.09,0.172,0.043,0.065,0.015,0.074,0.292,-0.67,515032.52,No injected typology,0
NPI2000006373,Internal Medicine,Midwest,388,5.15,185.36,0.96,0.188,0.009,0.077,0.017,0.332,0.206,0.32,357054.37,No injected typology,0
NPI2000006374,Internal Medicine,Midwest,476,8.51,571.81,1.04,0.251,0.054,0.16,0.123,0.225,0.329,-1.71,2399902.2,No injected typology,0
NPI2000006375,Radiology,South,175,6.83,546.43,0.92,0.154,0.079,0.168,0.111,0.028,0.183,1.35,599211.59,No injected typology,0
NPI2000006376,Cardiology,Midwest,461,7.61,508.0,1.05,0.186,0.1,0.043,0.066,0.125,0.231,1.68,1866963.34,No injected typology,0
NPI2000006377,Pain Management,Northeast,132,6.16,659.86,0.88,0.172,0.009,0.128,0.02,0.152,0.072,-0.64,471219.04,No injected typology,0
NPI2000006378,Home Health,West,339,6.47,199.87,0.86,0.278,0.025,0.097,0.018,0.164,0.273,0.11,378209.4,No injected typology,0
NPI2000006379,DME Supplier,West,135,5.52,333.93,1.12,0.086,0.014,0.337,0.064,0.045,0.186,-0.02,278047.38,No injected typology,0
NPI2000006380,Lab,South,233,4.93,232.63,0.86,0.236,0.083,0.017,0.067,0.09,0.276,-1.62,229589.68,No injected typology,0
NPI2000006381,Radiology,South,284,8.58,395.26,1.03,0.583,0.037,0.059,0.089,0.244,0.361,0.39,989841.31,No injected typology,0
NPI2000006382,Lab,Midwest,122,4.81,501.32,0.96,0.399,0.034,0.182,0.069,0.354,0.035,-0.11,281509.12,No injected typology,0
NPI2000006383,Cardiology,West,70,5.16,407.45,0.85,0.216,0.027,0.225,0.132,0.17,0.14,-0.75,125005.65,No injected typology,0
NPI2000006384,Oncology,Midwest,205,7.53,738.06,1.24,0.627,0.003,0.04,0.006,0.135,0.322,5.05,1415184.81,Upcoding,1
NPI2000006385,Oncology,Midwest,186,7.26,170.34,0.64,0.207,0.008,0.091,0.05,0.076,0.387,-0.29,146837.53,No injected typology,0
NPI2000006386,Home Health,Northeast,175,4.35,831.88,1.22,0.254,0.011,0.094,0.019,0.089,0.108,-0.44,773645.43,No injected typology,0
NPI2000006387,Lab,Midwest,267,3.94,347.75,1.08,0.307,0.042,0.007,0.036,0.197,0.321,0.14,395711.72,No injected typology,0
NPI2000006388,Internal Medicine,Northeast,108,5.08,254.83,1.25,0.094,0.032,0.17,0.024,0.222,0.346,-1.18,174693.34,No injected typology,0
NPI2000006389,Oncology,South,52,5.87,194.59,1.45,0.04,0.008,0.126,0.019,0.056,0.159,0.27,86233.88,No injected typology,0
NPI2000006390,Internal Medicine,South,67,7.38,510.72,1.21,0.506,0.086,0.089,0.176,0.076,0.148,-0.69,305184.9,No injected typology,0
NPI2000006391,Radiology,South,114,6.64,891.67,1.43,0.848,0.008,0.657,0.02,0.015,0.173,8.11,968273.19,Upcoding,1
NPI2000006392,Internal Medicine,Northeast,61,3.39,266.24,0.93,0.078,0.038,0.137,0.026,0.1,0.051,-0.28,51390.69,No injected typology,0
NPI2000006393,Radiology,Midwest,146,6.91,188.57,1.24,0.047,0.018,0.111,0.008,0.027,0.269,-1.04,236600.86,No injected typology,0
NPI2000006394,DME Supplier,West,156,5.46,534.45,1.23,0.188,0.075,0.159,0.143,0.066,0.038,0.31,560435.67,No injected typology,0
NPI2000006395,Orthopedics,West,61,6.54,254.56,1.26,0.185,0.024,0.061,0.375,0.054,0.182,-0.18,127548.73,No injected typology,0
NPI2000006396,Cardiology,West,216,5.3,696.98,0.83,0.772,0.054,0.041,0.013,0.151,0.383,5.39,665379.75,Upcoding,1
NPI2000006397,Pain Management,Midwest,96,7.22,479.02,0.78,0.13,0.045,0.219,0.007,0.064,0.059,1.59,257331.25,No injected typology,0
NPI2000006398,Cardiology,Midwest,50,5.58,381.2,1.28,0.336,0.004,0.107,0.055,0.094,0.288,-0.95,136549.83,No injected typology,0
NPI2000006399,Orthopedics,Midwest,235,7.15,936.04,1.03,0.241,0.077,0.133,0.001,0.037,0.272,0.2,1612992.74,No injected typology,0
NPI2000006400,Oncology,Midwest,130,5.16,486.8,0.96,0.213,0.038,0.025,0.035,0.197,0.41,-1.02,314595.46,No injected typology,0
NPI2000006401,Orthopedics,Midwest,215,7.68,527.9,0.55,0.186,0.003,0.135,0.033,0.079,0.377,0.28,479470.01,No injected typology,0
NPI2000006402,Lab,Northeast,266,3.22,369.57,0.76,0.184,0.013,0.051,0.11,0.1,0.307,0.23,239480.79,No injected typology,0
NPI2000006403,Pain Management,Midwest,68,6.94,374.19,1.01,0.255,0.03,0.078,0.057,0.096,0.195,0.08,178918.28,No injected typology,0
NPI2000006404,Lab,South,182,4.35,218.69,0.65,0.134,0.064,0.053,0.013,0.077,0.223,-0.72,113224.97,No injected typology,0
NPI2000006405,Radiology,West,573,8.69,477.23,0.93,0.092,0.032,0.167,0.032,0.037,0.274,0.76,2219547.89,No injected typology,0
NPI2000006406,Lab,South,379,3.28,144.25,1.15,0.123,0.015,0.084,0.017,0.032,0.117,1.06,205674.78,No injected typology,0
NPI2000006407,Radiology,Midwest,144,5.77,373.15,0.78,0.139,0.078,0.088,0.025,0.096,0.178,1.1,241539.54,No injected typology,0
NPI2000006408,Home Health,South,226,6.91,563.55,1.38,0.11,0.012,0.078,0.062,0.054,0.122,-0.57,1214386.63,No injected typology,0
NPI2000006409,Lab,South,253,4.64,195.04,1.0,0.09,0.046,0.134,0.05,0.027,0.068,0.49,229643.73,No injected typology,0
NPI2000006410,Home Health,West,262,6.25,242.37,1.14,0.306,0.019,0.1,0.02,0.169,0.059,1.13,452453.52,No injected typology,0
NPI2000006411,Lab,Midwest,106,8.28,637.82,0.81,0.047,0.013,0.05,0.031,0.123,0.106,-1.25,451852.85,No injected typology,0
NPI2000006412,Home Health,South,178,6.62,328.64,1.2,0.099,0.018,0.094,0.037,0.113,0.585,-0.21,465391.61,No injected typology,0
NPI2000006413,Pain Management,South,62,5.73,162.33,1.26,0.246,0.008,0.005,0.018,0.007,0.2,0.05,72806.55,No injected typology,0
NPI2000006414,Cardiology,South,307,6.48,333.49,0.84,0.011,0.039,0.097,0.026,0.031,0.272,-1.54,555452.31,No injected typology,0
NPI2000006415,Orthopedics,Northeast,131,8.79,249.24,1.06,0.319,0.022,0.132,0.138,0.134,0.672,-0.16,304087.25,No injected typology,0
NPI2000006416,Lab,South,180,4.87,229.4,1.25,0.104,0.05,0.21,0.005,0.207,0.15,-0.35,252168.91,No injected typology,0
NPI2000006417,Cardiology,South,416,9.78,748.36,0.63,0.174,0.05,0.104,0.048,0.133,0.078,-0.67,1920673.95,No injected typology,0
NPI2000006418,Cardiology,Midwest,201,5.35,622.56,0.89,0.194,0.02,0.191,0.073,0.176,0.043,0.69,596725.03,No injected typology,0
NPI2000006419,Oncology,Midwest,97,5.96,361.05,0.79,0.235,0.051,0.076,0.178,0.118,0.223,0.04,165405.01,No injected typology,0
NPI2000006420,Home Health,West,166,6.69,268.92,0.97,0.214,0.094,0.007,0.631,0.041,0.081,1.64,290603.98,Impossible frequency,1
NPI2000006421,Orthopedics,South,240,6.13,400.01,0.82,0.25,0.034,0.052,0.006,0.04,0.033,-0.28,484092.86,No injected typology,0
NPI2000006422,Home Health,Midwest,92,5.0,403.18,1.23,0.199,0.119,0.049,0.045,0.139,0.167,-0.2,228503.69,No injected typology,0
NPI2000006423,Pain Management,South,380,8.37,141.7,0.89,0.269,0.052,0.261,0.02,0.072,0.405,-0.98,399448.26,No injected typology,0
NPI2000006424,Internal Medicine,Midwest,277,4.45,474.1,0.63,0.094,0.429,0.054,0.004,0.105,0.035,-0.56,368684.34,Duplicate billing,1
NPI2000006425,Lab,West,270,5.98,516.52,1.15,0.287,0.008,0.054,0.148,0.046,0.302,0.65,960532.12,No injected typology,0
NPI2000006426,Internal Medicine,Northeast,101,5.85,255.84,1.04,0.089,0.018,0.165,0.038,0.104,0.184,0.75,157526.33,No injected typology,0
NPI2000006427,Oncology,Midwest,91,5.94,345.74,0.6,0.167,0.035,0.033,0.0,0.137,0.385,1.04,112895.7,No injected typology,0
NPI2000006428,Orthopedics,South,373,5.78,363.13,1.1,0.354,0.072,0.201,0.036,0.112,0.782,0.23,858932.37,No injected typology,0
NPI2000006429,DME Supplier,West,173,8.31,276.15,1.1,0.173,0.01,0.185,0.113,0.096,0.17,1.12,437854.57,No injected typology,0
NPI2000006430,Pain Management,South,140,5.34,308.16,0.97,0.294,0.029,0.048,0.11,0.099,0.208,-0.68,223358.03,No injected typology,0
NPI2000006431,Pain Management,South,175,5.76,258.28,0.55,0.086,0.027,0.037,0.063,0.042,0.114,0.39,143262.04,No injected typology,0
NPI2000006432,Lab,South,200,6.06,663.53,0.96,0.183,0.04,0.131,0.041,0.105,0.4,2.47,771262.3,No injected typology,0
NPI2000006433,Orthopedics,Northeast,364,6.04,367.79,0.83,0.038,0.073,0.13,0.004,0.177,0.244,-0.94,674589.06,No injected typology,0
NPI2000006434,Oncology,Northeast,160,4.37,242.46,1.18,0.124,0.027,0.071,0.168,0.099,0.266,0.34,199446.7,No injected typology,0
NPI2000006435,DME Supplier,Midwest,234,5.32,460.16,0.87,0.424,0.006,0.019,0.021,0.058,0.572,-0.63,498712.51,No injected typology,0
NPI2000006436,Lab,Midwest,84,5.98,135.72,1.0,0.183,0.032,0.13,0.032,0.068,0.216,1.89,67876.36,No injected typology,0
NPI2000006437,Internal Medicine,Northeast,486,7.13,466.66,0.86,0.123,0.002,0.099,0.178,0.135,0.277,0.93,1386184.18,No injected typology,0
NPI2000006438,Internal Medicine,West,212,9.35,197.91,1.16,0.202,0.005,0.238,0.023,0.064,0.113,-0.94,455676.49,No injected typology,0
NPI2000006439,Cardiology,West,170,4.84,335.85,1.04,0.323,0.0,0.237,0.033,0.136,0.05,0.83,288525.32,No injected typology,0
NPI2000006440,Lab,Midwest,130,6.76,349.06,1.01,0.101,0.464,0.004,0.182,0.143,0.362,0.14,310162.84,Duplicate billing,1
NPI2000006441,Orthopedics,Midwest,139,7.1,606.58,1.02,0.226,0.028,0.098,0.057,0.026,0.322,0.54,608675.68,No injected typology,0
NPI2000006442,Radiology,South,241,7.85,483.62,0.83,0.447,0.017,0.015,0.046,0.085,0.111,-0.01,763384.11,No injected typology,0
NPI2000006443,Home Health,West,62,7.1,233.27,1.09,0.153,0.085,0.108,0.046,0.024,0.309,-0.89,111991.52,No injected typology,0
NPI2000006444,Internal Medicine,Midwest,536,6.79,187.07,1.3,0.147,0.036,0.007,0.061,0.225,0.443,-0.56,887114.39,No injected typology,0
NPI2000006445,Pain Management,South,159,5.89,1127.34,1.11,0.031,0.017,0.084,0.035,0.131,0.065,-0.17,1174586.53,No injected typology,0
NPI2000006446,Internal Medicine,West,462,7.77,586.13,1.12,0.315,0.062,0.092,0.022,0.027,0.242,0.39,2349106.17,No injected typology,0
NPI2000006447,Pain Management,South,90,4.8,744.72,0.76,0.392,0.031,0.041,0.064,0.028,0.639,0.56,245423.68,No injected typology,0
NPI2000006448,Internal Medicine,Northeast,60,5.26,439.14,1.02,0.083,0.025,0.085,0.003,0.012,0.17,1.46,141393.75,No injected typology,0
NPI2000006449,Home Health,South,82,3.56,457.78,1.14,0.51,0.037,0.223,0.032,0.074,0.15,1.57,152488.68,No injected typology,0
NPI2000006450,Pain Management,West,169,4.98,486.16,1.1,0.47,0.028,0.127,0.014,0.281,0.23,0.53,450489.35,No injected typology,0
NPI2000006451,DME Supplier,West,217,6.91,445.02,1.16,0.194,0.008,0.023,0.032,0.086,0.373,-0.84,774712.64,No injected typology,0
NPI2000006452,Pain Management,Northeast,208,5.35,358.23,0.82,0.101,0.392,0.06,0.153,0.034,0.32,1.43,326530.56,Duplicate billing,1
NPI2000006453,DME Supplier,South,564,5.68,201.37,0.75,0.371,0.049,0.186,0.056,0.203,0.197,-0.34,483029.34,No injected typology,0
NPI2000006454,Orthopedics,West,130,5.32,719.16,1.04,0.172,0.027,0.789,0.029,0.1,0.32,1.05,518623.99,Unbundling/modifier abuse,1
NPI2000006455,Cardiology,Midwest,68,6.37,599.14,0.76,0.254,0.101,0.265,0.041,0.112,0.466,-0.56,196459.46,No injected typology,0
NPI2000006456,Oncology,South,118,6.13,458.49,0.71,0.207,0.03,0.251,0.005,0.011,0.249,0.66,234528.95,No injected typology,0
NPI2000006457,DME Supplier,South,84,5.17,267.7,1.04,0.021,0.142,0.06,0.132,0.09,0.171,0.54,121292.02,No injected typology,0
NPI2000006458,Internal Medicine,Northeast,166,3.42,193.34,1.01,0.36,0.072,0.279,0.006,0.089,0.071,-1.27,110652.12,No injected typology,0
NPI2000006459,Orthopedics,South,151,6.43,272.24,1.17,0.103,0.003,0.034,0.054,0.165,0.051,1.06,310277.35,No injected typology,0
NPI2000006460,Radiology,South,117,7.04,1264.63,1.07,0.072,0.006,0.196,0.086,0.063,0.335,1.77,1116937.19,No injected typology,0
NPI2000006461,DME Supplier,Midwest,146,6.0,321.22,0.79,0.161,0.078,0.172,0.037,0.189,0.756,0.14,222974.82,No injected typology,0
NPI2000006462,Pain Management,Northeast,198,3.34,253.36,1.08,0.349,0.036,0.11,0.09,0.036,0.274,-1.22,180441.23,No injected typology,0
NPI2000006463,DME Supplier,South,93,9.09,246.44,0.67,0.099,0.041,0.125,0.041,0.038,0.25,-2.43,139073.44,No injected typology,0
NPI2000006464,Radiology,West,307,8.25,303.59,1.35,0.112,0.067,0.258,0.03,0.163,0.298,-0.76,1040226.87,No injected typology,0
NPI2000006465,Oncology,Northeast,85,6.06,173.99,1.18,0.212,0.013,0.307,0.046,0.061,0.138,1.76,105539.51,No injected typology,0
NPI2000006466,Internal Medicine,South,212,6.42,478.65,0.64,0.281,0.044,0.071,0.053,0.015,0.188,0.47,419878.34,No injected typology,0
NPI2000006467,Oncology,South,49,5.95,1128.12,1.13,0.082,0.025,0.624,0.016,0.039,0.221,4.72,371989.08,Unbundling/modifier abuse,1
NPI2000006468,Pain Management,Northeast,184,6.3,245.35,1.22,0.069,0.043,0.172,0.187,0.053,0.361,-1.18,345865.26,No injected typology,0
NPI2000006469,Home Health,Midwest,210,5.99,450.35,1.09,0.204,0.011,0.212,0.076,0.294,0.386,-0.11,615716.19,No injected typology,0
NPI2000006470,Orthopedics,Northeast,300,7.6,406.6,0.91,0.245,0.036,0.771,0.63,0.106,0.119,3.71,847994.45,Unbundling/modifier abuse,1
NPI2000006471,Pain Management,South,85,5.59,224.78,0.75,0.199,0.32,0.164,0.098,0.081,0.407,-0.36,80390.22,Duplicate billing,1
NPI2000006472,Orthopedics,South,136,6.87,330.38,1.17,0.184,0.096,0.04,0.081,0.075,0.118,-0.34,362324.6,No injected typology,0
NPI2000006473,Radiology,West,105,4.34,434.38,1.26,0.346,0.017,0.016,0.077,0.054,0.298,-0.71,249900.23,No injected typology,0
NPI2000006474,Pain Management,Midwest,331,6.34,185.6,1.16,0.313,0.076,0.196,0.687,0.091,0.335,0.63,451594.86,Impossible frequency,1
NPI2000006475,Radiology,South,128,6.67,514.98,1.16,0.299,0.013,0.227,0.603,0.046,0.385,-0.25,508942.74,Impossible frequency,1
NPI2000006476,Internal Medicine,South,156,4.75,335.05,1.04,0.239,0.118,0.047,0.124,0.089,0.263,-1.19,258604.34,No injected typology,0
NPI2000006477,Internal Medicine,Midwest,137,6.48,369.83,1.33,0.349,0.027,0.089,0.028,0.072,0.066,2.18,435668.59,No injected typology,0
NPI2000006478,Cardiology,South,104,5.32,370.78,0.8,0.166,0.046,0.035,0.117,0.107,0.487,1.1,163454.96,No injected typology,0
NPI2000006479,Cardiology,South,318,6.32,479.48,1.14,0.128,0.002,0.205,0.07,0.04,0.306,0.12,1100482.6,No injected typology,0
NPI2000006480,Cardiology,West,155,6.84,496.04,1.09,0.268,0.413,0.181,0.035,0.047,0.081,0.99,571322.51,Duplicate billing,1
NPI2000006481,Pain Management,West,121,5.69,389.04,1.35,0.356,0.054,0.07,0.143,0.041,0.212,-1.62,362392.56,No injected typology,0
NPI2000006482,Home Health,Northeast,312,6.71,128.58,1.08,0.007,0.082,0.063,0.046,0.067,0.09,-0.32,291146.29,No injected typology,0
NPI2000006483,Lab,South,122,3.45,344.97,0.87,0.027,0.052,0.1,0.038,0.254,0.261,-0.41,126329.07,No injected typology,0
NPI2000006484,Oncology,West,170,5.75,180.87,0.97,0.149,0.012,0.041,0.04,0.144,0.456,1.81,171089.48,No injected typology,0
NPI2000006485,Home Health,Northeast,59,4.94,428.25,1.1,0.161,0.08,0.03,0.039,0.148,0.063,-0.69,136957.99,No injected typology,0
NPI2000006486,Lab,Midwest,101,3.3,571.49,1.24,0.055,0.006,0.148,0.07,0.078,0.067,1.73,235070.05,No injected typology,0
NPI2000006487,DME Supplier,Northeast,334,5.47,258.51,0.59,0.34,0.002,0.011,0.145,0.074,0.191,-1.79,279881.5,No injected typology,0
NPI2000006488,Radiology,South,208,5.74,311.21,0.9,0.216,0.054,0.044,0.09,0.093,0.055,0.7,332943.73,No injected typology,0
NPI2000006489,Lab,Northeast,157,6.3,139.53,0.97,0.172,0.06,0.117,0.061,0.21,0.48,-0.3,133984.24,No injected typology,0
NPI2000006490,Home Health,South,90,8.43,268.91,1.56,0.148,0.04,0.123,0.02,0.056,0.501,1.33,319208.93,No injected typology,0
NPI2000006491,Orthopedics,Northeast,171,5.84,284.56,1.19,0.252,0.021,0.062,0.175,0.113,0.204,1.91,339466.95,No injected typology,0
NPI2000006492,Lab,Northeast,172,4.62,397.6,0.78,0.64,0.02,0.06,0.064,0.042,0.153,-0.54,246475.98,No injected typology,0
NPI2000006493,Radiology,Midwest,188,4.13,303.04,0.8,0.296,0.068,0.286,0.107,0.143,0.334,-0.47,187217.58,No injected typology,0
NPI2000006494,Oncology,South,152,5.98,427.03,0.62,0.215,0.01,0.055,0.041,0.09,0.32,-0.21,242640.33,No injected typology,0
NPI2000006495,Lab,South,121,5.09,374.36,1.13,0.334,0.073,0.068,0.104,0.062,0.035,1.04,261795.87,No injected typology,0
NPI2000006496,DME Supplier,South,296,6.34,509.16,0.8,0.31,0.044,0.105,0.044,0.412,0.151,4.55,765743.81,DME aberrancy,1
NPI2000006497,Cardiology,Midwest,137,7.27,571.87,0.96,0.224,0.03,0.053,0.065,0.24,0.268,-1.73,547972.93,No injected typology,0
NPI2000006498,Internal Medicine,West,169,5.27,279.69,1.15,0.073,0.051,0.073,0.092,0.052,0.184,-2.39,285510.12,No injected typology,0
NPI2000006499,Cardiology,South,30,8.23,294.74,1.26,0.105,0.013,0.181,0.097,0.076,0.019,0.62,91356.85,No injected typology,0
NPI2000006500,Radiology,Midwest,177,5.47,295.03,1.12,0.28,0.045,0.014,0.148,0.097,0.172,0.5,320409.66,No injected typology,0
NPI2000006501,Internal Medicine,Midwest,159,6.62,391.67,1.08,0.225,0.055,0.03,0.055,0.063,0.107,-0.41,444245.08,No injected typology,0
NPI2000006502,Radiology,West,135,6.88,317.54,1.23,0.208,0.023,0.053,0.007,0.133,0.266,1.77,363638.74,No injected typology,0
NPI2000006503,Cardiology,South,357,7.23,728.9,1.21,0.525,0.001,0.724,0.097,0.052,0.182,4.18,2282920.79,Unbundling/modifier abuse,1
NPI2000006504,Internal Medicine,West,149,9.22,274.99,0.73,0.059,0.038,0.061,0.016,0.052,0.236,0.33,276802.87,No injected typology,0
NPI2000006505,Lab,West,306,5.78,393.36,0.93,0.218,0.107,0.044,0.021,0.163,0.36,0.02,645652.21,No injected typology,0
NPI2000006506,Internal Medicine,Northeast,251,8.07,476.64,1.1,0.023,0.015,0.149,0.008,0.048,0.351,0.5,1063454.92,No injected typology,0
NPI2000006507,Lab,Northeast,240,5.09,392.65,0.68,0.365,0.003,0.197,0.062,0.046,0.155,0.56,327077.89,No injected typology,0
NPI2000006508,Home Health,South,118,7.57,404.45,0.72,0.064,0.025,0.188,0.033,0.126,0.393,0.64,261467.09,No injected typology,0
NPI2000006509,Cardiology,Northeast,248,7.96,462.29,0.55,0.234,0.026,0.264,0.006,0.047,0.4,0.21,502236.74,No injected typology,0
NPI2000006510,Cardiology,Northeast,365,6.87,254.17,0.76,0.308,0.012,0.072,0.052,0.096,0.14,1.44,481793.21,No injected typology,0
NPI2000006511,DME Supplier,Midwest,256,5.38,334.45,0.97,0.051,0.009,0.174,0.064,0.632,0.121,3.23,446849.16,DME aberrancy,1
NPI2000006512,Cardiology,South,467,5.03,538.38,0.67,0.034,0.019,0.053,0.058,0.197,0.47,0.85,843206.2,No injected typology,0
NPI2000006513,Home Health,Northeast,108,9.0,822.15,0.95,0.075,0.401,0.095,0.046,0.133,0.17,1.1,759802.59,Duplicate billing,1
NPI2000006514,Home Health,Northeast,69,7.31,479.12,0.79,0.042,0.051,0.107,0.104,0.02,0.477,0.82,190822.09,No injected typology,0
NPI2000006515,Internal Medicine,South,212,5.32,243.59,0.87,0.227,0.081,0.091,0.025,0.135,0.235,1.53,237933.03,No injected typology,0
NPI2000006516,Cardiology,South,268,6.5,216.85,0.79,0.51,0.101,0.081,0.056,0.134,0.08,0.28,299646.54,No injected typology,0
NPI2000006517,Radiology,South,144,6.33,290.85,0.96,0.351,0.036,0.067,0.023,0.032,0.085,0.55,253631.35,No injected typology,0
NPI2000006518,Internal Medicine,Northeast,204,6.48,474.47,0.79,0.172,0.058,0.031,0.164,0.177,0.137,1.93,496278.67,No injected typology,0
NPI2000006519,Radiology,Midwest,110,6.76,339.9,1.16,0.158,0.049,0.098,0.029,0.274,0.324,0.27,292252.38,No injected typology,0
NPI2000006520,Radiology,South,152,5.19,234.88,1.0,0.142,0.128,0.13,0.069,0.062,0.336,0.34,185035.6,No injected typology,0
NPI2000006521,Lab,Midwest,197,8.34,823.81,0.55,0.096,0.076,0.178,0.143,0.13,0.458,0.75,743993.36,No injected typology,0
NPI2000006522,Lab,Northeast,164,6.44,210.29,0.78,0.093,0.012,0.087,0.061,0.177,0.249,-0.23,173905.05,No injected typology,0
NPI2000006523,Orthopedics,Northeast,403,6.32,169.44,0.85,0.186,0.026,0.025,0.0,0.181,0.35,-1.04,366177.75,No injected typology,0
NPI2000006524,Oncology,South,256,4.59,447.97,0.8,0.152,0.026,0.19,0.066,0.241,0.064,-0.31,419192.56,No injected typology,0
NPI2000006525,Internal Medicine,South,131,5.75,403.49,1.05,0.193,0.018,0.146,0.015,0.148,0.455,0.57,320391.6,No injected typology,0
NPI2000006526,Internal Medicine,Midwest,87,5.45,346.17,1.23,0.045,0.085,0.106,0.011,0.11,0.336,-1.77,202101.66,No injected typology,0
NPI2000006527,DME Supplier,West,354,6.18,1040.21,0.9,0.134,0.012,0.045,0.01,0.043,0.299,2.74,2051364.98,No injected typology,0
NPI2000006528,Internal Medicine,Northeast,59,5.56,282.72,0.71,0.204,0.007,0.068,0.026,0.011,0.263,-0.46,66110.56,No injected typology,0
NPI2000006529,DME Supplier,South,104,6.75,442.23,0.77,0.408,0.026,0.07,0.038,0.034,0.181,0.47,237820.04,No injected typology,0
NPI2000006530,Cardiology,Midwest,185,6.19,232.16,1.16,0.038,0.012,0.067,0.062,0.108,0.342,-0.03,308724.37,No injected typology,0
NPI2000006531,Home Health,South,74,5.73,797.21,1.14,0.366,0.049,0.176,0.065,0.223,0.119,0.53,386300.07,No injected typology,0
NPI2000006532,Pain Management,Northeast,151,7.11,327.39,1.12,0.246,0.043,0.029,0.028,0.016,0.167,0.2,394020.49,No injected typology,0
NPI2000006533,Orthopedics,Midwest,407,7.15,437.86,1.28,0.3,0.023,0.188,0.208,0.106,0.207,0.1,1635430.04,No injected typology,0
NPI2000006534,Home Health,West,300,10.25,269.27,0.93,0.167,0.006,0.095,0.046,0.02,0.141,0.43,769150.99,No injected typology,0
NPI2000006535,Oncology,South,135,5.12,351.35,1.06,0.454,0.037,0.02,0.083,0.185,0.231,0.38,258087.37,No injected typology,0
NPI2000006536,Cardiology,South,208,7.49,357.14,1.23,0.198,0.05,0.017,0.039,0.031,0.366,1.35,681875.6,No injected typology,0
NPI2000006537,Internal Medicine,West,212,6.71,242.17,0.98,0.108,0.033,0.224,0.007,0.074,0.124,-1.66,336286.3,No injected typology,0
NPI2000006538,Internal Medicine,Midwest,406,7.0,356.11,1.29,0.252,0.081,0.092,0.052,0.093,0.311,0.06,1301513.61,No injected typology,0
NPI2000006539,Oncology,West,119,3.23,512.54,1.28,0.243,0.014,0.039,0.047,0.219,0.265,3.15,252711.66,No injected typology,0
NPI2000006540,Radiology,South,98,3.08,440.29,1.13,0.09,0.057,0.072,0.063,0.207,0.316,0.71,150020.73,No injected typology,0
NPI2000006541,Internal Medicine,South,178,5.95,366.92,1.54,0.117,0.096,0.056,0.028,0.009,0.123,0.43,596669.82,No injected typology,0
NPI2000006542,Cardiology,Northeast,187,8.9,417.16,1.13,0.124,0.004,0.209,0.032,0.025,0.212,0.94,782596.87,No injected typology,0
NPI2000006543,Radiology,South,37,7.18,359.87,1.19,0.102,0.116,0.074,0.019,0.127,0.406,0.04,114117.3,No injected typology,0
NPI2000006544,Internal Medicine,South,38,5.7,167.43,1.1,0.3,0.032,0.042,0.064,0.068,0.276,-1.46,40031.7,No injected typology,0
NPI2000006545,Pain Management,Northeast,82,6.3,369.0,1.24,0.354,0.006,0.215,0.022,0.15,0.414,-0.8,236810.24,No injected typology,0
NPI2000006546,Internal Medicine,Midwest,61,6.98,279.91,1.05,0.235,0.009,0.079,0.049,0.019,0.107,-0.37,125521.31,No injected typology,0
NPI2000006547,Cardiology,South,102,4.3,311.97,0.95,0.129,0.024,0.02,0.136,0.197,0.144,-0.47,130481.57,No injected typology,0
NPI2000006548,Pain Management,South,195,7.42,522.08,0.79,0.137,0.06,0.087,0.04,0.056,0.078,-2.73,595036.6,No injected typology,0
NPI2000006549,Pain Management,Midwest,43,4.66,129.81,1.27,0.055,0.015,0.055,0.014,0.112,0.512,-0.63,32972.05,No injected typology,0
NPI2000006550,Lab,Northeast,102,5.48,291.53,1.08,0.503,0.048,0.022,0.093,0.045,0.158,-0.79,175884.98,No injected typology,0
NPI2000006551,Pain Management,South,110,6.39,497.29,1.47,0.186,0.031,0.105,0.096,0.041,0.376,-0.92,515145.8,No injected typology,0
NPI2000006552,Oncology,Northeast,65,5.4,289.16,0.91,0.146,0.046,0.122,0.02,0.075,0.136,-0.16,92510.81,No injected typology,0
NPI2000006553,DME Supplier,West,269,9.34,335.25,1.05,0.179,0.011,0.014,0.127,0.178,0.587,0.52,884885.38,No injected typology,0
NPI2000006554,Pain Management,South,159,6.6,224.44,1.28,0.24,0.019,0.301,0.007,0.237,0.233,0.12,301100.74,No injected typology,0
NPI2000006555,Cardiology,West,49,5.42,963.21,0.7,0.223,0.01,0.133,0.257,0.095,0.171,1.66,178898.07,No injected typology,0
NPI2000006556,Orthopedics,West,202,7.03,297.79,1.2,0.268,0.076,0.076,0.024,0.091,0.105,0.93,509120.4,No injected typology,0
NPI2000006557,Oncology,South,129,7.37,665.82,0.81,0.263,0.061,0.057,0.007,0.221,0.122,2.3,512361.37,No injected typology,0
NPI2000006558,DME Supplier,Midwest,284,4.94,1079.79,0.88,0.191,0.067,0.093,0.07,0.207,0.224,-0.03,1338818.62,No injected typology,0
NPI2000006559,Internal Medicine,Northeast,134,7.38,183.4,0.75,0.112,0.104,0.088,0.048,0.33,0.124,0.69,135808.28,No injected typology,0
NPI2000006560,Internal Medicine,South,272,6.46,571.11,0.63,0.38,0.005,0.066,0.007,0.062,0.242,0.56,636427.5,No injected typology,0
NPI2000006561,Home Health,West,390,4.09,321.69,1.2,0.192,0.017,0.083,0.097,0.028,0.024,0.5,617365.01,No injected typology,0
NPI2000006562,DME Supplier,Northeast,75,5.44,617.2,1.32,0.244,0.038,0.114,0.003,0.037,0.607,-0.44,332316.0,No injected typology,0
NPI2000006563,Pain Management,West,148,7.2,236.31,0.81,0.372,0.006,0.049,0.071,0.143,0.309,-0.34,204978.19,No injected typology,0
NPI2000006564,Home Health,South,139,4.46,214.95,1.14,0.17,0.008,0.149,0.061,0.042,0.464,0.6,152250.57,No injected typology,0
NPI2000006565,Internal Medicine,Northeast,115,6.3,426.33,0.84,0.252,0.022,0.027,0.03,0.091,0.397,1.01,259007.32,No injected typology,0
NPI2000006566,Internal Medicine,Northeast,174,7.26,396.43,1.02,0.056,0.012,0.15,0.159,0.067,0.042,-0.15,510950.44,No injected typology,0
NPI2000006567,Cardiology,Northeast,235,6.58,392.31,1.08,0.124,0.041,0.18,0.1,0.113,0.22,0.55,654351.49,No injected typology,0
NPI2000006568,Cardiology,South,165,2.58,369.63,1.23,0.079,0.039,0.169,0.016,0.016,0.251,-0.44,193617.97,No injected typology,0
NPI2000006569,Radiology,South,192,8.07,693.4,1.06,0.149,0.047,0.066,0.008,0.022,0.345,-0.43,1143887.99,No injected typology,0
NPI2000006570,Lab,South,140,5.62,840.97,1.36,0.097,0.046,0.241,0.026,0.107,0.185,0.95,900396.48,No injected typology,0
NPI2000006571,DME Supplier,Northeast,186,7.37,280.93,1.1,0.047,0.028,0.019,0.116,0.063,0.269,0.07,422517.58,No injected typology,0
NPI2000006572,Radiology,Midwest,187,6.17,386.69,1.12,0.173,0.008,0.056,0.064,0.104,0.407,0.8,501187.84,No injected typology,0
NPI2000006573,Radiology,West,183,4.46,654.43,0.85,0.372,0.031,0.264,0.023,0.113,0.034,1.44,452263.95,No injected typology,0
NPI2000006574,Orthopedics,Northeast,232,5.75,280.89,0.9,0.286,0.011,0.004,0.014,0.1,0.171,0.6,335470.79,No injected typology,0
NPI2000006575,DME Supplier,South,285,3.58,248.5,1.0,0.099,0.03,0.037,0.057,0.293,0.2,1.16,253706.31,No injected typology,0
NPI2000006576,Lab,Northeast,385,5.6,236.86,0.96,0.097,0.033,0.215,0.08,0.039,0.129,0.68,489663.45,No injected typology,0
NPI2000006577,Oncology,Midwest,196,8.38,727.74,1.11,0.4,0.088,0.056,0.226,0.156,0.394,0.57,1323808.49,No injected typology,0
NPI2000006578,Lab,Northeast,114,5.32,379.52,0.91,0.039,0.088,0.106,0.189,0.147,0.155,-0.09,209346.33,No injected typology,0
NPI2000006579,Orthopedics,West,88,7.97,175.6,0.84,0.595,0.031,0.352,0.064,0.19,0.547,-0.61,103329.43,No injected typology,0
NPI2000006580,Internal Medicine,Northeast,155,4.84,229.78,0.98,0.124,0.116,0.077,0.191,0.151,0.265,-0.23,168728.24,No injected typology,0
NPI2000006581,Cardiology,Northeast,172,5.95,193.05,1.19,0.089,0.044,0.148,0.138,0.035,0.136,-2.07,236010.66,No injected typology,0
NPI2000006582,DME Supplier,West,934,7.28,394.94,0.6,0.08,0.035,0.126,0.094,0.129,0.043,0.14,1621351.64,No injected typology,0
NPI2000006583,Cardiology,Northeast,145,6.58,323.47,1.18,0.112,0.006,0.097,0.007,0.165,0.426,-0.61,364451.64,No injected typology,0
NPI2000006584,Radiology,South,57,8.24,367.55,1.34,0.317,0.024,0.064,0.146,0.024,0.27,-0.16,231553.98,No injected typology,0
NPI2000006585,Cardiology,South,149,5.07,236.08,0.76,0.238,0.043,0.071,0.059,0.059,0.177,-1.18,134974.43,No injected typology,0
NPI2000006586,Pain Management,Northeast,85,9.0,173.17,0.8,0.27,0.094,0.232,0.003,0.061,0.143,0.71,106406.94,No injected typology,0
NPI2000006587,Orthopedics,West,127,4.45,943.77,1.29,0.073,0.013,0.121,0.086,0.012,0.329,1.72,687182.51,No injected typology,0
NPI2000006588,Oncology,South,100,5.62,527.05,1.22,0.059,0.047,0.056,0.102,0.067,0.236,1.2,361470.06,No injected typology,0
NPI2000006589,Orthopedics,Midwest,166,5.63,138.78,1.18,0.419,0.033,0.172,0.048,0.082,0.69,-0.84,152740.28,No injected typology,0
NPI2000006590,Home Health,West,336,5.43,140.02,1.18,0.129,0.023,0.29,0.648,0.191,0.45,-0.77,301518.4,Impossible frequency,1
NPI2000006591,Oncology,South,290,4.92,349.83,0.99,0.195,0.022,0.176,0.01,0.209,0.285,1.19,492338.11,No injected typology,0
NPI2000006592,Radiology,Northeast,172,5.95,397.13,0.82,0.271,0.032,0.123,0.1,0.088,0.554,0.12,333283.07,No injected typology,0
NPI2000006593,Radiology,South,413,6.91,324.74,1.27,0.052,0.035,0.073,0.059,0.247,0.268,-0.33,1174096.09,No injected typology,0
NPI2000006594,Lab,Northeast,204,3.52,390.08,1.59,0.207,0.004,0.06,0.239,0.019,0.167,0.47,445046.52,No injected typology,0
NPI2000006595,Orthopedics,South,219,3.45,312.6,1.12,0.432,0.048,0.203,0.005,0.218,0.056,-1.26,264991.28,No injected typology,0
NPI2000006596,Cardiology,South,30,7.58,504.92,0.8,0.012,0.059,0.051,0.004,0.031,0.214,-1.18,92232.83,No injected typology,0
NPI2000006597,Cardiology,South,85,6.36,224.6,0.87,0.02,0.119,0.159,0.06,0.161,0.134,0.14,105346.03,No injected typology,0
NPI2000006598,Internal Medicine,South,118,5.33,652.52,1.17,0.369,0.002,0.059,0.031,0.136,0.1,1.04,480264.71,No injected typology,0
NPI2000006599,Internal Medicine,South,115,8.18,349.72,1.06,0.052,0.07,0.159,0.034,0.023,0.264,-0.34,349165.3,No injected typology,0
NPI2000006600,Lab,Midwest,102,7.96,306.76,1.13,0.077,0.022,0.035,0.027,0.009,0.231,-0.54,281127.6,No injected typology,0
NPI2000006601,Oncology,Northeast,104,8.4,346.07,1.23,0.042,0.055,0.162,0.004,0.162,0.14,-2.09,371722.25,No injected typology,0
NPI2000006602,Lab,Midwest,90,4.66,414.56,0.91,0.425,0.011,0.097,0.122,0.215,0.31,0.44,159148.84,No injected typology,0
NPI2000006603,Cardiology,South,237,5.77,821.57,1.07,0.188,0.066,0.036,0.076,0.182,0.135,0.06,1206854.1,No injected typology,0
NPI2000006604,Internal Medicine,Northeast,78,9.8,212.08,0.66,0.189,0.042,0.145,0.096,0.139,0.398,-0.44,106415.14,No injected typology,0
NPI2000006605,Radiology,Midwest,94,7.08,350.31,1.27,0.059,0.006,0.138,0.029,0.098,0.317,-0.28,297055.16,No injected typology,0
NPI2000006606,DME Supplier,South,202,6.61,286.82,1.45,0.173,0.019,0.057,0.016,0.144,0.262,1.1,554868.74,No injected typology,0
NPI2000006607,DME Supplier,West,499,7.18,790.28,1.0,0.483,0.021,0.101,0.041,0.491,0.339,3.36,2837201.41,DME aberrancy,1
NPI2000006608,Orthopedics,South,308,5.23,659.67,0.67,0.209,0.034,0.052,0.087,0.12,0.148,0.74,716274.44,No injected typology,0
NPI2000006609,DME Supplier,South,85,2.31,334.72,1.17,0.074,0.017,0.076,0.025,0.08,0.187,-0.07,76726.15,No injected typology,0
NPI2000006610,Radiology,West,207,5.74,537.9,1.4,0.322,0.019,0.748,0.055,0.039,0.342,5.12,892347.73,Unbundling/modifier abuse,1
NPI2000006611,Pain Management,Northeast,185,5.88,375.75,1.29,0.141,0.043,0.098,0.092,0.258,0.308,0.19,526716.84,No injected typology,0
NPI2000006612,Pain Management,South,370,7.75,416.95,0.55,0.187,0.118,0.062,0.111,0.359,0.102,1.31,657518.79,No injected typology,0
NPI2000006613,Pain Management,South,57,8.08,181.41,1.1,0.3,0.016,0.13,0.014,0.019,0.136,-1.65,91515.04,No injected typology,0
NPI2000006614,Internal Medicine,Midwest,204,7.97,392.71,0.73,0.193,0.043,0.0,0.005,0.168,0.194,-1.03,466880.37,No injected typology,0
NPI2000006615,Orthopedics,South,94,5.02,1054.83,0.97,0.264,0.106,0.036,0.049,0.041,0.127,-1.25,481601.63,No injected typology,0
NPI2000006616,Orthopedics,Midwest,40,2.23,337.17,1.25,0.071,0.042,0.108,0.005,0.208,0.3,0.34,37743.79,No injected typology,0
NPI2000006617,Cardiology,West,376,6.64,187.18,1.37,0.247,0.014,0.139,0.044,0.102,0.382,-0.19,640585.58,No injected typology,0
NPI2000006618,Home Health,South,259,7.09,357.43,0.82,0.254,0.081,0.324,0.089,0.117,0.151,0.53,538906.42,No injected typology,0
NPI2000006619,Lab,Northeast,196,4.64,540.06,0.57,0.103,0.016,0.049,0.014,0.117,0.225,0.52,281419.29,No injected typology,0
NPI2000006620,Orthopedics,West,86,7.08,255.82,0.97,0.227,0.002,0.025,0.136,0.082,0.526,-1.87,151087.55,No injected typology,0
NPI2000006621,Radiology,Northeast,303,6.59,602.54,1.12,0.339,0.011,0.123,0.028,0.101,0.191,0.13,1344373.13,No injected typology,0
NPI2000006622,DME Supplier,South,208,5.33,340.92,1.05,0.1,0.103,0.043,0.008,0.06,0.449,1.51,397005.48,No injected typology,0
NPI2000006623,Cardiology,South,152,6.19,1425.59,0.81,0.166,0.029,0.114,0.056,0.111,0.254,1.66,1082498.3,No injected typology,0
NPI2000006624,Internal Medicine,Midwest,137,6.36,474.5,1.22,0.153,0.025,0.028,0.038,0.106,0.206,-0.84,505683.11,No injected typology,0
NPI2000006625,Cardiology,West,122,4.28,233.7,1.18,0.034,0.025,0.127,0.096,0.068,0.165,1.29,144252.67,No injected typology,0
NPI2000006626,Lab,Northeast,272,4.78,336.34,0.91,0.079,0.132,0.108,0.112,0.018,0.344,0.62,396292.8,No injected typology,0
NPI2000006627,Lab,South,318,3.9,128.6,1.08,0.516,0.053,0.088,0.025,0.101,0.189,0.08,172564.93,No injected typology,0
NPI2000006628,Oncology,West,97,5.37,123.52,1.27,0.156,0.107,0.095,0.202,0.067,0.161,0.97,81912.0,No injected typology,0
NPI2000006629,Radiology,West,153,7.33,531.31,1.06,0.125,0.006,0.158,0.113,0.175,0.179,1.47,632825.43,No injected typology,0
NPI2000006630,Home Health,Northeast,85,5.81,492.71,0.91,0.293,0.043,0.008,0.037,0.007,0.229,1.08,221063.64,No injected typology,0
NPI2000006631,Internal Medicine,South,168,3.99,330.64,1.09,0.167,0.156,0.11,0.065,0.052,0.381,-0.87,240943.16,No injected typology,0
NPI2000006632,Internal Medicine,South,99,6.08,598.52,1.09,0.152,0.007,0.151,0.087,0.107,0.129,1.01,391091.32,No injected typology,0
NPI2000006633,Lab,South,323,6.4,265.7,1.65,0.081,0.074,0.545,0.132,0.167,0.265,4.09,908259.35,Unbundling/modifier abuse,1
NPI2000006634,Internal Medicine,South,94,7.53,354.43,1.38,0.149,0.049,0.236,0.001,0.254,0.181,-0.77,346007.34,No injected typology,0
NPI2000006635,Internal Medicine,South,226,7.47,657.43,1.26,0.233,0.077,0.897,0.012,0.039,0.109,3.62,1400231.07,Unbundling/modifier abuse,1
NPI2000006636,Oncology,South,150,6.0,431.67,1.1,0.201,0.018,0.707,0.029,0.195,0.075,2.0,425372.06,Unbundling/modifier abuse,1
NPI2000006637,Orthopedics,Northeast,110,1.65,274.75,0.97,0.19,0.035,0.13,0.078,0.144,0.313,-0.32,48380.59,No injected typology,0
NPI2000006638,Internal Medicine,Midwest,88,5.5,233.01,1.13,0.238,0.011,0.198,0.093,0.363,0.38,-2.25,127489.34,No injected typology,0
NPI2000006639,Cardiology,West,523,8.74,221.08,0.95,0.048,0.02,0.021,0.004,0.045,0.505,0.33,958880.98,No injected typology,0
NPI2000006640,Cardiology,Northeast,83,4.07,262.15,1.09,0.111,0.108,0.051,0.02,0.169,0.184,0.72,96732.22,No injected typology,0
NPI2000006641,Pain Management,Northeast,178,6.32,601.0,1.49,0.037,0.004,0.244,0.002,0.238,0.508,0.15,1010024.93,No injected typology,0
NPI2000006642,Internal Medicine,Midwest,69,5.18,467.41,1.22,0.101,0.034,0.145,0.009,0.105,0.032,1.14,203761.53,No injected typology,0
NPI2000006643,DME Supplier,South,108,5.78,258.32,0.77,0.411,0.04,0.064,0.229,0.038,0.397,-1.08,124573.29,No injected typology,0
NPI2000006644,Cardiology,South,43,8.29,348.1,0.71,0.243,0.004,0.183,0.024,0.13,0.355,-0.78,87904.63,No injected typology,0
NPI2000006645,Internal Medicine,South,245,6.24,328.49,0.95,0.46,0.014,0.196,0.068,0.048,0.088,-0.78,477855.6,No injected typology,0
NPI2000006646,Pain Management,South,226,7.35,171.98,0.91,0.064,0.047,0.022,0.007,0.081,0.288,0.92,259801.16,No injected typology,0
NPI2000006647,DME Supplier,West,160,7.19,509.33,1.17,0.118,0.011,0.049,0.022,0.069,0.062,-1.2,687879.92,No injected typology,0
NPI2000006648,Cardiology,West,297,5.06,636.81,1.01,0.11,0.026,0.136,0.004,0.029,0.046,0.08,964346.27,No injected typology,0
NPI2000006649,Orthopedics,Midwest,374,7.12,264.07,1.0,0.202,0.059,0.1,0.171,0.333,0.223,0.42,703787.22,No injected typology,0
NPI2000006650,Orthopedics,Northeast,77,5.0,380.27,1.28,0.341,0.015,0.169,0.034,0.168,0.334,0.09,187621.98,No injected typology,0
NPI2000006651,Oncology,Midwest,353,6.82,282.06,1.14,0.197,0.004,0.061,0.091,0.096,0.16,-0.08,774485.32,No injected typology,0
NPI2000006652,Lab,Northeast,124,7.04,497.94,1.11,0.135,0.039,0.669,0.074,0.073,0.48,4.41,481327.34,Unbundling/modifier abuse,1
NPI2000006653,Orthopedics,South,125,6.41,1184.37,0.7,0.368,0.022,0.091,0.043,0.166,0.392,0.82,665195.08,No injected typology,0
NPI2000006654,Radiology,South,175,5.4,299.81,1.26,0.214,0.026,0.054,0.041,0.234,0.263,-1.04,355816.81,No injected typology,0
NPI2000006655,Lab,South,208,4.69,357.62,0.55,0.617,0.036,0.016,0.097,0.016,0.289,-0.63,192044.55,No injected typology,0
NPI2000006656,Home Health,South,109,7.02,162.47,1.28,0.134,0.031,0.028,0.073,0.096,0.141,-1.1,159203.35,No injected typology,0
NPI2000006657,Home Health,Midwest,93,6.19,227.74,1.37,0.363,0.001,0.193,0.034,0.062,0.305,2.38,179076.79,No injected typology,0
NPI2000006658,Internal Medicine,South,135,7.6,334.31,0.98,0.239,0.042,0.166,0.059,0.005,0.418,0.79,336477.42,No injected typology,0
NPI2000006659,Lab,West,117,8.59,352.19,1.02,0.163,0.061,0.268,0.039,0.182,0.349,-0.38,361173.83,No injected typology,0
NPI2000006660,Internal Medicine,Midwest,180,5.06,782.33,0.85,0.385,0.021,0.038,0.06,0.082,0.165,0.08,606794.51,No injected typology,0
NPI2000006661,Oncology,Northeast,108,9.13,524.29,0.97,0.801,0.055,0.116,0.698,0.068,0.153,5.29,502842.15,Upcoding,1
NPI2000006662,Cardiology,Midwest,262,5.57,192.79,0.84,0.358,0.002,0.105,0.088,0.202,0.395,0.03,235207.47,No injected typology,0
NPI2000006663,Cardiology,South,521,7.91,751.37,0.94,0.148,0.012,0.244,0.017,0.087,0.457,-0.5,2911582.07,No injected typology,0
NPI2000006664,Pain Management,West,112,6.19,317.81,1.26,0.095,0.064,0.062,0.011,0.145,0.057,0.49,277259.59,No injected typology,0
NPI2000006665,Orthopedics,Northeast,75,7.4,494.74,0.79,0.077,0.009,0.033,0.05,0.021,0.108,0.04,215929.85,No injected typology,0
NPI2000006666,Internal Medicine,South,99,4.91,413.67,0.99,0.21,0.041,0.827,0.039,0.093,0.217,1.73,199737.24,Unbundling/modifier abuse,1
NPI2000006667,Internal Medicine,Northeast,113,6.9,675.74,0.68,0.161,0.015,0.179,0.012,0.167,0.094,-0.91,356592.41,No injected typology,0
NPI2000006668,Oncology,Midwest,344,9.56,339.61,1.07,0.486,0.003,0.104,0.026,0.135,0.425,-0.11,1193028.95,No injected typology,0
NPI2000006669,Cardiology,Midwest,347,4.32,999.86,0.65,0.774,0.053,0.089,0.621,0.18,0.206,5.15,972102.71,Upcoding,1
NPI2000006670,Internal Medicine,Northeast,307,6.43,149.69,0.98,0.123,0.014,0.134,0.088,0.022,0.117,-1.13,289153.66,No injected typology,0
NPI2000006671,Cardiology,West,116,5.82,504.32,0.95,0.183,0.065,0.026,0.02,0.079,0.103,-0.39,322587.41,No injected typology,0
NPI2000006672,Pain Management,South,104,5.96,287.62,0.81,0.081,0.021,0.065,0.008,0.131,0.086,0.66,144171.31,No injected typology,0
NPI2000006673,Internal Medicine,South,82,7.34,367.99,0.81,0.152,0.007,0.136,0.044,0.129,0.25,0.17,179384.47,No injected typology,0
NPI2000006674,Home Health,Northeast,130,6.59,194.61,1.4,0.047,0.023,0.01,0.07,0.088,0.567,-0.45,234086.29,No injected typology,0
NPI2000006675,Pain Management,South,192,7.04,159.44,0.6,0.112,0.008,0.037,0.103,0.187,0.179,0.58,129797.09,No injected typology,0
NPI2000006676,Lab,Midwest,137,5.64,552.94,1.24,0.215,0.055,0.206,0.185,0.135,0.655,-0.29,531226.4,No injected typology,0
NPI2000006677,Cardiology,Midwest,93,6.05,585.84,1.07,0.434,0.106,0.06,0.015,0.012,0.185,0.77,354020.1,No injected typology,0
NPI2000006678,Internal Medicine,South,275,10.2,308.61,0.82,0.246,0.01,0.183,0.101,0.111,0.7,0.88,714301.46,No injected typology,0
NPI2000006679,DME Supplier,Northeast,471,3.99,337.89,1.29,0.163,0.051,0.054,0.003,0.271,0.073,1.22,820183.52,No injected typology,0
NPI2000006680,Oncology,South,147,4.29,399.56,1.2,0.091,0.049,0.137,0.035,0.079,0.41,0.03,302790.64,No injected typology,0
NPI2000006681,Internal Medicine,South,152,6.75,445.48,0.98,0.074,0.015,0.139,0.01,0.056,0.154,1.42,449518.39,No injected typology,0
NPI2000006682,Radiology,South,315,6.25,282.96,0.82,0.093,0.034,0.129,0.16,0.154,0.235,-0.57,458075.73,No injected typology,0
NPI2000006683,Pain Management,Midwest,178,4.37,609.61,1.25,0.862,0.015,0.091,0.177,0.131,0.319,3.73,591379.59,Upcoding,1
NPI2000006684,Radiology,West,100,5.94,584.97,0.9,0.154,0.05,0.191,0.116,0.122,0.283,-1.28,313567.32,No injected typology,0
NPI2000006685,Orthopedics,South,109,5.77,229.71,1.22,0.216,0.086,0.066,0.01,0.104,0.361,-2.18,176600.06,No injected typology,0
NPI2000006686,Lab,South,301,7.26,212.0,0.81,0.275,0.063,0.179,0.101,0.069,0.221,0.42,376662.05,No injected typology,0
NPI2000006687,DME Supplier,Northeast,288,6.88,459.77,0.7,0.153,0.02,0.038,0.223,0.315,0.25,2.2,637841.73,DME aberrancy,1
NPI2000006688,Orthopedics,Midwest,134,7.69,239.11,0.82,0.098,0.078,0.032,0.231,0.134,0.158,0.22,202081.91,No injected typology,0
NPI2000006689,Orthopedics,Midwest,159,5.81,494.74,1.3,0.145,0.072,0.699,0.062,0.149,0.466,4.84,596823.83,Unbundling/modifier abuse,1
NPI2000006690,Home Health,Northeast,150,5.39,570.09,0.94,0.171,0.038,0.071,0.014,0.06,0.57,-0.35,431144.95,No injected typology,0
NPI2000006691,Cardiology,Midwest,222,5.72,126.75,1.17,0.019,0.01,0.162,0.052,0.08,0.31,-0.71,189018.85,No injected typology,0
NPI2000006692,Cardiology,South,339,7.71,483.47,0.8,0.167,0.014,0.025,0.018,0.048,0.155,0.89,1008891.63,No injected typology,0
NPI2000006693,Oncology,South,196,6.36,598.24,0.67,0.128,0.06,0.076,0.037,0.102,0.55,-1.32,500239.06,No injected typology,0
NPI2000006694,Cardiology,Midwest,37,4.76,243.77,0.66,0.17,0.021,0.368,0.086,0.092,0.289,-1.74,28283.89,No injected typology,0
NPI2000006695,Home Health,Northeast,235,6.3,159.39,1.43,0.542,0.036,0.245,0.202,0.091,0.057,0.86,338298.08,No injected typology,0
NPI2000006696,Internal Medicine,Midwest,274,6.02,239.23,0.76,0.108,0.036,0.746,0.058,0.073,0.104,2.74,299393.11,Unbundling/modifier abuse,1
NPI2000006697,Internal Medicine,West,122,6.25,401.18,0.87,0.399,0.048,0.016,0.06,0.035,0.108,-0.78,266190.93,No injected typology,0
NPI2000006698,Home Health,South,76,7.14,214.87,1.52,0.054,0.062,0.105,0.066,0.042,0.417,0.8,176837.04,No injected typology,0
NPI2000006699,Orthopedics,West,67,5.11,192.02,0.69,0.027,0.018,0.134,0.082,0.265,0.094,-0.35,45257.0,No injected typology,0
NPI2000006700,Pain Management,Northeast,260,5.42,525.2,1.06,0.22,0.035,0.16,0.148,0.46,0.06,2.46,780143.03,No injected typology,0
NPI2000006701,Cardiology,West,142,6.07,802.59,1.2,0.081,0.082,0.107,0.022,0.024,0.285,-0.52,828522.18,No injected typology,0
NPI2000006702,Oncology,Northeast,296,6.17,212.55,0.57,0.087,0.006,0.028,0.135,0.083,0.148,-0.19,221243.01,No injected typology,0
NPI2000006703,Radiology,South,395,6.74,559.24,1.1,0.629,0.005,0.018,0.041,0.028,0.177,1.33,1642787.05,No injected typology,0
NPI2000006704,Cardiology,Northeast,86,5.39,249.09,0.81,0.327,0.006,0.038,0.088,0.158,0.368,-0.68,93962.1,No injected typology,0
NPI2000006705,Orthopedics,South,144,5.86,563.3,1.24,0.117,0.035,0.053,0.623,0.054,0.183,1.94,589812.65,Impossible frequency,1
NPI2000006706,Cardiology,South,90,4.2,215.63,0.97,0.105,0.031,0.103,0.009,0.064,0.24,2.83,79324.13,No injected typology,0
NPI2000006707,Radiology,Northeast,88,6.92,566.76,1.16,0.137,0.01,0.174,0.048,0.025,0.297,0.26,400882.57,No injected typology,0
NPI2000006708,Home Health,South,359,5.54,250.46,0.96,0.101,0.013,0.081,0.089,0.079,0.038,1.05,478067.0,No injected typology,0
NPI2000006709,Orthopedics,Northeast,88,6.75,249.85,1.11,0.165,0.02,0.093,0.206,0.21,0.263,-0.31,164675.53,No injected typology,0
NPI2000006710,DME Supplier,West,162,6.47,263.19,0.84,0.099,0.096,0.175,0.021,0.062,0.317,-0.84,231047.79,No injected typology,0
NPI2000006711,Radiology,South,389,3.42,511.19,0.99,0.198,0.022,0.098,0.169,0.064,0.223,0.6,673469.37,No injected typology,0
NPI2000006712,Cardiology,South,224,7.73,292.27,1.04,0.283,0.012,0.119,0.127,0.052,0.202,0.28,525823.22,No injected typology,0
NPI2000006713,Orthopedics,West,124,5.73,196.52,0.91,0.143,0.043,0.039,0.096,0.13,0.161,0.55,126467.95,No injected typology,0
NPI2000006714,Orthopedics,Midwest,259,6.27,628.58,0.9,0.123,0.016,0.144,0.073,0.003,0.053,0.93,916858.31,No injected typology,0
NPI2000006715,DME Supplier,Midwest,225,4.48,540.15,0.9,0.009,0.007,0.102,0.048,0.187,0.123,0.43,488044.58,No injected typology,0
NPI2000006716,Internal Medicine,West,624,7.33,319.64,1.11,0.363,0.046,0.083,0.01,0.077,0.079,-0.32,1629453.68,No injected typology,0
NPI2000006717,Orthopedics,Midwest,89,5.8,247.11,0.93,0.27,0.147,0.084,0.028,0.112,0.229,0.51,118261.42,No injected typology,0
NPI2000006718,Cardiology,Northeast,187,6.77,428.3,1.22,0.201,0.038,0.121,0.007,0.133,0.164,2.8,661325.43,No injected typology,0
NPI2000006719,Internal Medicine,South,247,6.89,211.66,1.27,0.177,0.038,0.301,0.013,0.251,0.082,0.73,456175.38,No injected typology,0
NPI2000006720,Orthopedics,Northeast,212,6.01,282.42,1.02,0.281,0.047,0.029,0.007,0.158,0.407,0.35,366832.44,No injected typology,0
NPI2000006721,Cardiology,South,152,4.54,274.87,0.94,0.156,0.013,0.078,0.064,0.009,0.202,1.6,177801.29,No injected typology,0
NPI2000006722,Home Health,Midwest,290,5.14,245.21,1.19,0.042,0.011,0.03,0.015,0.066,0.085,0.56,435670.89,No injected typology,0
NPI2000006723,Internal Medicine,Midwest,168,7.03,558.96,0.9,0.21,0.023,0.078,0.14,0.131,0.176,-0.52,597335.77,No injected typology,0
NPI2000006724,Lab,South,194,5.77,387.36,0.83,0.383,0.002,0.126,0.002,0.131,0.307,-1.36,358664.2,No injected typology,0
NPI2000006725,Lab,Northeast,504,4.92,236.89,0.83,0.32,0.058,0.043,0.083,0.033,0.158,1.56,488315.24,No injected typology,0
NPI2000006726,Oncology,South,649,6.26,425.96,0.86,0.103,0.075,0.089,0.266,0.04,0.13,1.61,1486322.19,No injected typology,0
NPI2000006727,Internal Medicine,West,249,5.77,369.94,1.13,0.357,0.032,0.074,0.043,0.112,0.125,1.88,600688.08,No injected typology,0
NPI2000006728,Internal Medicine,South,241,6.41,107.57,1.36,0.161,0.002,0.022,0.528,0.033,0.158,-0.2,225317.92,Impossible frequency,1
NPI2000006729,Oncology,South,152,9.11,202.96,1.36,0.133,0.045,0.052,0.005,0.078,0.61,-1.06,382676.8,No injected typology,0
NPI2000006730,Internal Medicine,Northeast,69,5.69,538.28,1.02,0.135,0.011,0.141,0.016,0.168,0.088,0.66,214862.04,No injected typology,0
NPI2000006731,Internal Medicine,Northeast,37,8.69,295.7,1.22,0.156,0.004,0.058,0.03,0.092,0.107,1.0,115586.42,No injected typology,0
NPI2000006732,Internal Medicine,South,340,7.78,322.87,0.64,0.262,0.016,0.158,0.154,0.058,0.04,0.02,549262.95,No injected typology,0
NPI2000006733,Home Health,West,309,5.59,193.03,0.78,0.097,0.038,0.02,0.087,0.156,0.428,-1.41,261685.92,No injected typology,0
NPI2000006734,Radiology,Northeast,229,8.74,365.54,0.73,0.089,0.066,0.042,0.087,0.058,0.289,-0.35,531308.26,No injected typology,0
NPI2000006735,Internal Medicine,Midwest,116,6.76,334.67,1.33,0.127,0.098,0.064,0.027,0.063,0.054,-1.15,350068.72,No injected typology,0
NPI2000006736,Orthopedics,West,299,6.83,530.45,1.11,0.124,0.031,0.118,0.013,0.011,0.072,1.09,1203850.18,No injected typology,0
NPI2000006737,Orthopedics,Northeast,554,5.08,550.33,0.74,0.26,0.013,0.051,0.101,0.056,0.041,0.09,1141677.7,No injected typology,0
NPI2000006738,Oncology,Midwest,238,7.39,211.55,1.4,0.044,0.033,0.249,0.018,0.228,0.291,0.54,522237.03,No injected typology,0
NPI2000006739,Home Health,Midwest,75,6.04,246.82,0.99,0.38,0.024,0.105,0.01,0.228,0.266,0.68,111001.68,No injected typology,0
NPI2000006740,Pain Management,Midwest,61,5.62,640.54,0.55,0.403,0.038,0.067,0.004,0.042,0.42,0.29,120774.27,No injected typology,0
NPI2000006741,Orthopedics,West,134,4.51,206.79,1.43,0.168,0.022,0.089,0.033,0.127,0.055,-1.02,178625.5,No injected typology,0
NPI2000006742,Orthopedics,South,125,5.99,373.46,0.8,0.233,0.074,0.08,0.702,0.026,0.159,1.19,224108.02,Impossible frequency,1
NPI2000006743,Cardiology,Northeast,243,7.35,262.05,1.11,0.249,0.059,0.141,0.025,0.098,0.217,-0.16,519397.17,No injected typology,0
NPI2000006744,Radiology,Midwest,49,7.88,359.29,1.14,0.313,0.035,0.152,0.054,0.018,0.178,0.89,158768.38,No injected typology,0
NPI2000006745,Internal Medicine,West,267,10.67,95.17,1.18,0.021,0.028,0.196,0.063,0.078,0.217,0.56,319020.44,No injected typology,0
NPI2000006746,DME Supplier,Midwest,137,6.43,370.94,0.66,0.504,0.462,0.118,0.027,0.124,0.292,0.63,214695.45,Duplicate billing,1
NPI2000006747,Radiology,South,396,4.14,455.38,1.05,0.067,0.011,0.791,0.161,0.115,0.282,2.18,781130.3,Unbundling/modifier abuse,1
NPI2000006748,Pain Management,South,153,4.44,411.05,0.59,0.105,0.02,0.152,0.015,0.154,0.054,1.48,163614.25,No injected typology,0
NPI2000006749,Pain Management,West,226,7.95,250.39,0.97,0.128,0.013,0.051,0.05,0.132,0.155,1.03,437604.56,No injected typology,0
NPI2000006750,Home Health,South,124,7.02,246.45,1.36,0.19,0.139,0.141,0.017,0.021,0.088,0.71,291773.91,No injected typology,0
NPI2000006751,Internal Medicine,South,75,6.41,733.64,0.55,0.471,0.039,0.107,0.07,0.018,0.068,1.13,193859.01,No injected typology,0
NPI2000006752,Internal Medicine,Midwest,471,5.76,282.94,1.02,0.07,0.007,0.155,0.027,0.078,0.077,-0.26,780397.74,No injected typology,0
NPI2000006753,Internal Medicine,Midwest,110,4.29,342.48,0.96,0.056,0.039,0.455,0.007,0.022,0.168,1.97,155781.81,No injected typology,0
NPI2000006754,Cardiology,South,70,2.51,694.25,1.19,0.165,0.024,0.21,0.004,0.046,0.257,-0.45,145426.05,No injected typology,0
NPI2000006755,Orthopedics,Midwest,148,5.27,780.2,0.67,0.731,0.107,0.486,0.211,0.064,0.415,8.12,406516.74,Upcoding,1
NPI2000006756,Cardiology,Northeast,174,5.22,709.62,1.16,0.156,0.04,0.202,0.036,0.13,0.465,0.51,744091.53,No injected typology,0
NPI2000006757,Orthopedics,South,122,6.95,671.58,1.48,0.124,0.007,0.271,0.175,0.233,0.424,-0.14,841330.79,No injected typology,0
NPI2000006758,Home Health,Midwest,114,4.01,460.57,0.96,0.11,0.096,0.18,0.006,0.077,0.086,1.92,202472.67,No injected typology,0
NPI2000006759,Radiology,West,129,6.89,255.67,1.03,0.179,0.017,0.017,0.044,0.034,0.162,-0.37,234857.74,No injected typology,0
NPI2000006760,Radiology,South,212,4.54,313.38,1.3,0.073,0.045,0.271,0.103,0.027,0.202,1.23,391134.56,No injected typology,0
NPI2000006761,Radiology,South,287,4.02,220.85,1.08,0.129,0.086,0.231,0.091,0.181,0.411,0.03,275169.8,No injected typology,0
NPI2000006762,Internal Medicine,Northeast,189,4.02,309.18,0.89,0.334,0.033,0.023,0.126,0.079,0.735,-0.34,208316.81,No injected typology,0
NPI2000006763,Orthopedics,South,184,4.37,309.88,0.86,0.07,0.021,0.124,0.073,0.117,0.512,-1.87,213740.09,No injected typology,0
NPI2000006764,Orthopedics,South,260,6.19,417.33,1.1,0.043,0.014,0.802,0.079,0.09,0.236,3.25,742133.18,Unbundling/modifier abuse,1
NPI2000006765,Home Health,Midwest,82,7.46,342.49,0.83,0.152,0.054,0.131,0.021,0.189,0.272,-0.71,173119.1,No injected typology,0
NPI2000006766,Pain Management,Midwest,182,6.65,265.51,0.9,0.453,0.012,0.071,0.151,0.1,0.262,0.04,289058.24,No injected typology,0
NPI2000006767,DME Supplier,Midwest,370,6.58,637.93,0.83,0.086,0.012,0.123,0.097,0.431,0.116,3.47,1288157.68,DME aberrancy,1
NPI2000006768,Radiology,South,110,7.4,756.96,1.23,0.798,0.037,0.099,0.007,0.006,0.515,3.9,758667.48,Upcoding,1
NPI2000006769,DME Supplier,Midwest,338,5.89,193.4,1.02,0.174,0.055,0.034,0.048,0.057,0.268,0.68,392748.82,No injected typology,0
NPI2000006770,Cardiology,Northeast,174,7.15,369.12,1.0,0.049,0.006,0.057,0.02,0.044,0.201,0.72,459289.28,No injected typology,0
NPI2000006771,Lab,Midwest,305,6.26,301.78,1.28,0.301,0.035,0.034,0.06,0.2,0.422,-0.95,737945.29,No injected typology,0
NPI2000006772,Lab,West,82,3.39,298.32,0.67,0.102,0.018,0.144,0.035,0.054,0.584,0.69,55307.21,No injected typology,0
NPI2000006773,Pain Management,South,86,5.93,232.64,1.04,0.156,0.092,0.085,0.062,0.033,0.314,-0.84,123748.76,No injected typology,0
NPI2000006774,Radiology,Midwest,321,4.61,287.33,1.25,0.026,0.083,0.073,0.125,0.108,0.138,-0.67,533081.91,No injected typology,0
NPI2000006775,Internal Medicine,Northeast,117,4.25,407.88,0.85,0.14,0.079,0.005,0.047,0.129,0.389,2.08,172799.08,No injected typology,0
NPI2000006776,Home Health,West,101,5.68,476.15,1.21,0.779,0.027,0.155,0.019,0.023,0.187,3.26,331513.37,Upcoding,1
NPI2000006777,DME Supplier,South,161,3.58,244.84,1.36,0.109,0.089,0.067,0.09,0.088,0.235,0.53,191301.25,No injected typology,0
NPI2000006778,Oncology,South,30,6.22,763.38,1.64,0.124,0.012,0.363,0.069,0.237,0.094,-0.24,233756.36,No injected typology,0
NPI2000006779,Radiology,West,237,5.9,535.46,1.2,0.264,0.055,0.108,0.038,0.379,0.333,0.21,900660.6,No injected typology,0
NPI2000006780,Internal Medicine,Midwest,401,2.96,545.91,1.08,0.127,0.05,0.619,0.131,0.294,0.836,4.65,698344.45,Unbundling/modifier abuse,1
NPI2000006781,Pain Management,Northeast,146,6.62,766.47,0.88,0.179,0.025,0.106,0.065,0.038,0.055,0.71,648701.77,No injected typology,0
NPI2000006782,Oncology,West,40,5.79,534.11,1.02,0.137,0.069,0.145,0.043,0.06,0.116,-0.48,126696.96,No injected typology,0
NPI2000006783,Internal Medicine,South,33,5.83,360.52,1.11,0.147,0.078,0.277,0.095,0.154,0.367,1.03,77202.99,No injected typology,0
NPI2000006784,Home Health,Midwest,152,3.54,120.02,0.67,0.008,0.022,0.034,0.019,0.062,0.218,-1.52,43379.79,No injected typology,0
NPI2000006785,Orthopedics,South,501,5.4,253.67,0.8,0.221,0.061,0.1,0.009,0.037,0.037,0.96,551659.32,No injected typology,0
NPI2000006786,Orthopedics,Northeast,157,5.24,255.74,0.86,0.257,0.013,0.057,0.049,0.12,0.22,1.19,181725.85,No injected typology,0
NPI2000006787,Oncology,South,169,6.6,303.14,0.74,0.196,0.062,0.113,0.022,0.062,0.163,2.24,249052.47,No injected typology,0
NPI2000006788,Lab,South,267,6.21,262.8,1.0,0.136,0.056,0.099,0.068,0.088,0.007,0.5,437411.21,No injected typology,0
NPI2000006789,Orthopedics,South,106,6.54,360.98,1.23,0.088,0.018,0.176,0.016,0.052,0.158,0.08,307818.63,No injected typology,0
NPI2000006790,Home Health,South,269,4.41,366.32,0.82,0.035,0.035,0.006,0.168,0.036,0.123,-0.3,356849.77,No injected typology,0
NPI2000006791,Cardiology,South,53,8.76,412.53,1.05,0.14,0.011,0.054,0.096,0.08,0.133,-1.12,200931.56,No injected typology,0
NPI2000006792,DME Supplier,Northeast,132,7.82,383.38,1.46,0.188,0.015,0.074,0.002,0.219,0.186,-0.9,576855.0,No injected typology,0
NPI2000006793,Internal Medicine,West,120,5.74,616.0,0.78,0.774,0.048,0.16,0.041,0.023,0.125,3.65,330459.33,Upcoding,1
NPI2000006794,Radiology,South,124,6.62,482.7,0.78,0.012,0.016,0.123,0.004,0.061,0.143,0.74,308314.46,No injected typology,0
NPI2000006795,Internal Medicine,South,35,1.0,217.83,1.39,0.03,0.016,0.154,0.036,0.13,0.178,0.63,10633.94,No injected typology,0
NPI2000006796,Internal Medicine,West,126,3.75,485.53,1.38,0.164,0.003,0.138,0.016,0.038,0.344,0.85,315294.52,No injected typology,0
NPI2000006797,Internal Medicine,South,254,6.23,1575.9,0.98,0.007,0.075,0.64,0.016,0.157,0.036,4.75,2432049.18,Unbundling/modifier abuse,1
NPI2000006798,Lab,Northeast,107,3.94,395.28,1.5,0.112,0.066,0.051,0.038,0.275,0.304,-0.18,249730.84,No injected typology,0
NPI2000006799,Home Health,West,424,5.61,261.32,0.76,0.089,0.022,0.162,0.098,0.21,0.435,0.79,474392.73,No injected typology,0
NPI2000006800,Home Health,Northeast,140,7.8,444.47,1.05,0.172,0.09,0.124,0.069,0.108,0.722,-0.2,512164.5,No injected typology,0
NPI2000006801,Oncology,Northeast,167,4.54,423.94,1.05,0.339,0.022,0.048,0.007,0.168,0.402,1.26,338354.15,No injected typology,0
NPI2000006802,Radiology,Midwest,49,6.48,172.46,0.86,0.021,0.048,0.239,0.036,0.241,0.34,-0.78,47022.48,No injected typology,0
NPI2000006803,Internal Medicine,Northeast,257,5.85,497.29,1.02,0.356,0.05,0.113,0.191,0.308,0.289,0.29,764119.3,No injected typology,0
NPI2000006804,Internal Medicine,South,193,5.08,360.08,0.86,0.102,0.037,0.114,0.151,0.044,0.21,1.75,302879.36,No injected typology,0
NPI2000006805,Internal Medicine,West,336,6.5,385.26,1.49,0.234,0.026,0.205,0.049,0.039,0.477,-0.71,1252283.88,No injected typology,0
NPI2000006806,Internal Medicine,South,90,5.04,157.56,1.08,0.112,0.02,0.062,0.065,0.128,0.402,-1.05,77229.34,No injected typology,0
NPI2000006807,Internal Medicine,South,167,5.32,433.19,1.1,0.934,0.03,0.175,0.041,0.125,0.183,4.08,423145.4,Upcoding,1
NPI2000006808,Cardiology,South,347,8.66,264.24,1.25,0.161,0.06,0.828,0.046,0.038,0.147,3.08,993530.82,Unbundling/modifier abuse,1
NPI2000006809,Cardiology,Midwest,153,5.64,177.28,0.77,0.1,0.298,0.226,0.107,0.208,0.141,0.17,117579.66,Duplicate billing,1
NPI2000006810,DME Supplier,South,145,7.98,195.06,1.33,0.258,0.077,0.098,0.122,0.158,0.044,-1.13,299806.88,No injected typology,0
NPI2000006811,Pain Management,Northeast,65,3.81,261.9,0.67,0.113,0.013,0.044,0.032,0.174,0.25,-1.1,43212.49,No injected typology,0
NPI2000006812,Radiology,Midwest,398,7.79,266.47,1.36,0.395,0.083,0.091,0.004,0.159,0.253,0.61,1121720.18,No injected typology,0
NPI2000006813,Orthopedics,Midwest,313,5.77,171.1,1.11,0.065,0.004,0.308,0.082,0.169,0.44,0.37,343501.85,No injected typology,0
NPI2000006814,Oncology,South,82,5.62,321.75,1.08,0.103,0.018,0.661,0.047,0.038,0.212,3.84,160617.64,Unbundling/modifier abuse,1
NPI2000006815,Radiology,South,317,5.87,405.59,1.46,0.108,0.023,0.101,0.066,0.021,0.491,-0.06,1104675.82,No injected typology,0
NPI2000006816,Internal Medicine,Northeast,393,6.0,301.08,1.16,0.066,0.026,0.071,0.003,0.11,0.645,0.12,825020.66,No injected typology,0
NPI2000006817,Orthopedics,Midwest,290,5.63,718.32,1.35,0.067,0.049,0.006,0.058,0.047,0.663,0.5,1586846.63,No injected typology,0
NPI2000006818,Cardiology,South,164,5.45,411.33,1.58,0.083,0.011,0.12,0.066,0.11,0.333,-0.86,580763.27,No injected typology,0
NPI2000006819,Radiology,South,174,8.26,311.19,1.11,0.029,0.04,0.108,0.036,0.166,0.057,-0.06,495537.3,No injected typology,0
NPI2000006820,Internal Medicine,Northeast,52,6.43,434.47,0.56,0.224,0.035,0.711,0.652,0.057,0.539,3.2,81293.13,Unbundling/modifier abuse,1
NPI2000006821,Lab,Northeast,132,2.62,344.8,1.3,0.022,0.075,0.366,0.041,0.06,0.121,0.35,154973.76,No injected typology,0
NPI2000006822,Home Health,South,128,5.12,247.73,1.16,0.228,0.064,0.08,0.036,0.129,0.127,0.41,188290.06,No injected typology,0
NPI2000006823,Lab,Midwest,69,6.04,585.24,1.27,0.08,0.058,0.196,0.072,0.385,0.115,-0.14,309373.86,No injected typology,0
NPI2000006824,Orthopedics,Midwest,262,7.75,286.06,0.98,0.096,0.051,0.026,0.095,0.136,0.212,-0.13,569753.95,No injected typology,0
NPI2000006825,Oncology,South,137,7.63,662.79,1.0,0.263,0.006,0.098,0.045,0.036,0.305,2.04,696371.28,No injected typology,0
NPI2000006826,Internal Medicine,South,247,6.63,220.54,0.95,0.175,0.088,0.042,0.031,0.123,0.2,0.37,342407.37,No injected typology,0
NPI2000006827,Radiology,South,114,5.63,326.84,0.81,0.658,0.008,0.207,0.06,0.105,0.463,-1.16,169167.92,No injected typology,0
NPI2000006828,Internal Medicine,South,58,7.86,365.35,0.87,0.198,0.054,0.149,0.055,0.29,0.206,1.48,144335.24,No injected typology,0
NPI2000006829,Lab,Northeast,168,7.91,627.52,0.68,0.133,0.01,0.042,0.107,0.043,0.054,0.02,564018.29,No injected typology,0
NPI2000006830,Cardiology,South,133,9.32,552.45,1.14,0.156,0.009,0.185,0.136,0.088,0.465,0.02,779311.74,No injected typology,0
NPI2000006831,Home Health,Midwest,244,7.0,352.08,1.26,0.088,0.059,0.153,0.014,0.207,0.332,-0.56,754683.94,No injected typology,0
NPI2000006832,Cardiology,South,158,6.64,528.69,0.85,0.61,0.024,0.061,0.004,0.154,0.235,0.85,469248.33,No injected typology,0
NPI2000006833,Home Health,Northeast,386,4.13,395.48,0.97,0.263,0.02,0.106,0.065,0.069,0.257,2.6,611545.84,No injected typology,0
NPI2000006834,Pain Management,West,113,6.9,230.16,0.91,0.056,0.003,0.045,0.627,0.051,0.167,1.01,163475.28,Impossible frequency,1
NPI2000006835,Cardiology,West,518,5.97,451.61,1.13,0.142,0.06,0.167,0.117,0.172,0.21,-0.14,1583595.29,No injected typology,0
NPI2000006836,Internal Medicine,West,210,6.87,153.78,1.11,0.127,0.009,0.064,0.738,0.001,0.53,0.73,246709.49,Impossible frequency,1
NPI2000006837,Oncology,Northeast,315,6.06,326.67,1.14,0.295,0.0,0.052,0.671,0.141,0.188,-0.23,712657.12,Impossible frequency,1
NPI2000006838,Pain Management,West,69,4.73,677.86,1.1,0.322,0.079,0.028,0.038,0.383,0.138,2.26,243927.98,No injected typology,0
NPI2000006839,Orthopedics,West,258,5.41,580.77,0.77,0.332,0.106,0.038,0.028,0.134,0.575,1.11,628170.07,No injected typology,0
NPI2000006840,Radiology,Midwest,175,4.57,450.25,1.0,0.105,0.062,0.253,0.049,0.023,0.145,0.38,359577.83,No injected typology,0
NPI2000006841,Radiology,South,355,4.18,377.91,0.99,0.248,0.029,0.209,0.011,0.031,0.171,-1.6,557374.22,No injected typology,0
NPI2000006842,Lab,West,110,6.19,415.39,1.24,0.319,0.001,0.197,0.037,0.152,0.257,-1.1,352048.6,No injected typology,0
NPI2000006843,Radiology,South,171,5.61,464.31,0.8,0.189,0.003,0.014,0.088,0.157,0.156,0.92,358100.12,No injected typology,0
NPI2000006844,Lab,West,59,5.86,488.06,0.72,0.126,0.024,0.793,0.294,0.136,0.3,6.14,121315.44,Unbundling/modifier abuse,1
NPI2000006845,Radiology,Northeast,250,7.69,447.36,0.65,0.318,0.005,0.076,0.014,0.069,0.074,0.04,556258.82,No injected typology,0
NPI2000006846,Home Health,South,310,6.63,292.15,0.86,0.116,0.064,0.075,0.059,0.092,0.137,0.63,516278.36,No injected typology,0
NPI2000006847,Radiology,South,286,5.89,736.35,0.98,0.096,0.001,0.041,0.059,0.114,0.418,-0.73,1220258.73,No injected typology,0
NPI2000006848,Oncology,South,155,7.28,179.6,1.2,0.138,0.003,0.18,0.019,0.078,0.342,-0.42,243752.25,No injected typology,0
NPI2000006849,Internal Medicine,Midwest,279,6.78,231.72,0.78,0.233,0.003,0.036,0.214,0.046,0.231,0.58,343250.47,No injected typology,0
NPI2000006850,Orthopedics,Midwest,209,6.13,496.81,0.85,0.412,0.034,0.731,0.048,0.127,0.34,4.1,542153.05,Unbundling/modifier abuse,1
NPI2000006851,Pain Management,South,93,6.17,503.95,0.86,0.114,0.161,0.286,0.018,0.103,0.268,2.41,247680.75,No injected typology,0
NPI2000006852,Home Health,South,175,6.47,908.45,0.92,0.164,0.011,0.263,0.009,0.062,0.363,-0.47,945889.75,No injected typology,0
NPI2000006853,Cardiology,Northeast,158,2.63,447.13,1.27,0.128,0.026,0.104,0.023,0.152,0.175,0.63,236128.0,No injected typology,0
NPI2000006854,DME Supplier,Midwest,254,5.8,327.97,0.96,0.059,0.007,0.15,0.119,0.34,0.222,0.77,462107.51,No injected typology,0
NPI2000006855,Orthopedics,Midwest,253,8.64,177.11,0.87,0.094,0.042,0.16,0.028,0.085,0.464,1.12,336196.51,No injected typology,0
NPI2000006856,Internal Medicine,Northeast,253,6.5,327.55,1.23,0.488,0.031,0.194,0.251,0.065,0.437,-1.11,664785.73,No injected typology,0
NPI2000006857,Cardiology,South,363,8.1,535.42,1.28,0.211,0.003,0.094,0.135,0.11,0.151,0.38,2010308.24,No injected typology,0
NPI2000006858,Oncology,Northeast,61,6.36,413.04,0.95,0.128,0.06,0.095,0.196,0.231,0.069,2.16,151827.72,No injected typology,0
NPI2000006859,Cardiology,South,456,4.35,446.81,0.88,0.236,0.019,0.027,0.012,0.111,0.465,-0.63,782789.01,No injected typology,0
NPI2000006860,Cardiology,Northeast,503,7.33,360.77,0.95,0.147,0.054,0.099,0.091,0.016,0.314,-0.74,1263640.7,No injected typology,0
NPI2000006861,Orthopedics,Midwest,264,6.88,353.82,1.15,0.079,0.028,0.215,0.087,0.018,0.128,-1.14,738290.66,No injected typology,0
NPI2000006862,Internal Medicine,Northeast,309,3.78,356.15,1.23,0.191,0.094,0.251,0.01,0.193,0.024,-0.28,510293.05,No injected typology,0
NPI2000006863,Cardiology,Midwest,352,5.57,342.66,1.25,0.623,0.043,0.065,0.027,0.069,0.305,0.84,841702.05,No injected typology,0
NPI2000006864,Lab,Midwest,152,5.49,290.23,0.78,0.252,0.047,0.233,0.007,0.189,0.201,0.86,187919.71,No injected typology,0
NPI2000006865,Orthopedics,Midwest,162,6.16,489.92,1.32,0.059,0.031,0.08,0.002,0.021,0.103,1.05,645512.95,No injected typology,0
NPI2000006866,DME Supplier,South,251,7.71,350.7,1.06,0.193,0.062,0.064,0.05,0.159,0.38,-2.72,720020.41,No injected typology,0
NPI2000006867,Pain Management,Midwest,362,3.43,271.22,1.28,0.34,0.039,0.06,0.041,0.062,0.157,1.19,431631.0,No injected typology,0
NPI2000006868,Lab,West,122,8.66,791.97,1.11,0.257,0.008,0.227,0.09,0.202,0.407,-1.08,925983.94,No injected typology,0
NPI2000006869,Radiology,Midwest,128,7.04,884.19,1.03,0.773,0.07,0.21,0.038,0.198,0.048,4.91,817357.98,Upcoding,1
NPI2000006870,Home Health,Northeast,140,5.99,670.14,1.2,0.103,0.04,0.036,0.029,0.036,0.201,1.63,674288.34,No injected typology,0
NPI2000006871,Orthopedics,Midwest,391,8.11,355.5,1.19,0.352,0.011,0.307,0.037,0.102,0.223,0.65,1339824.61,No injected typology,0
NPI2000006872,Pain Management,Midwest,150,3.81,297.71,0.99,0.334,0.013,0.143,0.042,0.149,0.511,-1.94,168912.27,No injected typology,0
NPI2000006873,Internal Medicine,Midwest,126,5.2,470.74,0.98,0.194,0.023,0.071,0.029,0.024,0.483,-0.86,301997.72,No injected typology,0
NPI2000006874,Internal Medicine,Midwest,177,6.06,214.41,1.13,0.437,0.012,0.186,0.159,0.068,0.064,-0.59,259532.66,No injected typology,0
NPI2000006875,DME Supplier,South,114,5.49,222.5,0.82,0.293,0.022,0.068,0.005,0.184,0.287,-1.87,114115.35,No injected typology,0
NPI2000006876,Lab,South,103,5.87,361.59,0.84,0.254,0.107,0.102,0.004,0.05,0.066,1.18,184480.31,No injected typology,0
NPI2000006877,Orthopedics,West,251,10.12,603.4,0.76,0.153,0.037,0.119,0.033,0.041,0.169,0.2,1160357.36,No injected typology,0
NPI2000006878,Internal Medicine,Northeast,251,6.86,342.69,1.05,0.399,0.056,0.17,0.045,0.061,0.334,-0.72,617202.81,No injected typology,0
NPI2000006879,Radiology,West,107,6.14,174.57,0.97,0.412,0.046,0.05,0.152,0.074,0.498,-1.1,110659.93,No injected typology,0
NPI2000006880,Orthopedics,Northeast,181,6.51,379.12,0.79,0.164,0.135,0.332,0.157,0.19,0.282,0.45,350966.0,No injected typology,0
NPI2000006881,Orthopedics,Midwest,249,5.92,172.13,0.96,0.047,0.02,0.138,0.02,0.314,0.168,-1.93,243649.61,No injected typology,0
NPI2000006882,Lab,South,62,6.38,222.57,0.9,0.178,0.019,0.232,0.01,0.149,0.278,0.72,79245.82,No injected typology,0
NPI2000006883,DME Supplier,Northeast,54,5.27,463.79,0.95,0.162,0.086,0.032,0.011,0.094,0.098,-0.85,125727.64,No injected typology,0
NPI2000006884,Oncology,Midwest,209,5.3,300.96,1.2,0.04,0.019,0.105,0.035,0.191,0.566,-0.63,399540.22,No injected typology,0
NPI2000006885,Oncology,Northeast,69,7.03,184.86,1.29,0.208,0.018,0.113,0.098,0.082,0.13,-0.09,115639.09,No injected typology,0
NPI2000006886,Internal Medicine,Northeast,198,7.58,337.29,1.39,0.317,0.039,0.194,0.214,0.122,0.515,0.68,703966.51,No injected typology,0
NPI2000006887,Radiology,Northeast,227,4.49,145.68,1.12,0.398,0.039,0.296,0.023,0.135,0.206,0.15,166580.58,No injected typology,0
NPI2000006888,DME Supplier,West,151,6.43,542.44,0.79,0.232,0.018,0.059,0.012,0.046,0.452,-0.09,417376.3,No injected typology,0
NPI2000006889,Internal Medicine,West,112,5.08,164.94,0.82,0.152,0.081,0.039,0.054,0.061,0.105,0.32,76924.18,No injected typology,0
NPI2000006890,Home Health,Midwest,286,5.38,314.57,0.86,0.037,0.036,0.218,0.086,0.209,0.206,-0.21,414700.24,No injected typology,0
NPI2000006891,Orthopedics,South,383,2.67,571.25,0.96,0.224,0.08,0.061,0.037,0.084,0.403,0.36,559299.49,No injected typology,0
NPI2000006892,Home Health,South,78,6.48,165.03,0.97,0.23,0.025,0.043,0.137,0.135,0.081,-1.65,81276.95,No injected typology,0
NPI2000006893,Internal Medicine,South,205,7.24,245.98,0.93,0.262,0.011,0.304,0.163,0.087,0.294,-0.07,340140.37,No injected typology,0
NPI2000006894,Internal Medicine,South,314,7.14,579.33,0.79,0.239,0.002,0.052,0.018,0.066,0.339,-0.04,1025708.77,No injected typology,0
NPI2000006895,Home Health,South,234,9.27,294.72,1.09,0.349,0.08,0.137,0.061,0.019,0.414,-0.71,695517.91,No injected typology,0
NPI2000006896,DME Supplier,South,112,8.33,512.89,0.82,0.341,0.022,0.958,0.019,0.04,0.077,3.1,393439.09,Unbundling/modifier abuse,1
NPI2000006897,Internal Medicine,West,110,9.17,212.79,1.05,0.052,0.002,0.116,0.021,0.128,0.337,0.64,226337.99,No injected typology,0
NPI2000006898,Home Health,Midwest,55,9.24,402.89,0.87,0.221,0.087,0.027,0.006,0.098,0.408,-2.37,178426.53,No injected typology,0
NPI2000006899,Home Health,West,173,5.86,686.12,1.21,1.0,0.035,0.043,0.205,0.088,0.126,3.37,843770.12,Upcoding,1
NPI2000006900,DME Supplier,South,89,7.81,317.17,0.85,0.325,0.063,0.163,0.001,0.09,0.522,-0.01,186959.79,No injected typology,0
NPI2000006901,Home Health,West,220,4.96,478.72,1.25,0.401,0.028,0.044,0.188,0.12,0.256,0.99,655119.21,No injected typology,0
NPI2000006902,Internal Medicine,West,220,7.86,174.37,0.99,0.239,0.066,0.218,0.039,0.054,0.27,1.73,298820.47,No injected typology,0
NPI2000006903,Oncology,West,157,4.74,161.45,1.2,0.219,0.074,0.028,0.022,0.027,0.181,-0.31,143971.83,No injected typology,0
NPI2000006904,Internal Medicine,South,189,2.5,1105.83,1.06,0.159,0.033,0.105,0.13,0.067,0.12,0.95,556035.7,No injected typology,0
NPI2000006905,Internal Medicine,Northeast,340,8.12,663.53,0.81,0.133,0.036,0.021,0.035,0.206,0.379,0.3,1492490.69,No injected typology,0
NPI2000006906,DME Supplier,West,141,5.17,564.77,1.14,0.366,0.037,0.068,0.029,0.547,0.2,3.31,469884.34,DME aberrancy,1
NPI2000006907,Lab,Midwest,533,6.54,354.75,0.88,0.315,0.043,0.129,0.13,0.037,0.151,1.23,1086365.43,No injected typology,0
NPI2000006908,Lab,West,237,7.27,521.8,1.18,0.084,0.087,0.552,0.609,0.168,0.139,-0.07,1061402.42,Impossible frequency,1
NPI2000006909,Pain Management,West,90,7.28,370.33,1.18,0.041,0.019,0.076,0.007,0.149,0.172,1.43,287318.16,No injected typology,0
NPI2000006910,Orthopedics,Midwest,84,6.24,362.08,0.64,0.309,0.017,0.022,0.153,0.034,0.116,-0.5,122167.25,No injected typology,0
NPI2000006911,Home Health,West,284,8.5,463.07,1.07,0.07,0.013,0.052,0.006,0.05,0.386,0.26,1192533.83,No injected typology,0
NPI2000006912,Internal Medicine,Northeast,208,4.13,216.19,1.09,0.335,0.018,0.015,0.009,0.086,0.248,-0.69,201721.55,No injected typology,0
NPI2000006913,Home Health,South,52,3.4,208.72,1.2,0.126,0.03,0.23,0.009,0.037,0.048,-0.25,44088.34,No injected typology,0
NPI2000006914,Internal Medicine,South,198,7.79,244.4,0.95,0.235,0.032,0.2,0.049,0.057,0.214,-1.59,358651.03,No injected typology,0
NPI2000006915,Internal Medicine,Midwest,489,5.12,610.05,0.85,0.295,0.019,0.184,0.026,0.095,0.315,0.65,1298368.6,No injected typology,0
NPI2000006916,DME Supplier,South,199,6.52,342.1,1.04,0.254,0.027,0.051,0.891,0.199,0.16,0.29,462851.63,Impossible frequency,1
NPI2000006917,DME Supplier,West,87,7.22,231.97,0.84,0.277,0.033,0.17,0.042,0.174,0.447,-1.03,122050.32,No injected typology,0
NPI2000006918,Orthopedics,Midwest,270,6.04,276.71,0.98,0.059,0.004,0.155,0.008,0.044,0.261,-0.01,442272.21,No injected typology,0
NPI2000006919,Cardiology,Midwest,295,6.26,115.96,0.86,0.202,0.007,0.021,0.155,0.031,0.067,0.22,183423.18,No injected typology,0
NPI2000006920,Lab,Midwest,103,5.4,443.28,1.24,0.037,0.44,0.053,0.029,0.249,0.468,0.2,305781.9,Duplicate billing,1
NPI2000006921,Home Health,South,223,6.31,547.09,1.13,0.255,0.029,0.042,0.068,0.271,0.259,-0.88,869810.72,No injected typology,0
NPI2000006922,Cardiology,West,64,5.32,433.61,0.82,0.231,0.012,0.13,0.095,0.024,0.266,1.21,120712.67,No injected typology,0
NPI2000006923,Internal Medicine,Midwest,510,4.73,305.78,0.73,0.049,0.315,0.152,0.018,0.061,0.2,-0.6,536863.7,Duplicate billing,1
NPI2000006924,Home Health,Northeast,195,8.29,529.3,1.22,0.295,0.071,0.064,0.011,0.295,0.207,-0.15,1041072.68,No injected typology,0
NPI2000006925,Oncology,Northeast,55,8.96,414.43,0.93,0.281,0.078,0.005,0.013,0.165,0.112,0.81,189474.8,No injected typology,0
NPI2000006926,Radiology,West,116,8.24,222.03,1.27,0.188,0.033,0.241,0.008,0.047,0.101,1.13,270401.02,No injected typology,0
NPI2000006927,Cardiology,West,111,5.35,412.11,1.11,0.239,0.037,0.304,0.065,0.038,0.055,-0.83,271236.58,No injected typology,0
NPI2000006928,Internal Medicine,West,78,7.47,534.95,1.23,0.182,0.052,0.019,0.015,0.105,0.289,1.78,382846.28,No injected typology,0
NPI2000006929,Home Health,Midwest,339,6.76,295.69,0.56,0.127,0.006,0.437,0.0,0.075,0.604,-0.58,381902.52,No injected typology,0
NPI2000006930,Internal Medicine,Northeast,248,5.4,293.85,0.92,0.373,0.016,0.043,0.06,0.101,0.044,0.75,360726.95,No injected typology,0
NPI2000006931,Radiology,South,204,6.21,279.97,1.0,0.323,0.038,0.12,0.084,0.12,0.361,0.33,353201.35,No injected typology,0
NPI2000006932,Internal Medicine,South,297,5.67,442.0,0.66,0.35,0.044,0.132,0.011,0.145,0.052,-2.34,492767.61,No injected typology,0
NPI2000006933,Cardiology,South,99,8.27,436.2,1.31,0.194,0.042,0.08,0.145,0.059,0.144,1.36,468693.43,No injected typology,0
NPI2000006934,Internal Medicine,Northeast,117,7.66,286.69,0.88,0.197,0.026,0.062,0.13,0.069,0.568,0.68,225990.86,No injected typology,0
NPI2000006935,Internal Medicine,West,291,5.96,502.68,0.97,0.189,0.045,0.185,0.02,0.031,0.115,0.61,842638.48,No injected typology,0
NPI2000006936,Cardiology,Midwest,245,4.78,516.23,0.84,0.378,0.002,0.035,0.118,0.231,0.399,-0.64,505626.29,No injected typology,0
NPI2000006937,Cardiology,South,190,7.96,238.4,0.82,0.143,0.009,0.06,0.045,0.292,0.189,0.34,294999.56,No injected typology,0
NPI2000006938,Radiology,South,142,6.95,615.83,0.74,0.191,0.012,0.031,0.072,0.101,0.085,0.78,449975.26,No injected typology,0
NPI2000006939,Pain Management,West,191,5.84,168.72,1.19,0.051,0.038,0.164,0.012,0.034,0.18,-0.4,224413.27,No injected typology,0
NPI2000006940,Lab,West,104,8.32,271.92,0.99,0.061,0.02,0.007,0.208,0.1,0.264,-0.22,231914.29,No injected typology,0
NPI2000006941,Orthopedics,Northeast,76,7.25,470.89,0.95,0.332,0.026,0.181,0.103,0.105,0.269,0.41,245233.56,No injected typology,0
NPI2000006942,Pain Management,Northeast,57,6.56,467.46,1.43,0.228,0.012,0.063,0.156,0.158,0.283,-0.17,250603.17,No injected typology,0
NPI2000006943,Home Health,South,226,6.01,121.65,1.13,0.203,0.026,0.252,0.143,0.195,0.07,1.25,186877.82,No injected typology,0
NPI2000006944,Pain Management,South,368,8.89,284.92,0.61,0.096,0.044,0.103,0.01,0.223,0.347,-0.26,569447.57,No injected typology,0
NPI2000006945,Orthopedics,West,128,4.82,138.98,0.95,0.328,0.061,0.044,0.577,0.065,0.419,-1.19,81589.45,Impossible frequency,1
NPI2000006946,Radiology,Northeast,290,4.41,957.92,0.91,0.209,0.015,0.06,0.069,0.07,0.48,-0.33,1110726.42,No injected typology,0
NPI2000006947,Lab,Midwest,171,5.41,276.53,1.14,0.263,0.044,0.05,0.058,0.154,0.212,1.47,291907.12,No injected typology,0
NPI2000006948,Lab,South,102,7.51,529.57,1.3,0.334,0.086,0.13,0.055,0.12,0.121,1.64,526975.88,No injected typology,0
NPI2000006949,Cardiology,Northeast,288,5.17,488.3,0.87,0.436,0.026,0.13,0.228,0.27,0.236,1.45,634263.3,No injected typology,0
NPI2000006950,Pain Management,South,133,6.05,428.2,1.42,0.241,0.052,0.398,0.05,0.062,0.54,2.34,489619.06,No injected typology,0
NPI2000006951,Pain Management,Northeast,128,5.77,492.11,1.01,0.071,0.047,0.135,0.131,0.179,0.076,-0.39,366809.33,No injected typology,0
NPI2000006952,Lab,South,161,4.74,472.7,0.95,0.337,0.013,0.041,0.096,0.191,0.567,1.74,341394.01,No injected typology,0
NPI2000006953,Cardiology,South,129,7.0,175.12,1.98,0.197,0.017,0.168,0.073,0.091,0.326,-0.52,312755.68,No injected typology,0
NPI2000006954,Cardiology,Midwest,68,4.51,627.99,1.15,0.34,0.001,0.015,0.051,0.138,0.283,-0.53,222362.98,No injected typology,0
NPI2000006955,Radiology,Northeast,101,5.48,230.63,1.05,0.332,0.006,0.041,0.015,0.188,0.124,-0.32,133801.16,No injected typology,0
NPI2000006956,Lab,West,95,6.43,561.18,0.92,0.135,0.061,0.252,0.036,0.189,0.042,0.31,316512.51,No injected typology,0
NPI2000006957,Lab,West,184,3.67,506.68,1.26,0.295,0.017,0.327,0.008,0.052,0.353,0.59,429858.19,No injected typology,0
NPI2000006958,Internal Medicine,Northeast,244,6.6,696.47,0.84,0.13,0.065,0.243,0.045,0.025,0.497,-1.84,939451.53,No injected typology,0
NPI2000006959,Pain Management,Northeast,395,7.06,152.95,1.14,0.102,0.06,0.072,0.031,0.209,0.04,-0.07,483923.82,No injected typology,0
NPI2000006960,Orthopedics,Midwest,209,6.25,262.86,1.03,0.036,0.031,0.075,0.148,0.18,0.308,-0.37,352896.93,No injected typology,0
NPI2000006961,Radiology,Midwest,69,3.63,304.59,0.94,0.231,0.035,0.042,0.19,0.046,0.384,1.49,71670.04,No injected typology,0
NPI2000006962,Pain Management,South,76,7.52,310.35,1.05,0.19,0.025,0.049,0.02,0.098,0.139,-0.49,187182.62,No injected typology,0
NPI2000006963,Cardiology,Midwest,152,4.75,183.86,1.25,0.029,0.009,0.832,0.592,0.08,0.247,3.65,165685.07,Unbundling/modifier abuse,1
NPI2000006964,Internal Medicine,South,368,7.66,229.39,0.99,0.346,0.011,0.047,0.14,0.153,0.185,0.64,637498.32,No injected typology,0
NPI2000006965,Oncology,Northeast,109,5.59,518.63,1.22,0.351,0.015,0.091,0.028,0.218,0.255,-0.13,385345.73,No injected typology,0
NPI2000006966,Lab,West,178,6.34,476.36,0.94,0.116,0.046,0.061,0.819,0.016,0.487,0.45,507391.3,Impossible frequency,1
NPI2000006967,DME Supplier,Midwest,114,8.38,175.82,0.88,0.211,0.039,0.225,0.026,0.015,0.473,0.94,147473.35,No injected typology,0
NPI2000006968,Home Health,West,201,5.28,155.13,0.8,0.344,0.017,0.031,0.134,0.216,0.071,-0.32,132431.31,No injected typology,0
NPI2000006969,DME Supplier,West,129,7.96,320.03,0.62,0.15,0.017,0.081,0.022,0.09,0.07,1.67,203720.29,No injected typology,0
NPI2000006970,Orthopedics,Midwest,247,7.19,291.96,1.35,0.245,0.012,0.07,0.128,0.273,0.326,0.05,700883.63,No injected typology,0
NPI2000006971,Cardiology,West,158,6.55,437.62,1.03,0.148,0.02,0.066,0.213,0.009,0.248,-0.68,466794.63,No injected typology,0
NPI2000006972,Pain Management,South,266,7.36,306.25,1.66,0.337,0.003,0.006,0.005,0.085,0.179,-0.74,995110.49,No injected typology,0
NPI2000006973,Cardiology,Midwest,101,6.61,249.32,0.7,0.205,0.026,0.095,0.039,0.122,0.667,-0.26,115886.76,No injected typology,0
NPI2000006974,DME Supplier,Northeast,233,5.45,308.75,1.03,0.3,0.033,0.099,0.081,0.087,0.134,-0.37,402226.08,No injected typology,0
NPI2000006975,Pain Management,Midwest,189,4.53,165.05,1.14,0.318,0.073,0.162,0.011,0.177,0.124,-0.41,160453.67,No injected typology,0
NPI2000006976,Pain Management,Northeast,218,6.94,561.28,0.82,0.017,0.004,0.121,0.022,0.146,0.318,0.75,691804.91,No injected typology,0
NPI2000006977,Internal Medicine,South,141,4.94,425.28,1.1,0.209,0.031,0.122,0.22,0.125,0.355,0.32,325350.84,No injected typology,0
NPI2000006978,Radiology,South,246,7.14,852.98,0.92,0.889,0.019,0.091,0.012,0.059,0.146,5.94,1384985.05,Upcoding,1
NPI2000006979,Radiology,South,210,5.12,562.63,1.38,0.188,0.124,0.05,0.007,0.119,0.368,1.2,836484.05,No injected typology,0
NPI2000006980,Lab,West,157,8.13,863.56,0.82,0.04,0.02,0.367,0.251,0.088,0.379,0.47,899750.59,No injected typology,0
NPI2000006981,Internal Medicine,Midwest,281,7.68,99.15,0.9,0.052,0.007,0.139,0.097,0.099,0.147,-0.17,192074.37,No injected typology,0
NPI2000006982,Pain Management,Northeast,116,7.7,529.76,0.85,0.359,0.007,0.012,0.05,0.237,0.193,2.18,402180.56,No injected typology,0
NPI2000006983,Home Health,South,448,5.0,256.81,0.83,0.347,0.051,0.1,0.016,0.118,0.197,0.23,479413.37,No injected typology,0
NPI2000006984,Radiology,Northeast,63,5.84,310.88,1.11,0.078,0.024,0.331,0.03,0.054,0.171,-0.17,126598.4,No injected typology,0
NPI2000006985,Pain Management,Northeast,180,5.39,306.11,1.4,0.041,0.027,0.21,0.055,0.068,0.223,-0.16,416914.41,No injected typology,0
NPI2000006986,Pain Management,West,266,4.68,259.68,1.03,0.162,0.014,0.117,0.046,0.11,0.068,0.29,332267.49,No injected typology,0
NPI2000006987,Oncology,Midwest,147,6.74,268.51,1.01,0.228,0.037,0.134,0.11,0.173,0.107,-0.45,269126.5,No injected typology,0
NPI2000006988,Pain Management,South,237,6.52,412.76,1.0,0.437,0.008,0.12,0.005,0.203,0.331,-0.78,635175.75,No injected typology,0
NPI2000006989,Oncology,South,130,3.19,272.01,0.75,0.267,0.012,0.137,0.156,0.044,0.105,1.84,84681.26,No injected typology,0
NPI2000006990,Pain Management,West,267,9.01,529.57,0.67,0.102,0.034,0.25,0.016,0.048,0.29,0.71,854176.51,No injected typology,0
NPI2000006991,Cardiology,Midwest,285,5.39,533.0,1.54,0.113,0.034,0.115,0.012,0.179,0.14,2.07,1255919.45,No injected typology,0
NPI2000006992,Orthopedics,West,74,6.84,250.68,1.05,0.308,0.034,0.051,0.002,0.057,0.089,0.43,133075.39,No injected typology,0
NPI2000006993,Radiology,South,59,6.09,777.22,1.09,0.15,0.043,0.037,0.027,0.054,0.358,-0.38,303383.27,No injected typology,0
NPI2000006994,Pain Management,South,167,7.32,262.48,1.45,0.241,0.052,0.064,0.047,0.081,0.198,0.4,465787.43,No injected typology,0
NPI2000006995,Radiology,South,79,5.55,393.74,0.96,0.366,0.054,0.023,0.058,0.033,0.635,0.29,165395.03,No injected typology,0
NPI2000006996,Radiology,Midwest,184,5.81,251.79,0.9,0.248,0.047,0.034,0.024,0.099,0.258,-0.83,242219.38,No injected typology,0
NPI2000006997,DME Supplier,South,229,3.71,558.16,0.98,0.411,0.017,0.024,0.077,0.119,0.181,1.18,465807.36,No injected typology,0
NPI2000006998,Radiology,Midwest,64,7.98,398.88,1.48,0.013,0.039,0.013,0.009,0.145,0.732,0.5,301524.29,No injected typology,0
NPI2000006999,Cardiology,Northeast,183,5.32,297.31,1.43,0.061,0.017,0.254,0.013,0.119,0.415,-0.82,415220.5,No injected typology,0
